newspaper,date,headline,text,gabriel_econ_sentiment,EPU,state_flag,state_codes,source_file,stories_per_day,vader_sentiment,textblob_sentiment,finbert_sentiment
BSD,20/03/2026,Indices see worst fall in 21 mths as crude shock triggers selloff,"Indian equities plunged alongside global peers on Thursday, with benchmark indices posting their steepest falls in nearly two years, as a renewed surge in oil prices fuelled fears that the escalating Iran war could stoke inflation and undermine economic growth.
The BSE Sensex ended the session at 74,207, down 2,497 points, or 3.3 per cent. The Nifty closed at 23,002, a decline of 776 points, or 3.3 per cent. Both indices recorded their worst fall since June 4, 2024. The market capitalisation (mcap) of BSE-listed firms declined by ~13 trillion to ~426.1 trillion.
All sectoral indices on the National Stock Exchange (NSE) closed in the red, with losses ranging between 1.4 per cent (Nifty Energy) and 4.25 per cent (Nifty Auto). The Nifty 100, Nifty 500, Nifty Midcap 50, and Nifty Midcap 100 indices reported declines of more than 3 per cent each, and Nifty Smallcap index fell 2.9 per cent. Since the start of the war, the Sensex is down 8.7 per cent and the Nifty 8.6 per cent.
The total mcap of BSE-listed firms has fallen by ~37.4 trillion during this period.
The selloff on Thursday came as crude oil prices surged in the wake of attacks on some of West Asia’s most important energy facilities. Brent crude was trading at $108.5 per barrel (as of 9 pm IST) on Thursday, having earlier hit an intraday high of $119. Since the breakout of the war, crude oil prices have risen by 49 per cent.
Saudi Arabia on Thursday reported that a drone struck its Samref refinery on the Red Sea, following an earlier Israeli strike on the South Pars gas field, which Iran shares with Qatar. Higher oil prices tend to push up inflation in India and hurt economic growth, as the country imports most of its crude oil requirements.
“The conflict has increasingly taken the shape of energy warfare, with attacks on critical infrastructure by both sides driving a sharp spike in crude oil prices and rattling investor confidence. Going ahead, markets appear to be in a phase of heightened fragility, where sentiment is being driven by rapidly evolving geopolitical developments and a sharp rise in crude prices,” said Siddhartha Khemka, head of research, wealth management, Motilal Oswal Financial Services.
“Given the intensifying tensions around energy infrastructure in West Asia, we remain cautious on the market in the near term and expect volatility to persist.”
The India Vix, a gauge of market volatility, rose 22 per cent to 22.8 points. HDFC Bank, which declined 5.1 per cent, was the biggest drag on the Sensex. The private lender’s stock posted its worst fall since June 4, 2024, after its chairman resigned citing ethical differences.
Going ahead, the 23,170-23,200 zone is expected to act as immediate resistance for the Nifty 50. “As long as the Nifty 50 continues to trade below 23,200, downside pressure is likely to persist. In such a scenario, the index may drift towards 22,850, followed by the 22,700 level, in the short term,” said Sudeep Shah, head (technical and derivatives research) at SBI Securities.
Market breadth was weak on Thursday, with 3,359 stocks declining and 913 advancing. Foreign portfolio investors were net sellers to the tune of ~7,558 crore, while domestic institutional investors were net buyers of ~3,864 crore worth of stocks.",25,0,0,NA,BS_Delhi_20-03-2026.pdf,55,1.0,46.2,1.3
BSD,20/03/2026,Oil surges to $108 per barrel; India denounces strikes,"Crude oil prices jumped to $119 a barrel on Thursday, close to the three-and-a-half-year peak hit on March 9, after Israel’s strikes on Iran’s South Pars gas field — its largest source of domestic energy — prompted retaliatory attacks by Tehran on key energy facilities across the Gulf.
Israel’s latest strike marked a significant escalation in the war, stoking concerns about prolonged disruption to global energy supplies. Iran retaliated by targeting Qatar’s Ras Laffan gas facility, along with oil refineries and gas infrastructure across Saudi Arabia, Kuwait and the United Arab Emirates (UAE).
Brent crude, which was around $74 a barrel before the conflict, was trading at $108.5 a barrel at 9 pm India Standard Time (IST) on Thursday.
Despite the sharp rise in global prices, India’s oil marketing companies (OMCs) have so far kept retail fuel prices unchanged.
India on Thursday said such strikes were “unacceptable and need to cease”. The attacks were “deeply disturbing” and served only to further destabilise an already uncertain global energy situation, External Affairs Ministry spokesperson Randhir Jaiswal said. Prime Minister Narendra Modi also spoke to leaders of Oman, Jordan, France and Malaysia, stressing the urgency of restoring peace in the volatile region.
Sujata Sharma, joint secretary in the Ministry of Petroleum and Natural Gas (MoPNG), said India’s top priority remained ensuring fuel availability for domestic consumers. The government will review its export policy based on the evolving situation, she added.
India exports refined petroleum products to Europe and neighbouring countries like Bangladesh and Bhutan. Unlike China, India has not halted exports so far, even as securing energy supplies has remained a challenge.
The government has mandated oil and gas companies operating in the country to share details of production, imports, exports, stock levels and consumption patterns. The data, to be submitted to the Petroleum Planning and Analysis Cell (PPAC), will help the government collect, compile and analyse information to monitor the petroleum and natural gas supply chain more effectively, according to a gazette notification.
The West Asia conflict has triggered an energy crunch for India, which depends heavily on imports from the region. The closure of the Strait of Hormuz has effectively choked supplies from the Gulf, which accounts for around 90 per cent of India’s liquefied petroleum gas (LPG) imports, 40 per cent of its crude oil imports, and about 50 per cent of its liquefied natural gas (LNG) imports.
Given its heavy reliance on West Asia for LPG, India is facing an acute shortage of cooking gas, even as diversification has helped it secure crude oil and LNG supplies to some extent. India has stepped up LPG purchases from the US, with 13 tankers carrying around 350,000 tonnes of LPG currently headed to the country, according to data from maritime intelligence firm Kpler.
Of these, four tankers carrying a combined 91,183 tonnes are expected to arrive next week. Another four vessels, with 93,180 tonnes, are likely to reach in early April. The remaining five, carrying about 166,000 tonnes, could arrive between mid and late April.
For the first time, India has also booked an LPG cargo from Argentina, with a shipment of 19,486 tonnes expected to arrive by end-March.
Meanwhile, LPG supplies from West Asia have fallen sharply due to the conflict. Only 11 tankers, carrying 192,734 tonnes, are currently headed from the region to India, and most of these cargoes had sailed before the fighting began.
Of the India-bound vessels held up around the Strait of Hormuz, two LPG tankers and one crude oil cargo have safely transited the narrow route and reached Indian shores, according to government officials.",30,0,0,NA,BS_Delhi_20-03-2026.pdf,55,24.4,50.5,19.5
BSD,20/03/2026,HDFC Bank firefights after chairman’s abrupt exit,"The dark clouds that had gathered over India’s largest private lender, HDFC Bank, on late Wednesday as its part-time chairman Atanu Chakraborty resigned with immediate effect citing ‘ethics’, had blown over by Thursday noon with the Reserve Bank of India (RBI) coming out strongly in its support to stress there were no governance or conduct issues at the bank.
Chakraborty, a former bureaucrat who had sought to be relieved from his post immediately, had attributed the decision to certain happenings and practices within the bank over the last two years and those were not in congruence with his personal “values and ethics”.
Following his decision, four HDFC Bank board members met RBI officials, including two deputy governors, on Wednesday, seeking its nod to appoint board member Keki Mistry as interim part time chairman. The regulator quickly approved.
HDFC Bank began firefighting even before the stock markets opened with an early investor call addressed by six of its 12 current board members, including Mistry and MD & CEO Sashidhar Jagdishan.
“I would not have taken on this responsibility at the age of 71 if it did not align with my principles and the level of integrity I expect from the bank,” Mistry told analysts.
He categorically stated there are no material issues or operational concerns at the bank, and none of the board members are aware of the issue that led to Chakraborty’s resignation. Mistry said there could be difference of opinion on minor issues but emphasised “there was no power struggle in the bank”.
Jagdishan said the board tried to persuade Chakraborty to refrain from going ahead with his decision.
“As the meeting was going on, as these developments were unravelling… where despite every board member trying to persuade the past part-time chairman to take back his resignation or sort of elaborate on any of the concerns that he may have, which would have been addressed as they were in the past, or take back some of the language that was there in that letter,” Jagdishan said in a call with media later in the day.
HDFC Bank’s market capitalisation, second only to Reliance Industries, fell ~66,433 crore to ~12.31 trillion on Thursday.
The bank’s stock had opened around 5 per cent lower from its previous close, had crashed 8.42 per cent to ~772 intra-day basis on the BSE, cut some losses during the day as clarity emerged that the part time chairman’s exit was not linked to governance issues, before ending up at ~799.70, 5.13 per cent lower.
The broader indices plunged 3.26 per cent – most in close to two years – owing to surging crude oil prices amid a raging war in West Asia.
Sources in the bank said there was some relationship issue between the bank management and the earlier chairman leading to the former’s decision to make a sudden exit.
“Yesterday, during the bank’s board meeting, many of the directors asked him (Chakraborty) if there is a governance issue but he said there is none,” said a source.
“Basis our periodical assessment, there are no material concerns on record as regards its conduct or governance,” the RBI said in a statement at around 11 am Thursday. The bank remains well-capitalised and its financial position remains satisfactory with sufficient liquidity, it noted.
The RBI also said HDFC Bank is a Domestic Systemically Important Bank (D-SIB) with sound financials, a professionally run board and competent management team, adding it will continue to engage with the Board and management on the way forward.
Meanwhile, in New Delhi, Department of Financial Services Secretary M Nagaraju also quelled concerns and said: “HDFC Bank is a strong institution with strong fundamentals.”
Analysts noted that HDFC Bank has seen the exit of senior officials post the merger with HDFC.
“Exits at HDFCB have accelerated post the HDFC Ltd merger, creating a visible credible leadership gap, with Chairman Atanu Chakraborty’s resignation over relationship issues with the management now raising concerns even in the board,” broking firm Emkay’s analysts said in a report.
“Though the management and the board assured of no governance, operational, regulatory, or power struggles, we believe the bank must curb management exits and rebuild leadership strength either internally or externally,” they said.
Meanwhile, Kaizad Bharucha, Deputy MD at HDFC Bank, who looks at the entire asset side of the bank’s balance sheet, is set to get more responsibilities.
In a call with analysts on Thursday, Sashidhar Jagdishan, MD & CEO, HDFC Bank, said, “As we move forward, we will sort of re-examine our organization structure, and with the consent and advice of the board, we will announce it at the appropriate time.”
“Kaizad is a very dear colleague, and I have the highest regard and respect for him. He handles the entire asset business of the balance sheet, which reflects the kind of respect and stature that he commands within the organization, both at the board level and at the management level as well. So that will continue. In fact, he will only get more responsibilities as we move forward,” he said.",45,0,0,NA,BS_Delhi_20-03-2026.pdf,55,96.9,55.9,4.6
BSD,20/03/2026,Eli Lilly not playing the discounts game for GLP-1,"Eli Lilly and Company is signalling a divergence from a price-led playbook, positioning its therapy Tirzepatide as clinically superior, instead of matching the deep discounts anticipated from generic rivals.
The decision comes as India is expected to witness a wave of low-cost generics trickle into the GLP-1 therapy market, as the patent for semaglutide expires today. The expiry is expected to intensify competition in the country’s growing diabetes and obesity market.
“Tirzepatide’s differentiation lies in its dual mechanism targeting both GIP and GLP-1 receptors compared to semaglutide’s single-pathway GLP-1 action,” said Winselow Tucker, president and general manager, Lilly India. This has translated into stronger clinical outcomes, particularly in weight reduction, which the company is leveraging as a key competitive advantage, he added.
Clinical data cited by the company showed that patients on Tirzepatide achieved average weight loss of over 20.2 per cent, compared with around 13-14 per cent for semaglutide, reinforcing Lilly’s outcomes-driven positioning in an increasingly crowded market.
The strategy reflects a broader shift underway across the GLP-1 landscape. As first-generation therapies lose exclusivity, innovation cycles are accelerating toward multi-target drugs and more potent incretin-based treatments rather than price competition alone. Lilly is advancing this playbook with a growing pipeline. Its late-stage portfolio includes oral GLP-1 candidate orforglipron and experimental tri-agonist retatrutide, both aimed at improving efficacy and convenience in long-term weight management.
Orforglipron, a non-peptide oral therapy, has been submitted to regulators in more than 40 countries, with a US decision expected in 2026. The company said it plans to bring such innovations to India, subject to regulatory approvals.
Beyond commercial strategy, Lilly is also strengthening India’s role in its global innovation ecosystem. Its Hyderabad technology and innovation centre is focused on AI, automation and data science, while its Bengaluru site supports clinical trials, drug development and digital transformation.
India is also increasingly being leveraged for late-stage clinical studies, supported by its diverse patient pool. The company has committed over $1 billion to expand its global contract manufacturing network in the country over the coming years.
While cardiometabolic therapies remain central, Lilly is preparing to expand into other high-burden areas. A key milestone is the potential launch of donanemab for early Alzheimer’s disease, subject to regulatory approvals. With an estimated 8.8 million people living with dementia in India and numbers expected to double by 2036, the company said it is working to support early diagnosis and ecosystem readiness.
The rollout of semaglutide generics is set to broaden the market significantly, with more than a dozen drugmakers including Sun Pharmaceutical, Zydus Lifesciences, Alkem Laboratories and Dr. Reddy’s Laboratories preparing to launch competing versions.
As the patent expires today, the branded formulations market could see the emergence of an additional ~1,000-2,000 crore opportunity. More affordable alternatives are also expected to accelerate the uptake of GLP-1 therapies, particularly among patients with diabetes.
The opportunity is underpinned by India’s expanding patient pool. National Family Health Survey data suggested that nearly one in four Indians aged 15-49 years is overweight or obese, while the Indian Council of Medical Research’s INDIAB study estimates that over 101 million people are living with diabetes.",55,0,0,NA,BS_Delhi_20-03-2026.pdf,55,99.3,54.3,93.5
BSD,20/03/2026,Cos eye alternatives after CDSCO bans weight-loss drug ads,"Pharma industry executives say companies may pivot to alternative outreach strategies for doctors after the Central Drugs Standard Control Organisation (CDSCO) asked firms to refrain from advertising semaglutide-based weight-loss drugs.
This comes at a time when more than 50 generic brands are expected to hit Indian markets as the patent protection for semaglutide-based glucagon-like peptide-1 (GLP-1) agonists expires on Friday.
GLP-1 agonists are a class of medicines that help regulate blood sugar, increase fullness (satiety), and slow stomach emptying, leading to weight loss and improved glucose control in patients with type-2 diabetes and obesity.
“The CDSCO has banned all advertisements related to semaglutide or any GLP-1 drugs. Therefore, companies will have to adopt alternative methods to build awareness and educate stakeholders about these medications,” an executive with a Delhi-based pharma company told Business Standard.
Sukhvinder Singh Saggu, director for minimal access, gastrointestinal (GI) and bariatric surgery at Delhi’s CK Birla Hospital, said that one approach will be organising conferences and continuing medical education (CME) programmes for doctors, along with improving patient support drives to influence prescriptions.
However, market watchers say the move came just weeks before the patent expiry. “Doctor-promotion and intimation of launch must have happened more than a month back,” said Sheetal Sapale, vice president (commercial) at Pharmarack.
New launches in the injectable GLP-1 agonist segment, including tirzepatide and semaglutide, have seen a 177 per cent rise in sales in the last one year on a moving annual turnover (MAT) basis — from ~571 crore in February 2025 to ~1,446 crore in February 2026.
Developed by Danish drugmaker Novo Nordisk, semaglutide is currently available in India as Ozempic, Wegovy, and Rybelsus. However, with the molecule losing patent protection, several Indian companies have begun aggressive promotion.
Jitendra Chouksey, founder and chief executive officer (CEO) at online fitness platform Fittr, said that despite the ban, there are still companies, influencers, and doctors running advertisements and promoting GLP-1 drugs without any consequences.
“Before the launch of an innovator molecule, multinational corporations (MNCs) typically spend more than half a year on scientific education of speciality and super-speciality doctors about the disease, patient profiling, and education,” a pharma analyst added.",50,0,0,NA,BS_Delhi_20-03-2026.pdf,55,95.8,53.1,18.2
BSD,20/03/2026,‘Cybersecurity needs more than human intervention in AI age’,"The arrival of artificial intelligence (AI) in the threat landscape has resulted in cutting down the time for a high-damage ransomware to be launched within a couple of days from the earlier timeframe of a week or 10 days, said Nicole Quinn, the vice-president for policy and government affairs in the Japan and Asia Pacific region at Palo Alto Networks.
This shortened timeline has, in turn, meant that ensuring cybersecurity for all companies — especially startups and small and medium enterprises (SME) — can no longer be achieved solely through human intervention, she said.
“Traditionally, cybersecurity has always been bolted on as an afterthought. With AI now in the picture, startups and SMEs have to think of cybersecurity from the start,” Quinn said, adding that most startups and SMEs often just focus on the product while losing focus on the environment, or ecosystem they operate in.
In countries such as India, where the scale of operations for most companies is larger than in other regions and geographies, AI needs to be deployed at an equal scale to ensure deep-rooted protection, she said.
Palo Alto Networks, among the world’s largest pure-play cybersecurity companies, believes India will need to strike a fine balance between fostering AI innovation and protecting individuals' safety.
“I think a lot of it can be done by setting frameworks and guardrails. In cybersecurity, there is an element of recognising companies and organisations that do the right thing. But there should be a set of standards and frameworks that every company should be measured against,” Quinn said.
These guardrails, despite companies following best cybersecurity practices, ensure the users’ trust in innovation and assures safety, she said.
Countries worldwide also need to agree on a common minimum set of cybersecurity safety standards, despite individual nuances with respect to language and cultural differences, Quinn said.
“Fundamentally, we are all trying to do the same thing, which is to secure enterprises, citizens and our economic future. Though investment in cybersecurity can sometimes be challenging, companies need the regulatory stick to ensure that there is money being put to ensure safety,” she said.",55,0,0,NA,BS_Delhi_20-03-2026.pdf,55,99.5,53.6,21.4
BSD,20/03/2026,"Škoda Auto India keeps foot on the pedal, targets 10-12% growth","Škoda Auto India expects to grow its volume sales by 10–12 per cent in 2026, outpacing the broader passenger vehicle (PV) market despite a high base created by its record performance last year, its Brand Director Ashish Gupta told Business Standard on Thursday.
The outlook comes even as the ongoing conflict in West Asia is impacting supply chains and demand sentiment. “So far, our production is not affected. But every day the situation prolongs, it does bring risks in terms of shipments getting delayed,” Gupta said, adding that rising crude oil prices could also weigh on consumer sentiment.
He flagged energy availability and logistics disruptions as key concerns if the crisis continues, observing that costs could rise if components need to be airlifted instead of shipped.
The automobile (auto) company had a record year in 2025, with sales more than doubling to 72,665 units from 35,166 units in 2024, driven largely by strong demand for the Kylaq sub-4-metre sport utility vehicle (SUV). Gupta acknowledged that such sharp growth would be difficult to sustain. “Last year was a blockbuster year for us with about 100 per cent growth… I know that that kind of growth is not possible to maintain,” he said, while reiterating the company’s aim to stay ahead of industry growth.
For the broader industry, Gupta expects more moderate expansion in 2026. PV sales in India touched about 4.55 million units in 2025, and early indicators for 2026 remain strong, with January and February registering nearly 10 per cent year-on-year growth. However, he expects the pace to normalise as the year progresses. “On a very high base of 2025, 4–5 per cent growth is what I expect the industry to end up with this year,” he said, cautioning that geopolitical uncertainties could alter the outlook.
On the proposed India–European Union free trade agreement (FTA), Gupta said the benefits for carmakers would be gradual and limited in terms of volumes. Duty reductions would be spread over five years and apply only to vehicles above a minimum cost, insurance, and freight value of €15,000, which translates into ~16–18 lakh. “Beyond that price point, the Indian market anyway starts thinning out in terms of volume,” he said, adding that while premium car sales could rise from current levels, they are unlikely to see exponential growth.
He also emphasised that the FTA should be seen as a two-way opportunity. While it could allow automakers to bring in global models, it may also make exports from India to Europe more viable over time as regulatory standards converge. “It is a two-way trade that will help both economies,” Gupta said, though he added that the company is yet to undertake a detailed analysis of export feasibility to Europe.
Currently, Škoda Auto India exports completely knocked-down kits to Vietnam for local assembly and also ships vehicles to markets in West Asia. The company is exploring further opportunities in neighbouring South Asian Association for Regional Cooperation countries such as Nepal and Sri Lanka, he said.
Škoda Auto India unveiled the facelifted Kushaq in January, marking the SUV’s first major mid-cycle update since its debut. The model sits in the midsize (C-segment) SUV category in India and competes with rivals such as the Hyundai Creta, Kia Seltos, and Volkswagen Taigun in a highly competitive segment.
Škoda is continuing to expand its retail footprint in India. It increased its network from 240 touchpoints across 140–145 cities at the start of 2025 to 325 touchpoints in 183 cities by year-end, covering 82–83 per cent of the market. In 2026, it plans to extend its presence to 200 cities with about 350 touchpoints, targeting incremental reach in smaller markets.
On February 28, Israel and the US carried out military strikes on Iran, triggering a wider conflict in West Asia. Iran responded with missile and drone attacks. The conflict has disrupted key shipping routes, forced the closure of a large chunk of regional airspace, raised oil prices, and created risks for global trade and supply chains.",65,0,0,NA,BS_Delhi_20-03-2026.pdf,55,98.8,51.4,94.4
BSD,20/03/2026,MobiKwik to double down on payment devices biz,"Fintech firm MobiKwik is eyeing monetisation from merchant payment acceptance devices as the company plans to double down on deployment of soundboxes and electronic data capture (EDC) machines this year, a senior company executive said.
The Gurugram-based company plans to scale up the category in 2026, targeting an initial contribution of about 10 per cent to its top line, Mobikwik Cofounder and Chief Financial Officer Upasana Taku told Business Standard.
“We have a focused approach in terms of geographies and the quality of merchants and the sectors that we want to acquire. We can either deploy a soundbox or an EDC machine there, both of which are profit-and-margin-driving products. We can make a good rental income there,” she said.
She explained that eventually the focus on servicing high quality merchants beyond India’s Tier-I sector would open opportunities for cross-selling financial services such as merchant loans. MobiKwik has a base of more than 186.6 million registered users and over 4.79 million merchants.
“Most of this year, we will go and build out. And in that build out, the cost will be there, the GMV (gross merchandise value) will go up, the revenue will follow. Eventually, this business will break even over a period of time,” she said.
Taku explained that a soundbox yields a rental income over two years, whereas an EDC machine does so over a three-year period.
She explained that part of the company’s initial public offering (IPO) proceeds would be utilised to fund this business as the company plans to scale it up.
“We had already raised ~70 crore in our IPO for this business. Out of which, only about ~8-9 crore has been utilised. We will utilise the balance amount,” she said, adding that it was a cost-intensive business that requires a team of feet-on-street staff.
MobiKwik was listed on the stock exchanges in December 2024.
The focus on offline merchant acquiring comes at a time when the market is dominated by players such as PhonePe and Paytm. Taku explained that towns in India’s Tier-III presented a window of opportunity to grow the business despite the dominance of incumbents.
“We will not go as a third device (for a merchant). But, one thing one should understand is anyone who has two (acceptance devices), may also have dissatisfaction from time to time. This can either be with the device or with the relationship manager, and merchants look for replacements,” she said.
The company had posted a consolidated net profit of ₹4.04 crore in the third quarter of financial year 2025-26 (Q3FY26), after it had reported a wider net loss of ₹53.18 crore in Q3FY25. MobiKwik’s revenue from operations grew 7.22 per cent to ₹288.94 crore in Q3FY26, compared with ₹269.47 crore in Q3FY25. On a quarter-on-quarter basis, revenue rose 6.93 per cent from ₹270.21 crore in Q2FY26.",60,0,0,NA,BS_Delhi_20-03-2026.pdf,55,88.6,53.5,84.2
BSD,20/03/2026,Qcom boom reshapes packaged food mkt,"India’s packaged food and beverages market is entering a new phase of growth, projected to expand to over $150 billion from about $100 billion by 2030, according to consulting firm Redseer’s latest report, “Reinventing Packaged F&B with Quick Commerce.”
Within this evolving landscape, the quick commerce (qcom) channel alone is expected to scale from $4 billion today to more than $25 billion in gross merchandise value (GMV) by 2030, driven by rising demand for speed, convenience, and high-frequency consumption.
“Qcom is emerging as a structural force in the packaged food and beverages market, driven by its ability to capture demand at the point of intent,” said Mrigank Gutgutia, partner, Redseer Strategy Consultants. “What was once seen primarily as a distribution channel is now starting to shape category strategy, innovation priorities, and investment decisions across the ecosystem. For brands, operators, and investors, this marks a fundamental shift in how growth will increasingly be built and realised.”
Qcom has moved well beyond being a last-minute fulfilment channel. With over 50 million monthly users across over 250 cities, it is beginning to influence everyday purchase behaviour. Its share in the packaged food and beverage (F&B) market is expected to rise from about 4 per cent today to nearly 15-20 per cent by 2030, growing significantly faster than other formats and steadily taking share from them.
Consumers are becoming more deliberate in their food choices, with younger cohorts driving demand for higher-protein and cleaner-label products.",75,0,0,NA,BS_Delhi_20-03-2026.pdf,55,95.4,58.1,95.5
BSD,20/03/2026,Aditya Khaitan resigns from Kilburn Engineering board,"Aditya Khaitan, a member of the promoter family of Kilburn Engineering, has stepped down from the company’s board, it said on Thursday. The move follows the resignation of Amritanshu Khaitan from the board of group firm McLeod Russel, the tea producer.
Aditya Khaitan had resigned as non-executive director due to other commitments with effect from March 19, Kilburn said in a regulatory filing.
Khaitan’s resignation letter mentioned that he was resigning as a non-executive director of Kilburn Engineering with immediate effect in order to devote more time to his other endeavours.
The younger son of Brij Mohan Khaitan and Amritanshu’s uncle is the chairman and managing director of the country’s largest bulk tea producer.
The back-to-back boardroom changes at the two companies — McLeod and Kilburn — signal a demarcation of operational control and governance within the promoter group.",45,0,0,NA,BS_Delhi_20-03-2026.pdf,55,23.7,48.4,13.9
BSD,20/03/2026,Govt launches ~497 crore scheme to aid exporters,"The government on Thursday unveiled a scheme, Resilience & Logistics Intervention for Export Facilitation (RELIEF), worth ~497 crore to assuage some of the challenges related to “extraordinary freight escalation, heightened insurance premia and war-related export risks” that Indian exporters have been grappling with due to the West Asia war.
The commerce and industry ministry called the scheme “time-bound and targeted intervention” and launched it under the Export Promotion Mission (EPM).
Escalating security concerns around the Strait of Hormuz due to the United States-Israel war with Iran have led to vessel diversions, longer sailing routes, congestion at transshipment hubs and emergency conflict-linked surcharges. This has not only resulted in higher logistics costs but has also created operational uncertainty for export consignments moving to or through the region.
“Our exporters who have been exporting to the Middle East (West Asia) are facing certain challenges. There have been instances where their exports, which were meant for some of the countries in the Middle East, have not been able to reach their destinations. Their future exports are also getting impacted. There is a sense of worry among the exporters,” commerce secretary Rajesh Agrawal told reporters in a briefing.
Cargo accumulation at ports and airports with perishable shipments has been affected the most. Ministry of Micro, Small and Medium Enterprises (MSME) exporters have been hit the hardest – with payment delays, working capital stress and limited ability to pass on cost increases.
Lav Agarwal, director general of foreign trade (DGFT), said that the calibrated support package was needed to stabilise export flows and protect India’s market share during this crisis. Shipping lines and insurers have introduced additional war-risk premiums, and emergency conflict surcharges. For instance, during the Red Sea crisis in FY24, freight rates on key routes rose nearly 90-100 per cent within a short period, he said.
“Through RELIEF, the government aims to mitigate the immediate impact of logistics disruptions, protect exporter confidence, prevent order cancellations and safeguard employment in export-linked sectors. The intervention also reinforces India’s commitment to maintaining resilience and competitive-ness in global trade during periods of uncertainty,” the official statement said.
The scheme will be implemented by state-owned export credit agency ECGC Ltd, which will handle verification, claim, settlement and disbursement.
Exports to or via countries such as the United Arab Emirates (UAE), Qatar, Oman, Bahrain, Kuwait, Israel, Iraq, Iran, Yemen are covered.
The RELIEF scheme is a three-component package for — the already insured exporters, upcoming exports to the Gulf region and non-ECGC MSME exporters.
Exporters who have already obtained ECGC credit insurance cover for eligible consignments will benefit from up to 100 per cent risk coverage, over and above the existing ECGC cover, during the eligible period — February 14, 2026 to March 15, 2026 — thereby ensuring enhanced protection without additional financial burden. The estimated support from the government will be ~56 crore.
In case of exporters planning future consignments, during the next three months — from March 16, 2026 to June 15, 2026 — they will be encouraged to obtain ECGC cover with government support for up to 95 per cent risk coverage, over and above the existing ECGC cover. This will help sustain exporter confidence and facilitate continued shipment flows despite logistics uncertainties. The estimated support will be ~159 crore.
In case of MSME exporters that may not have availed credit insurance from February 14, 2026 till March 15, 2026, but are facing extraordinary freight and insurance surcharge burdens, the scheme includes a partial reimbursement of up to 50 per cent. The estimated support will be ~282 crore. “This support will be extended subject to prescribed conditions, documentary verification and notified ceilings (up to ~50 lakh per exporter), and is intended to provide timely relief against conflict-related logistics cost escalation,” the statement said.",55,0,0,NA,BS_Delhi_20-03-2026.pdf,55,99.8,53.4,78.9
BSD,20/03/2026,ICAI working with NFRA to identify probe overlaps,"The Institute of Chartered Accountants of India (ICAI) is working with the National Financial Reporting Authority (NFRA) to identify overlapping cases between the two bodies and ensure there are no redundancies, according to sources.
The idea behind the exercise is to promote better coordination between the two bodies. Sources said ICAI is expected to stop its investigations in matters where NFRA had also started a probe.
Some of the cases that the ICAI is looking into include Gensol, Bluesmart, and IndusInd. These cases are also being probed by the NFRA.
The ICAI and NFRA have often been at loggerheads in the past, with the former calling for a pause in the revision process of audit standards to allow for a comprehensive review.
This was after NFRA had brought out revised Standards on Auditing 600 (SA) for public consultations to address what it had found to be “the severely deficient quality and serious lack of due diligence” in Group Audits in India.
The ICAI, however, felt that given the complexities of the Indian market, the revised standards will concentrate audit work in the hands of a few big firms.
Sources in the ICAI said that the unique regulatory architecture and professional environment in India require a careful consideration of domestic needs before transplanting overseas standards.
ICAI’s Financial Reporting Review Board (FRRB) had in April 2025 decided to review the financial statements and the statutory auditor’s report of Gensol Engineering Ltd and BluSmart Mobility Pvt Ltd for the financial year 2023-24 (FY24) on a suo motu basis.
The Securities and Exchange Board of India (Sebi) had referred the same matter to the NFRA for further inspection.
In case of IndusInd, the NFRA had launched a probe after receiving a complaint against accounting lapses in the bank through the Centralised Public Grievance Redress and Monitoring System (CPGRAMS).
The case has also been on ICAI’s radar, but no final recommendation has been made yet.
In February, ICAI President Prasanna Kumar D had said that they had formed a special team to review the top 10-15 public interest cases, including Gensol Engineering and IndusInd Bank.",50,0,0,NA,BS_Delhi_20-03-2026.pdf,55,87.5,49.3,50.0
BSD,20/03/2026,Govt approves food processing projects worth over ~200 crore,"The Uttar Pradesh (UP) government has cleared 14 food processing projects, worth over ₹200 crore, to link the agricultural sector directly with the market. The approved private projects span farm segments, including vegetables, horticulture, dairy and poultry.
The state will develop these projects in major industrial and commercial hubs, such as Varanasi, Meerut, Kanpur, Lucknow, Lakhimpur Kheri, Bareilly, Ayodhya and Rampur.
UP Deputy Chief Minister Keshav Prasad Maurya said food processing holds immense potential to augment farm income and generate large-scale employment opportunities. He directed officials to create awareness about subsidies provided under the Uttar Pradesh Food Processing Industry Policy 2023 so that more enterprises could be established.
Meanwhile, consumer foods company Apis India Limited is looking to set up a greenfield food processing unit in Western Uttar Pradesh. Its managing director, Amit Anand, said the company, which procures almost 4,000 tonnes of honey from the state, was aiming to double its procurement within the next three years. He added that UP’s industrial policy was among the most progressive in India.
The government is promoting food processing so that farmers receive better prices with an enriched agricultural value chain. The state has received proposals for production of namkeens and sweets, culinary herbs, milk powder, desi ghee, paneer, whey powder, ready-to-cook products (pre-mix dalia and khichdi), poultry feed, and other products, besides processing of frozen vegetable and spices.",65,0,1,UP,BS_Delhi_20-03-2026.pdf,55,97.5,55.2,50.0
BSD,20/03/2026,Discoms get loan interest relief,"Two financing agencies of the central government have provided “significant relief” to power distribution corporations (discoms) of Jaipur, Jodhpur and Ajmer by lowering interest rates on loans, said an officer of the Rajasthan energy department.
The Power Finance Corporation (PFC) and Rural Electrification Corporation (REC) lowered rates after Chief Minister Bhajan Lal Sharma met Union Power Minister Manohar Lal Khattar in New Delhi recently. “It will result in reducing the debt burden of the distribution corporations,” said the Rajasthan officer. “The savings generated can be used for the expansion, strengthening and operation of power infrastructure.”
The loss-making discoms of the three cities have a combined debt burden of around Rs 98,000 crore. They had to pay more than Rs 7,800 crore in interest payments in FY26, up until January. Interest rate relief will have a “positive impact” on their balance sheets, said the officer.
PFC and REC, which fund capital expenditure for power infrastructure, account for around 75 per cent of the total debt owed by the three discoms. PFC has approved a special interest rate of 9.60 per cent for Jaipur discom — a reduction of up to 1.40 per cent — on long-term capital loans that previously carried an interest rate of more than 11 per cent. For Jodhpur and Ajmer discoms, the rate has been fixed at 10.50 per cent.
REC will provide a special interest rate of 9.60 per cent to the three discoms on medium-term loans — a reduction of up to 1.40 per cent. Furthermore, REC has extended concessions to the Jaipur discom on capital loans that previously carried interest rates of more than 11 per cent, reducing the term to 9.60 per cent.",60,0,1,RJ,BS_Delhi_20-03-2026.pdf,55,98.2,59.1,17.4
BSD,20/03/2026,"WTO ministerial meet set to focus on reforms, ecom","The World Trade Organisation’s (WTO’s) upcoming 14th ministerial conference (MC14) is set to see intense discussions on key issues, including reforms, e-commerce, fisheries subsidies and the long-pending permanent solution on public stockholding.
The 14th MC will be held from March 26-29 at Yaoundé in Cameroon.
“This ministerial (conference) is broadly being termed as the reform ministerial (conference) because there are multiple issues that the countries have been nudging. Reform is not expected as an outcome of this ministerial (conference), but as a pathway for reforming WTO. That will be part of the agenda -- what can be the credible pathway, whether we should go towards that pathway and whether the member (nations) should discuss reform as an agenda for coming out with certain solutions, suggestions for the next ministerial (conference),” a senior official said.
India expects detailed discussions on the matter related to e-commerce as it is an evolving area of trade – and a matter that has been discussed for 28 years now.
Under a WTO moratorium, countries do not impose customs duties on cross-border e-commerce transactions. WTO member nations have periodically agreed to extend the moratorium and have been divided on the issue.
Developing countries, such as India, have been battling for policy space to impose customs duties on electronic transmissions, holding that the moratorium has adversely impacted its revenue collections. Developed countries, including the United States (US), Australia, want an extension of the moratorium.
During the 13th WTO ministerial conference in 2024, nations agreed to maintain the current practice of not imposing customs duties on electronic transmissions until the next ministerial conference scheduled for next week.
Officials in New Delhi believe that there is a need for a clear definition of goods under electronic transmission, the official cited above said.
India is also expected to face pressure on the proposal on investment facilitation at the WTO, which has been agreed upon by 128 countries, including 27 countries from the European Union.
The China-led IFD proposal aims to enhance the transparency of investment regulations to make countries more efficient and attractive to foreign and national investors. Apart from an attempt to attract more foreign direct investment flows, the idea is also to aim for higher-quality investment at a time when many developing countries are grappling with weak growth, high inflation.
India has not joined the agreement and has also opposed it as it will dilute the multilateral nature of the WTO. The group wants to bring the proposal through Annexure-4 of the WTO, under which the proposal would be binding only on the signatory members and not on those who are opposed to it.
That apart, the matters related to the fisheries subsidies and the long-pending permanent solution on public stockholding will also be discussed extensively, the official said.",50,0,0,NA,BS_Delhi_20-03-2026.pdf,55,98.9,55.1,50.0
BSD,20/03/2026,"~10,000 cr container scheme under appraisal: Sonowal","The government’s recently announced container manufacturing scheme is currently being appraised, Union Minister of Ports, Shipping and Waterways Sarbananda Sonowal informed Parliament on Thursday.
“The Government in Budget 2026-27 has announced a scheme for container manufacturing in India with a budget outlay of ~10,000 crore aimed at creating a globally competitive container manufacturing ecosystem in the country through financial incentives to support establishment and expansion of container manufacturing units. The Ministry has initiated the process of appraisal of the Scheme,” he said.
Meanwhile, the parliamentary standing committee on commerce said that there is a growing need to bring containers under the Make in India initiative.",60,0,0,NA,BS_Delhi_20-03-2026.pdf,55,91.1,50.0,93.6
BSD,20/03/2026,CIL ramps up measures to ensure coal supply to all segments,"Amid the West Asia crisis affecting energy supplies nationwide, Coal India Limited is taking steps to ensure an uninterrupted coal supply to all categories of consumers, including small and medium enterprises, as the government works to maintain energy security in changing demand conditions.
As part of its strategy, the company has scheduled 29 e-auctions in March 2026, offering approximately 23.56 million tonnes (MT) of coal. Of these, five auctions conducted since March 12 saw 31.96 lakh tonnes booked against 73.1 lakh tonnes offered, indicating adequate availability of the dry fuel in the market, the Coal Ministry said on Thursday.
Business Standard earlier reported that small consumers in Delhi-NCR are actively shifting to alternative fuels such as coal as the supply of LPG is choked. Prices of retail coal surged by almost 50 per cent in the informal market.
CIL, which accounts for 80 per cent of coal produced in the country, is supplying to small and medium consumers through the State Nominated Agencies (SNAs) route and has requested states to communicate any additional requirements, which it said can be fully met to avoid potential shortages.
The supply push comes against the backdrop of comfortable coal availability across the system. Pithead coal stock at CIL mines stood at 125.54 MT as on March 18, 2026, up from 106.78 MT on April 1, 2025. Additional stocks include 5.75 MT at Singareni Collieries Company Ltd, 15.75 MT at captive and commercial mines, 12 MT in transit, and 5.49 MT at ports and sidings.",55,0,0,NA,BS_Delhi_20-03-2026.pdf,55,62.9,48.5,77.9
BSD,20/03/2026,Fertiliser stocks enough for kharif season: Govt,"The Ministry of External Affairs on Thursday said that India remains in touch with several countries to source its fertiliser imports as it has a diversified base.
Sources said the government is in the process of procuring fertilisers from Russia, Morocco, Tunisia, Saudi Arabia and Jordan.
They said the government is reaching out to more countries to diversify India’s sourcing of fertilisers.
A senior official said that India has also decided to procure spot gas on a competitive basis and the first phase purchase will be over soon.
The official also warned commentators to look at the factual situation and desist from uninformed speculation.
The government said that currently, India has adequate fertiliser stocks for kharif 2026, while the Department of Fertilisers has also put out global tenders in anticipation of the current situation which has received a very good response.
The government expects the bulk of the imported quantities ordered from a variety of sources to arrive by the end of March.",60,0,0,NA,BS_Delhi_20-03-2026.pdf,55,87.9,56.0,87.3
BSD,20/03/2026,Gas-based power plants increasingly becoming impractical: NTPC chief,"Gas-based power generation assets are increasingly proving impractical, and current conditions have further reinforced that gas based systems may not be viable, NTPC Chairman Gurdeep Singh said on Thursday. He referred to the West Asia crisis which has led to concerns over gas availability for low priority sectors.
Speaking at the Bharat Electricity Summit on Thursday, Singh also referred to concerns over running thermal power projects at a low Plant Load Factor (PLF) to provide flexibility for renewable energy generation.
“Going forward, we need to consider alternatives. This could include developing plants specifically designed for flexibility such as subcritical units that can be ramped up and down... daily,” Singh said.
He added that instead of forcing existing plants for flexible load, which were not designed for such operations, focus should be on building new, flexible power units. Smaller units designed for such flexibility could also be grouped together for efficient operation, he said.
“If this continues, we may eventually be forced to take some of these machines out of operation, which would be counterproductive,” Singh said.",40,0,0,NA,BS_Delhi_20-03-2026.pdf,55,75.5,48.7,3.3
BSD,20/03/2026,"India reaches out to Russia, Jordan for fertiliser sourcing","India on Thursday termed the attacks on energy installations in West Asia, especially in the Gulf region, as “unacceptable”, calling for these attacks to “cease” and saying that the latest poundings are a concern because they affected the country’s liquefied natural gas (LNG) sourcing.
Officials said the supply of liquefied petroleum gas (LPG), oil and fertilisers has been a matter of concern, and efforts are afoot to diversify their sourcing with several vessels, including from Russia and Jordan, carrying these products set to dock at Indian ports in the next few days.
They said tenders have been issued to purchase fertilisers from Russia, Morocco, Tunisia, Saudi Arabia, and Jordan.
India continues to buy oil from Russia.
The Department of Fertiliser (DoF) has also decided to procure spot gas on a competitive basis, and the first phase purchase will reach by Tuesday, the officials added.
In a phone call to the King of Jordan, Abdullah II, on Thursday, Prime Minister (PM) Narendra Modi discussed the “attacks on energy infrastructure in West Asia”, which he said are “condemnable and can lead to avoidable escalation”. India and Jordan stand in support of unhindered transit of goods and energy, the PM said in a post on social media.
Modi also had telephonic conversations with French President Emmanuel Macron, Oman’s Sultan Haitham bin Tariq, and Malaysian PM Anwar Ibrahim. In his conversation with the Omani Sultan, Modi flagged the need for free passage through the Strait of Hormuz, a strategically key shipping lane.
External Affairs Minister (EAM) S Jaishankar met UAE’s Minister of State for International Cooperation Reem Al Hashimy on Thursday afternoon, and also had a telephonic conversation with Israeli Foreign Minister Gideon Saar. The two exchanged views on the ongoing West Asia conflict and its many repercussions, Jaishankar posted on social media.
Of the 22 Indian-flagged merchant vessels stuck in the west of the Strait of Hormuz, nearly half a dozen are carrying LPG, sources said.
At a briefing on Thursday evening, Ministry of External Affairs (MEA) spokesperson Randhir Jaiswal said: “Couple of days back you saw that because of our engagement… and with talks and diplomacy with several of the stakeholders, we were able to get two of our LPG ships through the Strait of Hormuz.”
New Delhi described the attacks against energy installations in different locations across the region, especially the Gulf countries, as deeply disturbing and that these “only serve to further destabilise an already uncertain energy scenario for the whole world”. Such attacks are unacceptable and need to cease, Jaiswal said.
Since Wednesday evening, Tehran has retaliated against an Israeli attack on Iran's strategic gas fields of South Pars, and attacked key energy infrastructure in several Gulf nations, including Qatar's LNG hub of Ras Laffan.
Qatar accounts for nearly 40 per cent of India’s LNG requirement.
On the fertiliser situation in the country, Jaiswal said the DoF had “put out global tenders well in time, in anticipation of the current situation”. “These have received a very good response and we expect to have the bulk of the quantities ordered from a variety of sources by the end of March,” he said.
Jaiswal said: “All our partners have assured us of uninterrupted supplies, and we hope to attain and maintain comfortable stocks of fertilisers by the time kharif demand peaks by May 15.”",50,0,0,NA,BS_Delhi_20-03-2026.pdf,55,78.6,54.2,4.3
BSD,20/03/2026,$2.2 trn power push: PM invites global investors,"India presents a massive investment opportunity across the power and energy value chain, with an estimated $2.2 trillion needed over the next two decades.
At the Bharat Electricity Summit 2026 in New Delhi on Thursday, Prime Minister Narendra Modi invited the global community to invest in India.
“I invite the global community to make in India, innovate in India, invest in India, and scale with India,” Modi said, adding that the country needs considerable investment to modernise its power sector.
Speaking at the event, Power Secretary Pankaj Agarwal said India will require around $2.2 trillion in investment over the next two decades to support the energy transition across subsegments of the sector.
He said India has built the “hardware” of the sector, including generation capacity and transmission networks.
“The next phase will depend equally on the software of the sector, including regulatory frameworks, market design, pricing mechanisms, and institutional innovation,” he said. This will require time-of-day tariffs, demand response, and flexible generation, he added.
Addressing the audience, Power Minister Manohar Lal said India is planning to implement an undersea power transmission cable network with the United Arab Emirates (UAE) as part of the One Sun, One World, One Grid initiative.
“If we create an undersea cable network with the UAE, a large part of the world can come together under this vision,” Lal said.
On connectivity with other countries, he said India’s link with Sri Lanka is close to completion, alongside partnerships with neighbouring countries, including Bhutan, Nepal, and Bangladesh, where power is already traded.",75,0,0,NA,BS_Delhi_20-03-2026.pdf,55,98.0,51.5,84.1
BSD,20/03/2026,67% vacancies at UGC: House panel,"A standing committee of Parliament has flagged massive vacancies at the University Grants Commission (UGC), noting that more than two-thirds of its non-teaching posts remain unfilled. The panel said the shortage could hamper the commission’s ability to process grants, monitor universities and implement reforms under the National Education Policy (NEP) 2020.
“The Committee notes with concern the critical vacancy situation in UGC — 516 out of 763 sanctioned non-teaching positions are vacant (67.6 per cent vacancy rate). This severely impacts UGC’s capacity to discharge its statutory functions, including monitoring thousands of universities, processing grant proposals, and implementing NEP 2020,” the panel said in its report.
The observations were made by the Department-related Parliamentary Standing Committee on Education, Women, Children, Youth and Sports in a recent set of reports reviewing higher education funding, student loan schemes and related programmes.
The panel recommended a time-bound recruitment drive to substantially reduce vacancies by FY27.
“The Committee recommends that UGC should take all necessary steps to fill up vacant positions in a time-bound manner, with a target of at least 75 per cent vacancy reduction by March 2027,” the report added.",35,0,0,NA,BS_Delhi_20-03-2026.pdf,55,68.1,52.8,1.6
BSD,20/03/2026,Top court reserves verdict on definition of term ‘industry’,"The Supreme Court on Thursday reserved its verdict on a reference that could reshape the scope of labour protections under the Industrial Disputes Act, 1947, by revisiting the meaning of the term “industry.”
A nine-judge Constitution Bench led by Chief Justice of India Surya Kant concluded hearings on whether the court’s landmark 1978 judgement had adopted an expansive interpretation, bringing a wide range of organised activities, irrespective of profit motive, within the ambit of “industry”, requires reconsideration.
The court also posed the question of whether temples can fall within the ambit of an “industry” as the debate turns on whether religious institutions, which often undertake large-scale administrative, charitable, and economic activities, can be equated with organised economic enterprises employing labour for systematic operations.
The Tamil Nadu Hindu Religious and Charitable Endowments (HR&CE) department opposed the inclusion of temples within the ambit of “industry,” arguing before the court that such a classification would be legally unsustainable. It contended that temple activities are inherently non-commercial and lack any profit-driven objective.
Appearing on its behalf, senior advocate Jaideep Gupta submitted that temples are primarily funded through public donations, with only limited surplus generated by certain institutions.
He argued that their functioning cannot be likened to that of industrial establishments.",50,0,0,NA,BS_Delhi_20-03-2026.pdf,55,91.8,57.5,50.0
BSD,20/03/2026,Central banks hawkish but cautious in shadow of war,"Top central banks struck hawkish tones as the Iran war drove energy prices sharply higher but acknowledged that the sheer uncertainty over the impact on the global economy called for caution in their next policy moves.
In a rare coincidence of the monetary policy diary, central banks of the United States, Japan, Britain, Canada and the euro zone - effectively the Group of Seven (G7) nations - convened this week, as have counterparts from several emerging economies.
Having barely tamed a commodities-led inflation spike after Russia's full-scale invasion of Ukraine in 2022, policymakers are determined to rein in any new price pressures without derailing still-patchy economic growth.
The US Federal Reserve and the Bank of Canada on Wednesday both opted to hold interest rates steady, as did the Bank of Japan on Thursday. Yet they made clear they are on alert, wary that rising energy prices could spark a fresh wave of inflation.
“In the near term, higher energy prices will push up overall inflation, but it is too soon to know the scope and duration of the potential effects on the economy,” Federal Reserve Chairman Jerome Powell said after the Fed’s 11-1 decision to hold rates in the 3.50 per cent -3.75 per cent range. Yet Powell’s reluctance to say that risks of a weakening job market posed a greater risk to the Fed’s objectives than inflation helped push market rate-cut expectations into 2027.
In Tokyo, Bank of Japan Governor Kazuo Ueda said the BOJ would not rule out a near-term rate hike if the expected hit to growth from surging oil costs proves temporary, and does not derail progress in durably hitting the bank's price target.
“We need to be mindful that recent developments come at a time when companies are already actively pushing up prices and wages, which suggests they could pass on costs more aggressively than after the war in Ukraine,” Ueda told a news conference.
Bank of Canada Governor Tiff Macklem struck a similar note: “If energy prices stay high, we will not let their effects broaden and become persistent inflation,"" he said.
Earlier this week the Reserve Bank of Australia hiked rates to a 10-month high and warned of a “material” risk to inflation from the oil price spike.
Even Brazil’s central bank, with one of the highest rates of all major economies, opted for a cautious 25-basis-point cut to a benchmark 14.75 per cent rate - a smaller cut than initially expected.
On Thursday both the Swiss National Bank and Sweden's Riksbank kept policy rates on hold, flagging the uncertainty of how the war will end up impacting the economy. The European Central Bank left interest rates unchanged as expected but signalled it was closely watching growth and inflation risks from surging oil prices and was ready to act, if that became necessary.
The Bank of England also voted unanimously to keep borrowing costs on hold at 3.75 per cent. Analysts expect the rate path to remain bumpy with no clear end in sight to the conflict that could upend global supply chains, jolt financial markets and hurt corporate sentiment.
“This latest escalation feels like a turning point for markets because the conflict is no longer just about military headlines or Strait of Hormuz closure,"" said Charu Chanana, chief investment strategist at Saxo in Singapore.",45,1,0,NA,BS_Delhi_20-03-2026.pdf,55,8.7,54.5,19.8
BSD,20/03/2026,Accenture forecasts quarterly revenue below estimates,"Accenture forecast quarterly revenue below estimates on Thursday, as clients remain cautious on spending on large IT transformation projects amid an uncertain economic environment.
Shares of the Dublin, Ireland-based company were down more than 3 per cent in premarket trading.
The company has been navigating a challenging economic environment, as clients delay large digital transformation projects and prioritise cost control and short-term initiatives.
Accenture expects a 1 per cent revenue hit for fiscal 2026 from a slowdown in its federal business as agencies are reining in spending and redirecting budgets.
Analysts have said AI should support growth over the long term, but weak demand due to cautious client spending is unlikely to fully recover before 2028.
The company expects fiscal third-quarter revenue between $18.35 billion and $19.00 billion, with the midpoint slightly below analysts’ average estimate of $18.72 billion, according to data compiled by LSEG.
Accenture said its forecast reflects the company’s best view of the potential impact of the conflict in the Middle East.
The company’s revenue rose 8.3 per cent to $18.04 billion for the second quarter, beating estimates of $17.84 billion.
Accenture reported a profit of $2.93 per share, compared with $2.82 per share in the same quarter last year.
New bookings, a metric that measures future revenue based on contracts, rose 6 per cent to $22.1 billion in the second quarter.",40,0,0,NA,BS_Delhi_20-03-2026.pdf,55,81.8,55.3,1.2
BSD,20/03/2026,HSBC mulls deep job cuts from multiyear AI-fuelled overhaul,"HSBC Holdings Plc is weighing deep job cuts over the coming years as Chief Executive Officer Georges Elhedery bets on AI to shrink its middle and back offices, one of the first signs of how the technology could reshape Wall Street workforces.
Non-client facing roles in global service centres are among those expected to be most impacted although the assessment is at an early stage, according to people familiar with the matter, who asked not to be identified discussing preliminary deliberations.
The changes could ultimately impact around 20,000 roles - or about 10 per cent of its total workforce, one of the people said.
A spokesperson for HSBC declined to comment.
Elhedery has carried out a radical restructuring of the lender since taking the helm in 2024. He’s already cut thousands of jobs, while selling some businesses and merging or closing others.
The bank had around 210,000 employees at the end of 2025. The assessment includes roles where HSBC won’t replace staff, some of the people said, and no final decision has been made.
Global banks could eliminate as many as 200,000 positions in the next three to five years as AI encroaches on tasks currently carried out by humans, according to a Bloomberg Intelligence report last year.
The HSBC cuts would take place as part of a medium-term plan spanning three to five years.
The potential cuts may lower annualised group expenses by 5 per cent to 6 per cent.
Elhedery has also attempted to drive a cultural change as the bank grapples with competition from local and international rivals. It’s moving toward a more Wall Street-style compensation model, in which top performers share a larger part of the bonus pool, while underperformers are pushed to look for opportunities outside of the company.
The chief executive has also doubled down on his predecessor’s Asia-pivot strategy by taking private its Hong Kong subsidiary Hang Seng Bank Ltd, a major bet on growth in the Asian financial hub.
HSBC said recently it expects to achieve a $1.5 billion cost-savings target in the first half of the year.",35,0,0,NA,BS_Delhi_20-03-2026.pdf,55,81.0,54.1,3.0
BSD,20/03/2026,Energy prices soar as Iran targets Qatar hub,"Energy prices surged on Thursday after Iran struck the world’s largest LNG complex — Ras Laffan Industrial City — causing damage that Qatar said could take five years to repair, as the energy sector’s worst fears about the war launched by the US and Israel on Iran came true.
QatarEnergy CEO Saad al-Kaabi told that the state-owned gas company may have to declare force majeure on long-term contracts to Italy, Belgium, South Korea, and China after the attack meant a loss of around 17 per cent of Qatar’s liquefied natural gas exports for between three and five years.
Gas prices in Europe soared as much as 35 per cent on Thursday and oil jumped as much as 10 per cent, before paring gains by mid-afternoon.
“I never in my wildest dreams would have thought that Qatar would be — Qatar and the region — in such an attack, especially from a brotherly Muslim country in the month of Ramadan, attacking us in this way,” al-Kaabi said.
Iran struck energy infrastructure across West Asia in retaliation against Israeli attacks on its gas facilities on Wednesday.
The aerial attacks also targeted a refinery in Saudi Arabia, forced the United Arab Emirates to shut gas facilities, and started fires at two Kuwaiti refineries as Donald Trump threatened retaliation if they persisted.
Leading nations in Europe, with Japan, said on Thursday they would act to stabilise energy markets and join “appropriate efforts” to open the Gulf’s oil chokepoint. The leaders of Britain, France, Germany, Italy, the Netherlands, and Japan issued a joint statement urging “an immediate comprehensive moratorium on attacks on civilian infrastructure, including oil and gas installations”.
“We express our readiness to contribute to appropriate efforts to ensure safe passage through the Strait. We will take other steps to stabilise energy markets, including working with certain producing nations to increase output,” they added.
US Defence Secretary Pete Hegseth pushed back against criticism the US war on Iran risked becoming a military “quagmire”.
“The media here — not all of it, but much of it — wants you to think, just 19 days into this conflict, that we’re somehow spinning toward an endless abyss or a forever war or quagmire,” Hegseth said at a news conference on Thursday. “Nothing could be further from the truth.”
Hegseth said the US was “winning decisively” — destroying Iran’s ballistic missile arsenal, their navy and submarines. He declined to answer a question about a specific time frame, but said the US is “on plan” with a “clear set of objectives” and would end the conflict at a time of “the president’s choosing, ultimately.”
Hegseth cited the strikes against Kharg Island as an example of how the US could control Iran’s fate, warning Iran against targeting Arab countries.
“The United States military controls the fate of that country,” he said.
Hegseth also hit out at European allies, who have largely shunned President Donald Trump’s request to help police the Strait of Hormuz.
The Pentagon is seeking $200 billion in additional funds for the Iran war, a sizable amount that is certain to be met with questions from Congress, which would need to approve any new money. The department sent the request to the White House, according to a senior administration official, who spoke on condition of anonymity to discuss the private information. Asked about the figure at a press conference on Thursday, Defence Secretary Pete Hegseth did not directly confirm the amount, saying it could change.
“It takes money to kill bad guys,” Hegseth said.
Meanwhile, Iran’s armed forces command said strikes on Iran’s energy infrastructure had led to “a new stage in the war” in which it had attacked energy facilities linked to the United States.
“If strikes (on Iran's energy facilities) happen again, further attacks on your energy infrastructure and that of your allies will not stop until it is completely destroyed,” spokesman Ebrahim Zolfaqari said.
An Iranian missile attack hit Israel’s Oil Refineries in the northern port city of Haifa but did not cause “significant damage”, Israel’s Energy Ministry said on Thursday. Energy Minister Eli Cohen said power was briefly disrupted, with electricity restored to most of those who were affected.
Israel’s attack on an Iranian gas field on Wednesday was coordinated with the United States but will likely not be repeated, three Israeli officials said on Thursday, despite US President Donald Trump saying he knew nothing about it.
Israel has not publicly acknowledged responsibility for the South Pars attack.
On Wednesday night, Trump said in a social media post that Washington “knew nothing about this particular attack” and that Israel would not attack the gas field further unless Iran again attacked Qatar.
Trump posted that no more attacks will be made by Israel pertaining to this extremely important and valuable South Pars field unless Iran unwisely decides to attack Qatar.
Growth in world trade in goods will slow down markedly to 1.9 per cent this year from 4.6 per cent in 2025 and could decelerate even more if the war in West Asia continues to push energy prices higher and disrupt global transport, a World Trade Organization report said.
While global trade remains resilient, buoyed by trade in AI-related products, the growth forecast is under pressure from the expanding US-Israeli war on Iran, the WTO Director-General said. If crude oil and liquefied natural gas prices remain high throughout 2026 due to the conflict, global trade in goods could slow further.",20,0,0,NA,BS_Delhi_20-03-2026.pdf,55,0.3,51.9,6.5
BSD,20/03/2026,Sebi may allow netting of funds for FPIs in March 23 board meet,"The Securities and Exchange Board of India (Sebi) may approve the framework for foreign portfolio investors (FPIs) to net funds across cash market transactions executed on the same day in its upcoming board meeting scheduled for March 23, sources aware of the developments said.
The move is expected to ease liquidity pressure and lower funding costs for FPIs, especially during high-volume trading sessions such as index rebalancing days.
With the approval, FPIs will be able to use the proceeds from sale transactions in the cash market on a particular day to fund purchase transactions on the same day — requiring them to only fulfil the net fund obligation. However, netting may not be permitted if the FPI buys and sells the same stock or security on the same day or settlement cycle.
At present, FPIs are required to fund purchase transactions and deliver securities for sale trades separately. All transactions are grossed at the custodian’s level, and FPIs are required to fulfil their obligations on a gross basis. The custodians settle their deliveries on a net basis with the clearing corporations.
The current practice leaves FPIs underinvested for at least one day, and results in additional costs due to forex slippage and reliance on short-term credit lines.
Last year, FPIs had made representations to the regulator, seeking relaxations. Following discussions, Sebi had floated a consultation paper on the same in January this year.
Sources added that the market regulator may also approve several relaxations for Infrastructure Investment Trusts (Invits) and Real Estate Investment Trusts (Reits), including expanding the scope of investing in liquid fund schemes. Sebi may allow Reits and InvITs to invest in schemes with a credit risk value of 10 or above to diversify portfolios, as the current threshold of credit risk value of 12 leaves limited investment opportunities.
Sebi may also align investment conditions for private Invits with public Invits for investing in greenfield projects.
Additionally, compliance with the ‘fit and proper person’ criteria for market intermediaries such as stock brokers is also expected to be eased at the upcoming board meeting. Under this, Sebi may do away with the automatic disqualifications arising solely from the filing of criminal complaints, FIRs, or charge sheets in cases involving economic offenses, a move that is expected to reduce regulatory uncertainty for entities facing the initial stages of legal proceedings.
Emailed queries to Sebi did not elicit any response till the time of publication.
The market regulator is also expected to take up the recommendations of the high-level committee formed to review the code to address conflict of interest within Sebi and manage disclosures by officials. The recommendations were discussed in the previous board meeting in December 2025. However, Sebi Chairman Tuhin Kanta Pandey said they needed more deliberation given some concerns raised by employees.
Sources indicated that the number of items to be taken up for approval by the Sebi board will be less in the last board meeting for this financial year (FY26) compared to the usual list of agenda items.",60,0,0,NA,BS_Delhi_20-03-2026.pdf,55,98.1,50.4,93.3
BSD,20/03/2026,IFSCA cracks down on non-compliant entities at GIFT City,"The International Financial Services Centres Authority (IFSCA) has stepped up enforcement against alleged non-compliance by fund management entities (FMEs) and capital market intermediaries (CMIs), issuing show-cause notices to nearly 10 entities in recent months, according to sources.
The unified regulator for Gujarat International Finance Tec-City (GIFT City) in Gujarat has sought explanations from these fund houses over alleged lapses. Failure to respond could result in regulatory action, including licence cancellations, people familiar with the matter said.
The regulator has also intensified scrutiny of other units operating in the GIFT International Financial Services Centre (IFSC), as part of efforts to strengthen compliance with the special economic zone (SEZ) framework.
In parallel, IFSCA is preparing a detailed matrix of non-compliances and corresponding penalties for IFSC units, sources added.
In 2024, the regulator issued warnings and advisories to several entities for failing to meet “substance requirements”, such as maintaining a minimum number of on-ground employees and other prescribed thresholds.
In a press release issued on Wednesday, IFSCA said that during recent supervisory visits, it observed that certain CMIs were non-compliant with regulatory requirements, including the absence of a principal officer or compliance officer, inadequate infrastructure, and trading conducted through remote access.
“Based on the supervisory findings, IFSCA has initiated appropriate regulatory action against the CMIs concerned in accordance with the applicable regulatory framework,” it said.
“Sometimes regulators take such measures to bring in ‘extra discipline’ so that entities remain cautious and do not take compliance lightly. It’s a balancing act. The number of entities registered in GIFT City has surged manifold in the past five years, so an increase in regulatory action is understandable,” said a person familiar with the developments, adding that the issues are unlikely to “rock the boat” for business activity in the financial hub.
As of December 2025, more than 200 FMEs and around 300 schemes were operating out of GIFT City, with commitments exceeding $32 billion.
Industry sources said most of the issues stem from inspections conducted over the past two years and largely relate to operational lapses. Some have called for a more lenient approach to support the ecosystem’s growth.
“The regulations in GIFT City have been evolving. Entities need to adapt to these changes. Some may have already rectified gaps or alleged violations since the inspections. On the other hand, in the absence of settlement proceedings, those unwilling to opt for adjudication have little choice but to await hearings with the regulator,” said another industry participant.
Sources added that FMEs and intermediaries are in the process of responding to the notices.
Emailed queries to IFSCA remained unanswered at the time of going to press.",45,0,1,GJ,BS_Delhi_20-03-2026.pdf,55,96.5,53.4,5.7
BSD,20/03/2026,March uptick in brokerages tapping debt market,"There has been a year-on-year (Y-o-Y) increase in the number of brokerages tapping the debt market for capital.
There were at least 12 entities which filed offer documents on the National Stock Exchange (NSE) as of mid-March for debt issuances, shows a Business Standard analysis.
This is twice the number seen in the whole of March last year.
The study is based on manual perusal of documents as available, and should be considered indicative.
The increase comes even as the Reserve Bank of India (RBI) restrictions on fundraising through banks come into effect from April 1.
Recent filings include Axis Securities, HDFC Securities, IDBI Capital Markets and Securities, IIFL Capital Services, Kotak Securities, and Motilal Oswal Financial Services Limited.
This is in addition to the names which were also seen in March last year, such as HSBC Investdirect Financial Services, Angel One, ICICI Securities, JM Financial Services, Aditya Birla Money, and Cholamandalam Securities.
Emails sent to the issuers did not elicit any reply till press time.
The RBI released new norms on funding capital market intermediaries like brokerages in February.
The norms are primarily expected to affect proprietary entities trading on their own account, as well as those who depend on intraday credit lines for various business activities.
This comes even as the top brokers have begun to manage larger amounts of business, with the top 10 gaining increased market share over the last ten years.
“More players are expected to explore debt markets and tap the money-market borrowing space,” said Deep Inder Singh, vice president at rating agency Icra.
Proprietary traders, or broking entities trading on their own account, had historically enjoyed the benefit of a capital multiplier by using bank guarantees (BGs) to place margins with exchanges.
Under this structure, they were required to provide collateral equivalent to only 50 per cent of the BG amount, enabling them to generate ~100 crore of bank guarantees with just ~50 crore of collateral.
This leverage, combined with the additional yield earned through interest income on fixed deposits placed as collateral for availing BGs, allowed such proprietary traders to generate pre-tax returns on equity of as much as 20-25 per cent using hedged arbitrage strategies, according to Singh.
This compared favourably with the high single-digit to low double-digit returns earned by players that did not have access to this capital-efficient structure.
With the RBI now mandating 100 per cent cash collateral against bank guarantees, the level of leverage available to proprietary traders is set to decline.
In response, some participants may choose to fund their activities through alternative instruments such as non-convertible debentures (NCDs) or commercial paper issued to high-net-worth individuals.
Many of the existing BGs would have been renewed in recent months and are, therefore, expected to remain in force until their respective maturities, as the revised RBI norms apply only to newly issued guarantees.
Consequently, the use of BGs under the earlier framework is unlikely to cease immediately on the April 1 RBI deadline, but is expected to taper off gradually as older arrangements expire.
As a result, the impact on brokers with sizeable proprietary trading operations is likely to be staggered rather than abrupt.
Brokers also tapped bank lines to meet their working capital requirements.
This was funded through BGs and intraday lines from banks.
The intraday lines will no longer be viable for enhancing margin placement ability on an intraday basis.
This part of the business can still make use of BGs but the costs may go up on switching to such guarantees from intraday lines, according to Singh.
The RBI circular has limited impact on the ~1 trillion worth of money borrowed by brokerages for onward lending to their clients for stock market activities through their margin trading facility.
Much of the margin trading book was funded by money market instruments and non-banking financial companies (NBFCs) already.",50,0,0,NA,BS_Delhi_20-03-2026.pdf,55,96.7,54.5,90.9
BSD,20/03/2026,West Asia war forces Indian tourists to look eastwards & inwards,"With the war in West Asia raging on, outbound travel from India is set to witness a shift in the opposite direction — eastwards. Destinations such as Thailand, Vietnam, Singapore, Mauritius, Bali, Indonesia, Sri Lanka, the Philippines and even far-east countries like Japan, Australia and New Zealand are becoming more popular.
Visa-on-arrival facilities at many of these countries and higher propensity of travellers to spend due to rupee depreciating versus the dollar, have also made these destinations more attractive amid larger geopolitical uncertainty, said market watchers.
“In the past, we have observed that in cases of region-specific disruption, people don’t give up on their trips, they figure out and book an alternative destination, whether domestic or a non-impacted international one. We are seeing the same pattern now,” said Rajesh Magow, cofounder and group chief executive officer (CEO), MakeMyTrip.
Rajeev Kale, president and country head, Holidays, MICE, Visa, Thomas Cook (India) Limited, said, “The global travel landscape has become increasingly dynamic. Recognising the geopolitical uncertainty in very specific parts of the world, we are witnessing growing interest for destinations across the far east, including Japan, Australia and New Zealand, alongside closer-to-home favourites such as Sri Lanka, Nepal, and Bhutan.”
Of the total outbound travel from India, the United Arab Emirates (UAE) makes up the largest chunk with over 8.6 million arrivals.
Global estimates suggested west Asia tourism could see an 11-27 per cent decline in arrivals and a loss of up to 23-38 million visitors in 2026, pointed out Anil Kalsi, board member of the Federation of Associations in Indian Tourism and Hospitality. “With bookings down by 30-60 per cent on certain routes, especially those linked to or transiting through West Asia, travellers are considering safer and more stable destinations,” he said.
“We are observing a clear shift in travellers’ preference toward Southeast Asia, driven by proximity, affordability, and perceived stability. Destinations such as Thailand, Malaysia, and Vietnam are seeing stronger traction across both leisure and MICE segments,” said Vinod Kumar Sah, cofounder, CoTrav.
SD Nandakumar, president and country head – holidays and corporate tours, SOTC Travel, said “experiential travel segments such as cruising are gaining traction, with strong interest in sailings across Asia, including the upcoming Disney Adventure from Singapore, which is driving demand among Indian families seeking immersive cruise holidays.”
As a corollary, travel to Europe and the UK, typically including a halt in West Asia, has become more expensive, leading to players like SOTC and Thomas Cook offering discounts and deals for the upcoming summer travel season.
“On the domestic tourism front, while business travel remains largely unaffected, leisure travel is likely to start picking up now as the summer season kicks in and the exam season coming to an end,” Magow added.
“We are also seeing a behavioural trend where some travellers are postponing international trips in the near term and opting for domestic travel instead,” CoTrav’s Sah added.
Thomas Cook’s Kale concurred with the trend, adding that domestic favourites such as Himachal Pradesh, Andamans and Kerala are also witnessing growing interest. “India’s spiritual destinations are also witnessing renewed relevance with interest for spiritual circuits such as the Char Dham and the Kailash Mansarovar,” he said.",50,0,0,NA,BS_Delhi_20-03-2026.pdf,55,99.3,54.7,89.5
BSD,20/03/2026,Hormuz blockade may lead to increase in ultra-luxury house prices by 5%: Report,"The Strait of Hormuz blockade amid the West Asia war is leading to rise in prices for luxury and ultra-luxury houses in Mumbai and Delhi, with some estimates projecting the increase likely to be about 5 per cent in the immediate term.
According to a report by realty consultancy Anarock, construction costs have risen significantly after ships carrying essential construction materials have been forced to reroute.
“The forced detours of ships carrying construction materials around the Cape of Good Hope has added anywhere between 10 and 20 days to shipping times, and as much as ~1.5-3.5 lakh per container to the (shipping) costs,” said Prashant Thakur, executive director and head for research and advisory at Anarock.
At a time when housing sales were already tapering, the report stated that Indian developers were now confronted with an even starker landscape.
While diplomatic manoeuvring has succeeded in getting at least some liquified petroleum gas tanker ships through the Strait, bulk imports must now travel an additional 6,000-10,000 nautical miles, with marine fuel now at about ~1 lakh per tonne.
As a result, Anarock said that steel prices have jumped about 20 per cent to ~72,000 per tonne, roughly adding ~50 per square feet to high-rise construction costs to more than 10,000 luxury units under construction in Mumbai.
Skyscrapers use ribbed steel rods embedded in concrete to give it tensile strength, and this added cost has a direct correlation to the cost and speed of constructing them.
“The cost of hot rolled coil now hovers at ~51,000 to ~56,000 and may hit ~62,000 by June if the situation does not change for the better,” it said.
Similarly, diesel for construction cranes and mixers is heavily associated with the price of Brent crude, which is currently trending above $100 per barrel.
This price shock, the report said, will reflect significantly on construction sites in Mumbai, Delhi-NCR, Hyderabad and other high-rise-centric cities around the country.
Mumbai Metropolitan Region will be affected the most, with the region having more than 300 towers and over 5,500 high-rises.
In 2024 itself, India saw 59 ultraluxury homes sell for a combined value of about ~4,754 crore, with Mumbai alone accounting for roughly 88 per cent of both units and value in this bracket.",40,0,1,"MH,DL",BS_Delhi_20-03-2026.pdf,55,29.9,54.2,81.0
BSD,20/03/2026,Dhurandhar: The Revenge opens to strong response from audiences,"After months of anticipation, Dhurandhar: The Revenge opened in cinemas nationwide on Thursday to a strong audience response with viewers praising its story, action and performances, especially lead star Ranveer Singh.
The film released in theatres on the back of record advance bookings — over 1.5 million tickets sold, including paid previews on Wednesday — and follows the success of the first Dhurandhar, which earned ~1,300 crore worldwide after its December 2025 release.
Audiences who watched the day one shows in Mumbai came away largely impressed, with many calling the movie a “paisa vasool” watch and some already planning repeat visits.
“Five out of five. Please go watch it. It’s totally paisa vasool. Do not get up until the lights come on,” said one moviegoer who had turned up for the first-day-first-show.
The exuberance was hard to contain for viewers stepping out of theatres, with many refusing to reveal plot details while insisting others must experience the film themselves.
“Amazing, fantastic. I will give it 10 out of 10. The action scenes were very good, the storyline was very strong, and people will love the twist in the end,” said another viewer who singled out Singh’s performance as outstanding. “He killed it - absolutely nailed it.”
The four-hour runtime, which some might consider daunting, appeared to be no obstacle for the audience.
“Very engaging. I usually get distracted, but this kept me hooked,” said one viewer who rated it four-and-a-half out of five.
An audience member said, “Many people made the mistake of leaving before the end. Don't leave early. Stay till the end. The film is fire.” Another echoed the sentiment. “Don't ask about the story, you have to watch it. The background score, characterisation, story, twists — this movie will earn 2,000 crore.”
Supporting performances, particularly from Rakesh Bedi and Sara Arjun, were praised as surprise packages.
Aditya Dhar, who previously helmed Uri: The Surgical Strike and the first Dhurandhar, was lavished with praise. “No one can match the director right now,” said one audience member.
Another added, “The detailing by the director is at a peak level. I want him to make more movies like this, like Uri.”
Several film personalities who watched the early shows were also effusive in their praise.
Actor Allu Arjun called it “patriotism with swag” and a film that would “make every patriot proud”.
Priety Zinta posted a photo with Rampal on X.
Actor Vijay Deverakond said “something big is going to happen in Indian cinema and culture.”
Produced by Jyoti Deshpande and Lokesh Dhar, “Dhurandhar: The Revenge” features Ranveer Singh as Jaskirat Singh Rangi, a young man who transforms into covert operative Hamza Ali Mazari operating deep inside Pakistan.
The sequel charts Mazari’s rise in the Karachi underworld while tracing the origins of the man behind the cover.
Actors R Madhavan, Arjun Rampal, Sanjay Dutt, Sara Arjun and Rakesh Bedi also feature in the sequel, which released in Hindi, Telugu, Tamil, Kannada and Malayalam.",55,0,0,NA,BS_Delhi_20-03-2026.pdf,55,99.5,62.3,96.3
BSD,20/03/2026,Indices see worst fall in 21 mths as crude shock triggers selloff,"Indian equities plunged alongside global peers on Thursday, with benchmark indices posting their steepest falls in nearly two years, as a renewed surge in oil prices fuelled fears that the escalating Iran war could stoke inflation and undermine economic growth. The BSE Sensex ended the session at 74,207, down 2,497 points, or 3.3 per cent. The Nifty closed at 23,002, a decline of 776 points, or 3.3 per cent. Both indices recorded their worst fall since June 4, 2024. The market capitalisation (mcap) of BSE-listed firms declined by ~13 trillion to ~426.1 trillion. All sectoral indices on the National Stock Exchange (NSE) closed in the red, with losses ranging between 1.4 per cent (Nifty Energy) and 4.25 per cent (Nifty Auto). The Nifty 100, Nifty 500, Nifty Midcap 50, and Nifty Midcap 100 indices reported declines of more than 3 per cent each, and Nifty Smallcap index fell 2.9 per cent. Since the start of the war, the Sensex is down 8.7 per cent and the Nifty 8.6 per cent. The total mcap of BSE-listed firms has fallen by ~37.4 trillion during this period. The selloff on Thursday came as crude oil prices surged in the wake of attacks on some of West Asia’s most important energy facilities. Brent crude was trading at $108.5 per barrel (as of 9 pm IST) on Thursday, having earlier hit an intraday high of $119. Since the breakout of the war, crude oil prices have risen by 49 per cent. Saudi Arabia on Thursday reported that a drone struck its Samref refinery on the Red Sea, following an earlier Israeli strike on the South Pars gas field, which Iran shares with Qatar. Higher oil prices tend to push up inflation in India and hurt economic growth, as the country imports most of its crude oil requirements. “The conflict has increasingly taken the shape of energy warfare, with attacks on critical infrastructure by both sides driving a sharp spike in crude oil prices and rattling investor confidence. Going ahead, markets appear to be in a phase of heightened fragility, where sentiment is being driven by rapidly evolving geopolitical developments and a sharp rise in crude prices,” said Siddhartha Khemka, head of research, wealth management, Motilal Oswal Financial Services. “Given the intensifying tensions around energy infrastructure in West Asia, we remain cautious on the market in the near term and expect volatility to persist.” The India Vix, a gauge of market volatility, rose 22 per cent to 22.8 points. HDFC Bank, which declined 5.1 per cent, was the biggest drag on the Sensex. The private lender’s stock posted its worst fall since June 4, 2024, after its chairman resigned citing ethical differences. Going ahead, the 23,170-23,200 zone is expected to act as immediate resistance for the Nifty 50. “As long as the Nifty 50 continues to trade below 23,200, downside pressure is likely to persist. In such a scenario, the index may drift towards 22,850, followed by the 22,700 level, in the short term,” said Sudeep Shah, head (technical and derivatives research) at SBI Securities. Market breadth was weak on Thursday, with 3,359 stocks declining and 913 advancing. Foreign portfolio investors were net sellers to the tune of ~7,558 crore, while domestic institutional investors were net buyers of ~3,864 crore worth of stocks.",25,0,0,NA,BS_Delhi_21-03-2026.pdf,55,1.0,46.2,1.3
BSD,20/03/2026,Oil surges to $108 per barrel; India denounces strikes,"Crude oil prices jumped to $119 a barrel on Thursday, close to the three-and-a-half-year peak hit on March 9, after Israel’s strikes on Iran’s South Pars gas field — its largest source of domestic energy — prompted retaliatory attacks by Tehran on key energy facilities across the Gulf. Israel’s latest strike marked a significant escalation in the war, stoking concerns about prolonged disruption to global energy supplies. Iran retaliated by targeting Qatar’s Ras Laffan gas facility, along with oil refineries and gas infrastructure across Saudi Arabia, Kuwait and the United Arab Emirates (UAE). Brent crude, which was around $74 a barrel before the conflict, was trading at $108.5 a barrel at 9 pm India Standard Time (IST) on Thursday. Despite the sharp rise in global prices, India’s oil marketing companies (OMCs) have so far kept retail fuel prices unchanged. India on Thursday said such strikes were “unacceptable and need to cease”. The attacks were “deeply disturbing” and served only to further destabilise an already uncertain global energy situation, External Affairs Ministry spokesperson Randhir Jaiswal said. Prime Minister Narendra Modi also spoke to leaders of Oman, Jordan, France and Malaysia, stressing the urgency of restoring peace in the volatile region. Sujata Sharma, joint secretary in the Ministry of Petroleum and Natural Gas (MoPNG), said India’s top priority remained ensuring fuel availability for domestic consumers. The government will review its export policy based on the evolving situation, she added. India exports refined petroleum products to Europe and neighbouring countries like Bangladesh and Bhutan. Unlike China, India has not halted exports so far, even as securing energy supplies has remained a challenge. The government has mandated oil and gas companies operating in the country to share details of production, imports, exports, stock levels and consumption patterns. The data, to be submitted to the Petroleum Planning and Analysis Cell (PPAC), will help the government collect, compile and analyse information to monitor the petroleum and natural gas supply chain more effectively, according to a gazette notification. The West Asia conflict has triggered an energy crunch for India, which depends heavily on imports from the region. The closure of the Strait of Hormuz has effectively choked supplies from the Gulf, which accounts for around 90 per cent of India’s liquefied petroleum gas (LPG) imports, 40 per cent of its crude oil imports, and about 50 per cent of its liquefied natural gas (LNG) imports. Given its heavy reliance on West Asia for LPG, India is facing an acute shortage of cooking gas, even as diversification has helped it secure crude oil and LNG supplies to some extent. India has stepped up LPG purchases from the US, with 13 tankers carrying around 350,000 tonnes of LPG currently headed to the country, according to data from maritime intelligence firm Kpler. Of these, four tankers carrying a combined 91,183 tonnes are expected to arrive next week. Another four vessels, with 93,180 tonnes, are likely to reach in early April. The remaining five, carrying about 166,000 tonnes, could arrive between mid and late April. For the first time, India has also booked an LPG cargo from Argentina, with a shipment of 19,486 tonnes expected to arrive by end-March. Meanwhile, LPG supplies from West Asia have fallen sharply due to the conflict. Only 11 tankers, carrying 192,734 tonnes, are currently headed from the region to India, and most of these cargoes had sailed before the fighting began. Of the India-bound vessels held up around the Strait of Hormuz, two LPG tankers and one crude oil cargo have safely transited the narrow route and reached Indian shores, according to government officials.",20,0,0,NA,BS_Delhi_21-03-2026.pdf,55,24.4,50.5,19.5
BSD,20/03/2026,HDFC Bank firefights after chairman’s abrupt exit,"The dark clouds that had gathered over India’s largest private lender, HDFC Bank, on late Wednesday as its part-time chairman Atanu Chakraborty resigned with immediate effect citing ‘ethics’, had blown over by Thursday noon with the Reserve Bank of India (RBI) coming out strongly in its support to stress there were no governance or conduct issues at the bank. Chakraborty, a former bureaucrat who had sought to be relieved from his post immediately, had attributed the decision to certain happenings and practices within the bank over the last two years and those were not in congruence with his personal “values and ethics”. Following his decision, four HDFC Bank board members met RBI officials, including two deputy governors, on Wednesday, seeking its nod to appoint board member Keki Mistry as interim part time chairman. The regulator quickly approved. HDFC Bank began firefighting even before the stock markets opened with an early investor call addressed by six of its 12 current board members, including Mistry and MD & CEO Sashidhar Jagdishan. “I would not have taken on this responsibility at the age of 71 if it did not align with my principles and the level of integrity I expect from the bank,” Mistry told analysts. He categorically stated there are no material issues or operational concerns at the bank, and none of the board members are aware of the issue that led to Chakraborty’s resignation. Mistry said there could be difference of opinion on minor issues but emphasised “there was no power struggle in the bank”. Jagdishan said the board tried to persuade Chakraborty to refrain from going ahead with his decision. “As the meeting was going on, as these developments were unravelling… where despite every board member trying to persuade the past part-time chairman to take back his resignation or sort of elaborate on any of the concerns that he may have, which would have been addressed as they were in the past, or take back some of the language that was there in that letter,” Jagdishan said in a call with media later in the day. HDFC Bank’s market capitalisation, second only to Reliance Industries, fell ~66,433 crore to ~12.31 trillion on Thursday. The bank’s stock had opened around 5 per cent lower from its previous close, had crashed 8.42 per cent to ~772 intra-day basis on the BSE, cut some losses during the day as clarity emerged that the part time chairman’s exit was not linked to governance issues, before ending up at ~799.70, 5.13 per cent lower. The broader indices plunged 3.26 per cent – most in close to two years – owing to surging crude oil prices amid a raging war in West Asia. Sources in the bank said there was some relationship issue between the bank management and the earlier chairman leading to the former’s decision to make a sudden exit. “Yesterday, during the bank’s board meeting, many of the directors asked him (Chakraborty) if there is a governance issue but he said there is none,” said a source. “Basis our periodical assessment, there are no material concerns on record as regards its conduct or governance,” the RBI said in a statement at around 11 am Thursday. The bank remains well-capitalised and its financial position remains satisfactory with sufficient liquidity, it noted. The RBI also said HDFC Bank is a Domestic Systemically Important Bank (D-SIB) with sound financial, a professionally run board and competent management team, adding it will continue to engage with the Board and management on the way forward. Meanwhile, in New Delhi, Department of Financial Services Secretary M Nagaraju also quelled concerns and said: “HDFC Bank is a strong institution with strong fundamentals.” Analysts noted that HDFC Bank has seen the exit of senior officials post the merger with HDFC. “Exits at HDFCB have accelerated post the HDFC Ltd merger, creating a visible credible leadership gap, with Chairman Atanu Chakraborty’s resignation over relationship issues with the management now raising concerns even in the board,” broking firm Emkay’s analysts said in a report. “Though the management and the board assured of no governance, operational, regulatory, or power struggles, we believe the bank must curb management exits and rebuild leadership strength either internally or externally,” they said. Meanwhile, Kaizad Bharucha, Deputy MD at HDFC Bank, who looks at the entire asset side of the bank’s balance sheet, is set to get more responsibilities. In a call with analysts on Thursday, Sashidhar Jagdishan, MD & CEO, HDFC Bank, said, “As we move forward, we will sort of re-examine our organization structure, and with the consent and advice of the board, we will announce it at the appropriate time.” “Kaizad is a very dear colleague, and I have the highest regard and respect for him. He handles the entire asset business of the balance sheet, which reflects the kind of respect and stature that he commands within the organization, both at the board level and at the management level as well. So that will continue. In fact, he will only get more responsibilities as we move forward,” he said.",40,0,0,NA,BS_Delhi_21-03-2026.pdf,55,96.9,55.8,4.6
BSD,20/03/2026,Mistry to ‘do his best’ for bank’s stability,"Keki Mistry, 71, who led the erstwhile mortgage lender HDFC Ltd for several years before it merged with HDFC Bank, now finds himself at the helm of the bank as interim chairman, tasked with steering the institution through the current controversy. The development follows the resignation of former part-time chairman Atanu Chakraborty, who stepped down citing concerns that he said were not aligned with his values and ethics, triggering governance-related questions around the bank. “I would not have taken on this responsibility at the age of 71 if it did not align with my principles and the level of integrity I expect from the bank,” Mistry said on Thursday. He added that he would ideally not like to continue beyond the three months for which he has been appointed with the regulator’s approval, and that he would do his best to stabilise the bank during this period. “…as far as I am concerned, my role is for three months. I would like to stabilise things as much as I can. At the end of three months, would I want to continue? My feeling is no,” Mistry said. Late on Wednesday, the bank announced that, with the Reserve Bank of India’s approval, Mistry had been appointed interim part-time chairman for three months, effective March 19. Hours after his appointment, Mistry moved swiftly to address stakeholder concerns, speaking to analysts early on Thursday. “On behalf of the board, and in full alignment with the executive leadership, I wish to assure all stakeholders that there are no material matters at this point in time. Based on our discussions, no specific incidents or practices have been brought to our attention,” he said. “The board remains fully committed to safeguarding institutional resilience and the index of confidence. The bank operates with strong governance standards, robust internal controls, and an experienced management team. Our strategic direction, business priorities, and execution capabilities remain as always,” Mistry added. He also clarified that while there may have been differences on minor issues between the management and Chakraborty, nothing was material. “In no board meeting has there been a complete difference of opinion or anything of that sort. There will always be some relationship issues between individuals. Those kinds of things happen. There was no power struggle in the bank,” he said. Mistry is a veteran of the financial services sector, with over four decades of experience spanning banking, housing finance, and capital markets. A chartered accountant and fellow of The Institute of Chartered Accountants of India, he began his career with AF Ferguson & Co. in 1975, followed by stints at Hindustan Unilever and Indian Hotels Company. He joined Housing Development Finance Corporation (HDFC) in 1981 and rose through the ranks, serving in key leadership roles before becoming managing director in 2000, and later vice-chairman and chief executive officer. During his tenure, he was associated with the expansion of the HDFC group and the creation of key financial services businesses, including HDFC Bank, HDFC Life, and HDFC Ergo. Following the merger of HDFC Ltd with HDFC Bank in July 2023, he retired from executive responsibilities and was inducted as a non-executive director on the bank’s board. Mistry also serves on the boards of HDFC Life Insurance, HDFC Ergo General Insurance, Tata Consultancy Services, HDFC Capital Advisors, The Great Eastern Shipping Co., KATB Consultant, Brookprop Management Services, and Flipkart. He advises PwC India and Axis Mutual Fund on real estate and serves as a strategic advisor for Cyrus Poonawalla Group’s financial services ventures.",45,0,0,NA,BS_Delhi_21-03-2026.pdf,55,99.5,57.5,19.6
BSD,20/03/2026,Bank may seek Chakraborty’s clarification on ‘concerns’,"The board of HDFC Bank may formally write to its former Part-Time Chairman Atanu Chakraborty, seeking clarification on the concerns cited in his resignation letter, sources aware of the development said on Thursday. Chakraborty, who resigned the previous day, did not elaborate on the reasons behind his concerns during the board meeting, despite directors asking him to do so. In his resignation letter, Chakraborty said certain happenings and practices within the bank were not “in congruence” with his personal values and ethics. Asked about the recourse the bank will take, Keki Mistry, who has been appointed as interim part-time chairman, said: “The board will, of course, be meeting in due course. The board will discuss how to take this forward.” Chakraborty is a retired 1985-batch Gujarat-cadre Indian Administrative Service (IAS) officer with over 35 years in government service. He served as secretary, Department of Economic Affairs in the Ministry of Finance. “There was a relationship issue between the bank management and the earlier chairman, and that is what manifested in what happened yesterday (Wednesday),” a source said on the condition of anonymity. The source added that there is no governance issue, which is evident from the fact that the Reserve Bank of India (RBI) has come out in support of the bank, saying there are no material concerns regarding governance or conduct at HDFC Bank. Other board members were “baffled” by Chakraborty’s use of words in his resignation letter, as he was not ready to explain, when asked, the reason behind his usage of such words. During an interaction with the media, Renu Karnad, non-executive director, HDFC Bank, said: “I had used the word baffling in the morning (in investor call), and the reason was that Mr Chakraborty had mentioned his comments on ethics, and we had asked him to please elaborate, to please tell us what it was, because if there was anything, then we need to correct it. And every time we asked him that, his response was nothing.” Sources said Mistry would hold the role for three months and is unlikely to seek a full-time position as part-time chairman, though he is expected to continue on the bank’s board. Mistry was serving as non-executive non-independent director on the bank’s board before being appointed interim part-time chairman of the bank. On the media call, Mistry said: “… as far as I am concerned, my role is for three months. I would like to stabilise things as much as I can. At the end of three months, would I want to continue…? My feeling is no.” Mistry also tried to calm stake-holders and expressed confidence in the bank’s governance, saying there were no material matters, no specific instances, and no operational issues at the bank, and that none of the board members was aware of the issue that led to Chakraborty’s resignation. “…I wish to assure all stakeholders that there are no material matters at this point of time. Based on our discussions, there were no specific happenings and practices that were brought to our attention,” Mistry said on an analyst call, adding that there were no specific operational or other issues that have been highlighted. He also stated that the bank’s board is fully committed to safeguarding institutional resilience and index of confidence. “The bank operates with strong governance standards, robust internal controls, and an extremely experienced management team. Our strategic direction, business priorities, and execution capabilities continue to remain as always,” Mistry added.",40,0,0,NA,BS_Delhi_21-03-2026.pdf,55,95.2,52.1,50.0
BSD,20/03/2026,Not unusual for RBI to come out in support of a bank in trouble,"The Reserve Bank of India’s (RBI’s) decision to come out quickly and strongly in support of HDFC Bank on Thursday in the wake of sudden resignation of its part-time Chairman Atanu Chakraborty on late Wednesday evening, was aimed at calming depositors and investors’ nerves. Such a move by the central bank is rare but not unusual. Typically, the RBI does not talk about any individual organisation that it regulates. HDFC Bank — officially known as Domestic Systemically Important Bank (D-SIB) — is “too big to fail”. D-SIBs are subjected to greater scrutiny and higher capital requirements. Only two other banks in India — country’s largest lender State Bank of India (SBI) and second-largest private sector lender ICICI Bank — are D-SIBs. HDFC Bank, the largest private sector bank in the country, has a deposit base over ~27.5 trillion and loan book of over ~28.6 trillion. It had 100 million customers at the end of December 2025. Commenting that it has taken note of the recent developments in HDFC Bank, the RBI said: “HDFC Bank is a D-SIB with sound financials, professionally run board, and competent management team.” Recently, when another private sector lender, IDFC First Bank, was hit by a fraud in one of its branches in Chandigarh, RBI Governor Sanjay Malhotra had said there was no systemic issue with the bank. He said this while responding to a query from the media in New Delhi. Way back in 2008, when rumours surfaced about trouble in ICICI Bank, the RBI came out with a statement saying the bank has sufficient liquidity and will be able to meet requirement of the depositors. Following the clarification, rumours evaporated, and the share price recovered. Similarly in 2020, when Yes Bank was facing trouble, the central bank came out with a statement saying depositors’ money is safe and the bank is being closely monitored. Yes Bank put in place a new board and chief executive officer (CEO), which took the bank out of trouble. In the last 25 years at least, it was ensured by the banking regulator that no depositor of any commercial bank lost their hard-earned savings.",55,0,0,NA,BS_Delhi_21-03-2026.pdf,55,39.9,52.2,23.8
BSD,20/03/2026,Bank board may approve Jagdishan reappointment,"Sashidhar Jagdishan’s continuance as HDFC Bank managing director and chief executive officer (MD & CEO) will be taken up for consideration in a month by the nomination and remuneration committee, a constituent of the lender’s board. The proposal will then be sent to the Reserve Bank of India (RBI) for approval. The current term of Jagdishan ends in October. According to RBI norms, a bank has to send to the regulator its board-approved recommendation on the top executive’s reappointment five-six months before the term of the person ends. It is during Jagdishan’s tenure that HDFC Bank took the big decision of merging into itself the erstwhile mortgage lender HDFC, which was the lender’s parent. The merger came into effect in July 2023. During an analyst call on Thursday, Jagdishan said the best period of the bank would start now with growth returning to pre-merger levels. “We are waiting for that opportunity (return of growth) to unveil and unravel,” Jagdishan said. “... the economy probably is in a sweet spot amid turmoil in the world. The bank is now well positioned. We had a trajectory and are on that trajectory. I think you will see the kind of growth that we were used to pre-merger coming back,” he said. Jagdishan dismissed reports of possible differences of opinion with Deputy Managing Director Kaizad Bharucha, and said he was happy that Bharucha had been reappointed for three years from April this year. “The fact that we were all unanimous in sending his name for another term reflects that, and we’re happy that approval has come. He’s going to be there for the next three years, which is going to be one of the best periods in the history of the bank,” Jagdishan said. When asked about the market speculation that he may not seek another term, Jagdishan said: “I have not expressed this kind of feeling to anyone, either to my own self or to the board.” Following the reverse merger with HDFC, the bank calibrated its growth to bring down its elevated credit-deposit (CD) ratio. The bank in 2024-25 (FY25) had significantly slowed its credit growth, and in FY26 it guided that it would grow in tandem with the industry. From FY27, the bank said, its growth would outpace the industry’s. Jagdishan, who is in his second term, took charge of HDFC Bank in October 2020. He replaced Aditya Puri. “As regards Sashi’s reappointment, the nomination and remuneration committee will consider it,” said Keki Mistry, during a media call. Mistry has been appointed interim part-time chairman after Atanu Chakraborty quit on Wednesday. Mistry said Chakraborty’s resignation had nothing to do with Jagdishan’s reappointment. “He (Jagdishan) has been running the bank successfully for many years and we all hope that he will continue to grow with the team devotion that he has (shown) over these years.” Mistry said the reappointment of people in senior management was a regular process in a large organisation like HDFC Bank.",55,0,0,NA,BS_Delhi_21-03-2026.pdf,55,99.7,67.2,50.0
BSD,20/03/2026,Eli Lilly not playing the discounts game for GLP-1,"Eli Lilly and Company is signalling a divergence from a price-led playbook, positioning its therapy Tirzepatide as clinically superior, instead of matching the deep discounts anticipated from generic rivals. The decision comes as India is expected to witness a wave of low-cost generics trickle into the GLP-1 therapy market, as the patent for semaglutide expires today. The expiry is expected to intensify competition in the country’s growing diabetes and obesity market. “Tirzepatide’s differentiation lies in its dual mechanism targeting both GIP and GLP-1 receptors compared to semaglutide’s single-pathway GLP-1 action,” said Winselow Tucker, president and general manager, Lilly India. This has translated into stronger clinical outcomes, particularly in weight reduction, which the company is leveraging as a key competitive advantage, he added. Clinical data cited by the company showed that patients on Tirzepatide achieved average weight loss of over 20.2 per cent, compared with around 13-14 per cent for semaglutide, reinforcing Lilly’s outcomes-driven positioning in an increasingly crowded market. The strategy reflects a broader shift underway across the GLP-1 landscape. As first-generation therapies lose exclusivity, innovation cycles are accelerating toward multi-target drugs and more potent incretin-based treatments rather than price competition alone. Lilly is advancing this playbook with a growing pipeline. Its late-stage portfolio includes oral GLP-1 candidate orforglipron and experimental tri-agonist retatrutide, both aimed at improving efficacy and convenience in long-term weight management. Orforglipron, a non-peptide oral therapy, has been submitted to regulators in more than 40 countries, with a US decision expected in 2026. The company said it plans to bring such innovations to India, subject to regulatory approvals. Beyond commercial strategy, Lilly is also strengthening India’s role in its global innovation ecosystem. Its Hyderabad technology and innovation centre is focused on AI, automation and data science, while its Bengaluru site supports clinical trials, drug development and digital transformation. India is also increasingly being leveraged for late-stage clinical studies, supported by its diverse patient pool. The company has committed over $1 billion to expand its global contract manufacturing network in the country over the coming years. While cardiometabolic therapies remain central, Lilly is preparing to expand into other high-burden areas. A key milestone is the potential launch of donanemab for early Alzheimer’s disease, subject to regulatory approvals. With an estimated 8.8 million people living with dementia in India and numbers expected to double by 2036, the company said it is working to support early diagnosis and ecosystem readiness. The rollout of semaglutide generics is set to broaden the market significantly, with more than a dozen drugmakers including Sun Pharmaceutical, Zydus Lifesciences, Alkem Laboratories and Dr. Reddy’s Laboratories preparing to launch competing versions. As the patent expires today, the branded formulations market could see the emergence of an additional ~1,000-2,000 crore opportunity. More affordable alternatives are also expected to accelerate the uptake of GLP-1 therapies, particularly among patients with diabetes. The opportunity is underpinned by India’s expanding patient pool. National Family Health Survey data suggested that nearly one in four Indians aged 15-49 years is overweight or obese, while the Indian Council of Medical Research’s INDIAB study estimates that over 101 million people are living with diabetes.",55,0,0,NA,BS_Delhi_21-03-2026.pdf,55,99.3,54.3,93.5
BSD,20/03/2026,Cos eye alternatives after CDSCO bans weight-loss drug ads,"Pharma industry executives say companies may pivot to alternative outreach strategies for doctors after the Central Drugs Standard Control Organisation (CDSCO) asked firms to refrain from advertising semaglutide-based weight-loss drugs. This comes at a time when more than 50 generic brands are expected to hit Indian markets as the patent protection for semaglutide-based glucagon-like peptide-1 (GLP-1) agonists expires on Friday. GLP-1 agonists are a class of medicines that help regulate blood sugar, increase fullness (satiety), and slow stomach emptying, leading to weight loss and improved glucose control in patients with type-2 diabetes and obesity. “The CDSCO has banned all advertisements related to semaglutide or any GLP-1 drugs. Therefore, companies will have to adopt alternative methods to build awareness and educate stakeholders about these medications,” an executive with a Delhi-based pharma company told Business Standard. Sukhvinder Singh Saggu, director for minimal access, gastrointestinal (GI) and bariatric surgery at Delhi’s CK Birla Hospital, said that one approach will be organising conferences and continuing medical education (CME) programmes for doctors, along with improving patient support drives to influence prescriptions. However, market watchers say the move came just weeks before the patent expiry. “Doctor-promotion and intimation of launch must have happened more than a month back,” said Sheetal Sapale, vice president (commercial) at Pharmarack. New launches in the injectable GLP-1 agonist segment, including tirzepatide and semaglutide, have seen a 177 per cent rise in sales in the last one year on a moving annual turnover (MAT) basis — from ~571 crore in February 2025 to ~1,446 crore in February 2026. Developed by Danish drugmaker Novo Nordisk, semaglutide is currently available in India as Ozempic, Wegovy, and Rybelsus. However, with the molecule losing patent protection, several Indian companies have begun aggressive promotion. Jitendra Chouksey, founder and chief executive officer (CEO) at online fitness platform Fittr, said that despite the ban, there are still companies, influencers, and doctors running advertisements and promoting GLP-1 drugs without any consequences. “Before the launch of an innovator molecule, multinational corporations (MNCs) typically spend more than half a year on scientific education of speciality and super-speciality doctors about the disease, patient profiling, and education,” a pharma analyst added.",50,0,0,NA,BS_Delhi_21-03-2026.pdf,55,95.8,53.1,18.2
BSD,20/03/2026,‘Cybersecurity needs more than human intervention in AI age’,"The arrival of artificial intelligence (AI) in the threat landscape has resulted in cutting down the time for a high-damage ransomware to be launched within a couple of days from the earlier timeframe of a week or 10 days, said Nicole Quinn, the vice-president for policy and government affairs in the Japan and Asia Pacific region at Palo Alto Networks. This shortened timeline has, in turn, meant that ensuring cybersecurity for all companies — especially startups and small and medium enterprises (SME) — can no longer be achieved solely through human intervention, she said. “Traditionally, cybersecurity has always been bolted on as an afterthought. With AI now in the picture, startups and SMEs have to think of cybersecurity from the start,” Quinn said, adding that most startups and SMEs often just focus on the product while losing focus on the environment, or ecosystem they operate in. In countries such as India, where the scale of operations for most companies is larger than in other regions and geographies, AI needs to be deployed at an equal scale to ensure deep-rooted protection, she said. Palo Alto Networks, among the world’s largest pure-play cybersecurity companies, believes India will need to strike a fine balance between fostering AI innovation and protecting individuals' safety. “I think a lot of it can be done by setting frameworks and guardrails. In cybersecurity, there is an element of recognising companies and organisations that do the right thing. But there should be a set of standards and frameworks that every company should be measured against,” Quinn said. These guardrails, despite companies following best cybersecurity practices, ensures the users’ trust in innovation and assures safety, she said. Countries worldwide also need to agree on a common minimum set of cybersecurity safety standards, despite individual nuances with respect to language and cultural differences, Quinn said. “Fundamentally, we are all trying to do the same thing, which is to secure enterprises, citizens and our economic future. Though investment in cybersecurity can sometimes be challenging, companies need the regulatory stick to ensure that there is money being put to ensure safety,” she said.",50,0,0,NA,BS_Delhi_21-03-2026.pdf,55,99.4,53.6,21.4
BSD,20/03/2026,MobiKwik to double down on payment devices biz,"Fintech firm MobiKwik is eyeing monetisation from merchant payment acceptance devices as the company plans to double down on deployment of soundboxes and electronic data capture (EDC) machines this year, a senior company executive said. The Gurugram-based company plans to scale up the category in 2026, targeting an initial contribution of about 10 per cent to its top line, Mobikwik Cofounder and Chief Financial Officer Upasana Taku told Business Standard. “We have a focused approach in terms of geographies and the quality of merchants and the sectors that we want to acquire. We can either deploy a soundbox or an EDC machine there, both of which are profit-and-margin driving products. We can make a good rental income there,” she said. She explained that eventually the focus on servicing high quality merchants beyond India’s Tier-I sector would open opportunities for cross-selling financial services such as merchant loans. MobiKwik has a base of more than 186.6 million registered users and over 4.79 million merchants. “Most of this year, we will go and build out. And in that build out, the cost will be there, the GMV (gross merchandise value) will go up, the revenue will follow. Eventually, this business will break even over a period of time,” she said. Taku explained that a soundbox yields a rental income over two years, whereas an EDC machine does so over a three-year period. She explained that part of the company’s initial public offering (IPO) proceeds would be utilised to fund this business as the company plans to scale it up. “We had already raised ~70 crore in our IPO for this business. Out of which, only about ~8-9 crore has been utilised. We will utilise the balance amount,” she said, adding that it was a cost-intensive business that requires a team of feet-on-street staff. MobiKwik was listed on the stock exchanges in December 2024. The focus on offline merchant acquiring comes at a time when the market is dominated by players such as PhonePe and Paytm. Taku explained that towns in India’s Tier-III presented a window of opportunity to grow the business despite the dominance of incumbents. “We will not go as a third device (for a merchant). But, one thing one should understand is anyone who has two (acceptance devices), may also have dissatisfaction from time to time. This can either be with the device or with the relationship manager, and merchants look for replacements,” she said. The company had posted a consolidated net profit of ₹4.04 crore in the third quarter of financial year 2025-26 (Q3FY26), after it had reported a wider net loss of ₹53.18 crore in Q3FY25. MobiKwik’s revenue from operations grew 7.22 per cent to ₹288.94 crore in Q3FY26, compared with ₹269.47 crore in Q3FY25. On a quarter-on-quarter basis, revenue rose 6.93 per cent from ₹270.21 crore in Q2FY26.",60,0,0,NA,BS_Delhi_21-03-2026.pdf,55,88.6,53.5,84.2
BSD,20/03/2026,Qcom boom reshapes packaged food mkt,"India’s packaged food and beverages market is entering a new phase of growth, projected to expand to over $150 billion from about $100 billion by 2030, according to consulting firm Redseer’s latest report, “Reinventing Packaged F&B with Quick Commerce.” Within this evolving landscape, the quick commerce (qcom) channel alone is expected to scale from $4 billion today to more than $25 billion in gross merchandise value (GMV) by 2030, driven by rising demand for speed, convenience, and high-frequency consumption. “Qcom is emerging as a structural force in the packaged food and beverages market, driven by its ability to capture demand at the point of intent,” said Mrigank Gutgutia, partner, Redseer Strategy Consultants. “What was once seen primarily as a distribution channel is now starting to shape category strategy, innovation priorities, and investment decisions across the ecosystem. For brands, operators, and investors, this marks a fundamental shift in how growth will increasingly be built and realised.” Qcom has moved well beyond being a last-minute fulfilment channel. With over 50 million monthly users across over 250 cities, it is beginning to influence everyday purchase behaviour. Its share in the packaged food and beverage (F&B) market is expected to rise from about 4 per cent today to nearly 15-20 per cent by 2030, growing significantly faster than other formats and steadily taking share from them. Consumers are becoming more deliberate in their food choices, with younger cohorts driving demand for higher-protein and cleaner-label products.",65,0,0,NA,BS_Delhi_21-03-2026.pdf,55,95.4,58.1,95.5
BSD,20/03/2026,Aditya Khaitan resigns from Kilburn Engineering board,"Aditya Khaitan, a member of the promoter family of Kilburn Engineering, has stepped down from the company’s board, it said on Thursday. The move follows the resignation of Amritanshu Khaitan from the board of group firm McLeod Russel, the tea producer. Aditya Khaitan had resigned as non-executive director due to other commitments with effect from March 19, Kilburn said in a regulatory filing. Khaitan’s resignation letter mentioned that he was resigning as a non-executive director of Kilburn Engineering with immediate effect in order to devote more time to his other endeavours. The younger son of Brij Mohan Khaitan and Amritanshu’s uncle is the chairman and managing director of the country’s largest bulk tea producer. The back-to-back boardroom changes at the two companies — McLeod and Kilburn — signal a demarcation of operational control and governance within the promoter group.",50,0,0,NA,BS_Delhi_21-03-2026.pdf,55,23.7,48.4,13.9
BSD,20/03/2026,Govt launches ~497 crore scheme to aid exporters,"The government on Thursday unveiled a scheme, Resilience & Logistics Intervention for Export Facilitation (RELIEF), worth ~497 crore to assuage some of the challenges related to “extraordinary freight escalation, heightened insurance premia and war-related export risks” that Indian exporters have been grappling with due to the West Asia war. The commerce and industry ministry called the scheme “time-bound and targeted intervention” and launched it under the Export Promotion Mission (EPM). Escalating security concerns around the Strait of Hormuz due to the United States-Israel war with Iran have led to vessel diversions, longer sailing routes, congestion at transshipment hubs and emergency conflict-linked surcharges. This has not only resulted in higher logistics costs but has also created operational uncertainty for export consignments moving to or through the region. “Our exporters who have been exporting to the Middle East (West Asia) are facing certain challenges. There have been instances where their exports, which were meant for some of the countries in the Middle East, have not been able to reach their destinations. Their future exports are also getting impacted. There is a sense of worry among the exporters,” commerce secretary Rajesh Agrawal told reporters in a briefing. Cargo accumulation at ports and airports with perishable shipments has been affected the most. Ministry of Micro, Small and Medium Enterprises (MSME) exporters have been hit the hardest – with payment delays, working capital stress and limited ability to pass on cost increases. Lav Agarwal, director general of foreign trade (DGFT), said that the calibrated support package was needed to stabilise export flows and protect India’s market share during this crisis. Shipping lines and insurers have introduced additional war-risk premiums, and emergency conflict surcharges. For instance, during the Red Sea crisis in FY24, freight rates on key routes rose nearly 90-100 per cent within a short period, he said. “Through RELIEF, the government aims to mitigate the immediate impact of logistics disruptions, protect exporter confidence, prevent order cancellations and safeguard employment in export-linked sectors. The intervention also reinforces India’s commitment to maintaining resilience and competitiveness in global trade during periods of uncertainty,” the official statement said. The scheme will be implemented by state-owned export credit agency ECGC Ltd, which will handle verification, claim, settlement and disbursement. Exports to or via countries such as the United Arab Emirates (UAE), Qatar, Oman, Bahrain, Kuwait, Israel, Iraq, Iran, Yemen are covered. The RELIEF scheme is a three-component package for — the already insured exporters, upcoming exports to the Gulf region and non-ECGC MSME exporters. Exporters who have already obtained ECGC credit insurance cover for eligible consignments will benefit from up to 100 per cent risk coverage, over and above the existing ECGC cover, during the eligible period — February 14, 2026 to March 15, 2026 — thereby ensuring enhanced protection without additional financial burden. The estimated support from the government will be ~56 crore. In case of exporters planning future consignments, during the next three months — from March 16, 2026 to June 15, 2026 — they will be encouraged to obtain ECGC cover with government support for up to 95 per cent risk coverage, over and above the existing ECGC cover. This will help sustain exporter confidence and facilitate continued shipment flows despite logistics uncertainties. The estimated support will be ~159 crore. In case of MSME exporters that may not have availed credit insurance from February 14, 2026 till March 15, 2026, but are facing extraordinary freight and insurance surcharge burdens, the scheme includes a partial reimbursement of up to 50 per cent. The estimated support will be ~282 crore. “This support will be extended subject to prescribed conditions, documentary verification and notified ceilings (up to ~50 lakh per exporter), and is intended to provide timely relief against conflict-related logistics cost escalation,” the statement said.",60,0,0,NA,BS_Delhi_21-03-2026.pdf,55,99.8,53.4,78.9
BSD,20/03/2026,ICAI working with NFRA to identify probe overlaps,"The Institute of Chartered Accountants of India (ICAI) is working with the National Financial Reporting Authority (NFRA) to identify overlapping cases between the two bodies and ensure there are no redundancies, according to sources. The idea behind the exercise is to promote better coordination between the two bodies. Sources said ICAI is expected to stop its investigations in matters where NFRA had also started a probe. Some of the cases that ICAI is looking into include Gensol, Bluesmart, and IndusInd. These cases are also being probed by the NFRA. The ICAI and NFRA have often been at loggerheads in the past, with the former calling for a pause in the revision process of audit standards to allow for a comprehensive review. This was after NFRA had brought out revised Standards on Auditing 600 (SA) for public consultations to address what it had found to be “the severely deficient quality and serious lack of due diligence” in Group Audits in India. The ICAI, however, felt that given the complexities of the Indian market, the revised standards will concentrate audit work in the hands of a few big firms. Sources in the ICAI said that the unique regulatory architecture and professional environment in India require a careful consideration of domestic needs before transplanting overseas standards. ICAI’s Financial Reporting Review Board (FRRB) had in April 2025 decided to review the financial statements and the statutory auditor’s report of Gensol Engineering Ltd and BluSmart Mobility Pvt Ltd for the financial year 2023-24 (FY24) on a suo motu basis. The Securities and Exchange Board of India (Sebi) had referred the same matter to the NFRA for further inspection. In case of IndusInd, the NFRA had launched a probe after receiving a complaint against accounting lapses in the bank through the Centralised Public Grievance Redress and Monitoring System (CPGRAMS). The case has also been on ICAI’s radar, but no final recommendation has been made yet. In February, ICAI President Prasanna Kumar D had said that they had formed a special team to review the top 10-15 public interest cases, including Gensol Engineering and IndusInd Bank.",50,0,0,NA,BS_Delhi_21-03-2026.pdf,55,87.5,49.3,50.0
BSD,20/03/2026,Govt approves food processing projects worth over ~200 crore,"The Uttar Pradesh (UP) government has cleared 14 food processing projects, worth over ₹200 crore, to link the agricultural sector directly with the market. The approved private projects span farm segments, including vegetables, horticulture, dairy and poultry. The state will develop these projects in major industrial and commercial hubs, such as Varanasi, Meerut, Kanpur, Lucknow, Lakhimpur Kheri, Bareilly, Ayodhya and Rampur. UP Deputy Chief Minister Keshav Prasad Maurya said food processing holds immense potential to augment farm income and generate large-scale employment opportunities. He directed officials to create awareness about subsidies provided under the Uttar Pradesh Food Processing Industry Policy 2023 so that more enterprises could be established. Meanwhile, consumer foods company Apis India Limited is looking to set up a greenfield food processing unit in Western Uttar Pradesh. Its managing director, Amit Anand, said the company, which procures almost 4,000 tonnes of honey from the state, was aiming to double its procurement within the next three years. He added that UP’s industrial policy was among the most progressive in India. The government is promoting food processing so that farmers receive better prices with an enriched agricultural value chain. The state has received proposals for production of namkeens and sweets, culinary herbs, milk powder, desi ghee, paneer, whey powder, ready-to-cook products (pre-mix dalia and khichdi), poultry feed, and other products, besides processing of frozen vegetable and spices.",60,0,1,UP,BS_Delhi_21-03-2026.pdf,55,97.5,55.2,50.0
BSD,20/03/2026,Discoms get loan interest relief,"Two financing agencies of the central government have provided “significant relief” to power distribution corporations (discoms) of Jaipur, Jodhpur and Ajmer by lowering interest rates on loans, said an officer of the Rajasthan energy department. The Power Finance Corporation (PFC) and Rural Electrification Corporation (REC) lowered rates after Chief Minister Bhajan Lal Sharma met Union Power Minister Manohar Lal Khattar in New Delhi recently. “It will result in reducing the debt burden of the distribution corporations,” said the Rajasthan officer. “The savings generated can be used for the expansion, strengthening and operation of power infrastructure.” The loss-making discoms of the three cities have a combined debt burden of around Rs 98,000 crore. They had to pay more than Rs 7,800 crore in interest payments in FY26, up until January. Interest rate relief will have a “positive impact” on their balance sheets, said the officer. PFC and REC, which fund capital expenditure for power infrastructure, account for around 75 per cent of the total debt owed by the three discoms. PFC has approved a special interest rate of 9.60 per cent for Jaipur discom — a reduction of up to 1.40 per cent — on long-term capital loans that previously carried an interest rate of more than 11 per cent. For Jodhpur and Ajmer discoms, the rate has been fixed at 10.50 per cent. REC will provide a special interest rate of 9.60 per cent to the three discoms on medium-term loans — a reduction of up to 1.40 per cent. Furthermore, REC has extended concessions to the Jaipur discom on capital loans that previously carried interest rates of more than 11 per cent, reducing the term to 9.60 per cent.",55,0,1,RJ,BS_Delhi_21-03-2026.pdf,55,98.2,59.1,17.4
BSD,20/03/2026,"WTO ministerial meet set to focus on reforms, ecom","The World Trade Organisation’s (WTO’s) upcoming 14th ministerial conference (MC14) is set to see intense discussions on key issues, including reforms, e-commerce, fisheries subsidies and the long-pending permanent solution on public stockholding. The 14th MC will be held from March 26-29 at Yaoundé in Cameroon. “This ministerial (conference) is broadly being termed as the reform ministerial (conference) because there are multiple issues that the countries have been nudging. Reform is not expected as an outcome of this ministerial (conference), but as a pathway for reforming WTO. That will be part of the agenda -- what can be the credible pathway, whether we should go towards that pathway and whether the member (nations) should discuss reform as an agenda for coming out with certain solutions, suggestions for the next ministerial (conference),” a senior official said on Thursday. India expects detailed discussions on the matter related to e-commerce as it is an evolving area of trade – and a matter that has been discussed for 28 years now. Under a WTO moratorium, countries do not impose customs duties on cross-border e-commerce transactions. WTO member nations have periodically agreed to extend the moratorium and have been divided on the issue. Developing countries, such as India, have been battling for policy space to impose customs duties on electronic transmissions, holding that the moratorium has adversely impacted its revenue collections. Developed countries, including the United States (US), Australia, want an extension of the moratorium. During the 13th WTO ministerial conference in 2024, nations agreed to maintain the current practice of not imposing customs duties on electronic transmissions until the next ministerial conference scheduled for next week. Officials in New Delhi believe that there is a need for a clear definition of goods under electronic transmission, the official cited above said. India is also expected to face pressure on the proposal on investment facilitation at the WTO, which has been agreed upon by 128 countries, including 27 countries from the European Union. The China-led IFD proposal aims to enhance the transparency of investment regulations to make countries more efficient and attractive to foreign and national investors. Apart from an attempt to attract more foreign direct investment flows, the idea is also to aim for higher-quality investment at a time when many developing countries are grappling with weak growth, high inflation. India has not joined the agreement and has also opposed it as it will dilute the multilateral nature of the WTO. The group wants to bring the proposal through Annexure-4 of the WTO, under which the proposal would be binding only on the signatory members and not on those who are opposed to it. That apart, the matters related to the fisheries subsidies and the long-pending permanent solution on public stockholding will also be discussed extensively, the official said.",50,0,0,NA,BS_Delhi_21-03-2026.pdf,55,98.9,55.1,50.0
BSD,20/03/2026,"~10,000 cr container scheme under appraisal: Sonowal","The government’s recently announced container manufacturing scheme is currently being appraised, Union Minister of Ports, Shipping and Waterways Sarbananda Sonowal informed Parliament on Thursday. “The Government in Budget 2026-27 has announced a scheme for container manufacturing in India with a budget outlay of ~10,000 crore aimed at creating a globally competitive container manufacturing ecosystem in the country through financial incentives to support establishment and expansion of container manufacturing units. The Ministry has initiated the process of appraisal of the Scheme,” he said. Meanwhile, the parliamentary standing committee on commerce said that there is a growing need to bring containers under the Make in India initiative.",55,0,0,NA,BS_Delhi_21-03-2026.pdf,55,91.1,50.0,93.6
BSD,20/03/2026,CIL ramps up measures to ensure coal supply to all segments,"Amid the West Asia crisis affecting energy supplies nationwide, Coal India Limited is taking steps to ensure an uninterrupted coal supply to all categories of consumers, including small and medium enterprises, as the government works to maintain energy security in changing demand conditions. As part of its strategy, the company has scheduled 29 e-auctions in March 2026, offering approximately 23.56 million tonnes (MT) of coal. Of these, five auctions conducted since March 12 saw 31.96 lakh tonnes booked against 73.1 lakh tonnes offered, indicating adequate availability of the dry fuel in the market, the Coal Ministry said on Thursday. Business Standard earlier reported that small consumers in Delhi-NCR are actively shifting to alternative fuels such as coal as the supply of LPG is choked. Prices of retail coal surged by almost 50 per cent in the informal market. CIL, which accounts for 80 per cent of coal produced in the country, is supplying to small and medium consumers through the State Nominated Agencies (SNAs) route and has requested states to communicate any additional requirements, which it said can be fully met to avoid potential shortages. The supply push comes against the backdrop of comfortable coal availability across the system. Pithead coal stock at CIL mines stood at 125.54 MT as on March 18, 2026, up from 106.78 MT on April 1, 2025. Additional stocks include 5.75 MT at Singareni Collieries Company Ltd, 15.75 MT at captive and commercial mines, 12 MT in transit, and 5.49 MT at ports and sidings.",55,0,0,NA,BS_Delhi_21-03-2026.pdf,55,62.9,48.5,77.9
BSD,20/03/2026,Fertiliser stocks enough for kharif season: Govt Warns against needless speculation,"The Ministry of External Affairs on Thursday said that India remains in touch with several countries to source its fertiliser imports as it has a diversified base. Sources said the government is in the process of procuring fertilisers from Russia, Morocco, Tunisia, Saudi Arabia and Jordan. They said the government is reaching out to more countries to diversify India’s sourcing of fertilisers. A senior official said that India has also decided to procure spot gas on a competitive basis and the first phase purchase will be over soon. The official also warned commentators to look at the factual situation and desist from uninformed speculation. The government said that currently, India has adequate fertiliser stocks for kharif 2026, while the Department of Fertilisers has also put out global tenders in anticipation of the current situation which has received a very good response. The government expects the bulk of the imported quantities ordered from a variety of sources to arrive by the end of March.",55,0,0,NA,BS_Delhi_21-03-2026.pdf,55,87.9,56.0,87.3
BSD,20/03/2026,Gas-based power plants increasingly becoming impractical: NTPC chief,"Gas-based power generation assets are increasingly proving impractical, and current conditions have further reinforced that gas based systems may not be viable, NTPC Chairman Gurdeep Singh said on Thursday. He referred to the West Asia crisis which has led to concerns over gas availability for low priority sectors. Speaking at the Bharat Electricity Summit on Thursday, Singh also referred to concerns over running thermal power projects at a low Plant Load Factor (PLF) to provide flexibility for renewable energy generation. “Going forward, we need to consider alternatives. This could include developing plants specifically designed for flexibility such as subcritical units that can be ramped up and down... daily,” Singh said. He added that instead of forcing existing plants for flexible load, which were not designed for such operations, focus should be on building new, flexible power units. Smaller units designed for such flexibility could also be grouped together for efficient operation, he said. “If this continues, we may eventually be forced to take some of these machines out of operation, which would be counterproductive,” Singh said.",45,0,0,NA,BS_Delhi_21-03-2026.pdf,55,75.5,48.7,3.3
BSD,20/03/2026,"India reaches out to Russia, Jordan for fertiliser sourcing","India on Thursday termed the attacks on energy installations in West Asia, especially in the Gulf region, as “unacceptable”, calling for these attacks to ""cease"" and saying that the latest poundings are a concern because they affected the country's liquefied natural gas (LNG) sourcing. Officials said the supply of liquefied petroleum gas (LPG), oil and fertilisers has been a matter of concern, and efforts are afoot to diversify their sourcing with several vessels, including from Russia and Jordan, carrying these products set to dock at Indian ports in the next few days. They said tenders have been issued to purchase fertilisers from Russia, Morocco, Tunisia, Saudi Arabia, and Jordan. India continues to buy oil from Russia. The Department of Fertiliser (DoF) has also decided to procure spot gas on a competitive basis, and the first phase purchase will reach by Tuesday, the officials added. In a phone call to the King of Jordan, Abdullah II, on Thursday, Prime Minister (PM) Narendra Modi discussed the “attacks on energy infrastructure in West Asia”, which he said are “condemnable and can lead to avoidable escalation”. India and Jordan stand in support of unhindered transit of goods and energy, the PM said in a post on social media. Modi also had telephonic conversations with French President Emmanuel Macron, Oman's Sultan Haitham bin Tariq, and Malaysian PM Anwar Ibrahim. In his conversation with the Omani Sultan, Modi flagged the need for free passage through the Strait of Hormuz, a strategically key shipping lane. External Affairs Minister (EAM) S Jaishankar met UAE’s Minister of State for International Cooperation Reem Al Hashimy on Thursday afternoon, and also had a telephonic conversation with Israeli Foreign Minister Gideon Saar. The two exchanged views on the ongoing West Asia conflict and its many repercussions, Jaishankar posted on social media. Of the 22 Indian-flagged merchant vessels stuck in the west of the Strait of Hormuz, nearly half a dozen are carrying LPG, sources said. “India and Oman stand for safe and free navigation through the Strait of Hormuz,” Modi said about his conversation with the Sultan of Oman. At a briefing on Thursday evening, Ministry of External Affairs (MEA) spokesperson Randhir Jaiswal said: “Couple of days back you saw that because of our engagement… and with talks and diplomacy with several of the stakeholders, we were able to get two of our LPG ships through the Strait of Hormuz.” New Delhi described the attacks against energy installations in different locations across the region, especially the Gulf countries, as deeply disturbing and that these “only serve to further destabilise an already uncertain energy scenario for the whole world”. Such attacks are unacceptable and need to cease, Jaiswal said. Since Wednesday evening, Tehran has retaliated against an Israeli attack on Iran's strategic gas fields of South Pars, and attacked key energy infrastructure in several Gulf nations, including Qatar's LNG hub of Ras Laffan. Qatar accounts for nearly 40 per cent of India’s LNG requirement. Oman has also faced the brunt of the Iranian retaliation. “India had previously called for avoidance of targeting civilian infrastructure, including energy infra, across the region,” Jaiswal said. The attacks have caused global energy prices to increase further, he added. On the fertiliser situation in the country, Jaiswal said the DoF had “put out global tenders well in time, in anticipation of the current situation”. “These have received a very good response and we expect to have the bulk of the quantities ordered from a variety of sources by the end of March,” he said. “All our partners have assured us of uninterrupted supplies, and we hope to attain and maintain comfortable stocks of fertilisers by the time kharif demand peaks by May 15,” he said.",55,0,0,NA,BS_Delhi_21-03-2026.pdf,55,93.4,54.5,4.4
BSD,20/03/2026,$2.2 trn power push: PM invites global investors,"India presents a massive investment opportunity across the power and energy value chain, with an estimated $2.2 trillion needed over the next two decades. At the Bharat Electricity Summit 2026 in New Delhi on Thursday, Prime Minister Narendra Modi invited the global community to invest in India. “I invite the global community to make in India, innovate in India, invest in India, and scale with India,” Modi said, adding that the country needs considerable investment to modernise its power sector. Speaking at the event, Power Secretary Pankaj Agarwal said India will require around $2.2 trillion in investment over the next two decades to support the energy transition across sub-segments of the sector. He said India has built the “hardware” of the sector, including generation capacity and transmission networks. “The next phase will depend equally on the software of the sector, including regulatory frameworks, market design, pricing mechanisms, and institutional innovation,” he said. This will require time-of-day tariffs, demand response, and flexible generation, he added. Addressing the audience, Power Minister Manohar Lal said India is planning to implement an undersea power transmission cable network with the United Arab Emirates (UAE) as part of the One Sun, One World, One Grid initiative. “If we create an undersea cable network with the UAE, a large part of the world can come together under this vision,” Lal said. On connectivity with other countries, he said India’s link with Sri Lanka is close to completion, alongside partnerships with neighbouring countries, including Bhutan, Nepal, and Bangladesh, where power is already traded.",70,0,0,NA,BS_Delhi_21-03-2026.pdf,55,98.0,51.5,84.1
BSD,20/03/2026,67% vacancies at UGC: House panel,"A standing committee of Parliament has flagged massive vacancies at the University Grants Commission (UGC), noting that more than two-thirds of its non-teaching posts remain unfilled. The panel said the shortage could hamper the commission’s ability to process grants, monitor universities and implement reforms under the National Education Policy (NEP) 2020. “The Committee notes with concern the critical vacancy situation in UGC — 516 out of 763 sanctioned non-teaching positions are vacant (67.6 per cent vacancy rate). This severely impacts UGC’s capacity to discharge its statutory functions, including monitoring thousands of universities, processing grant proposals, and implementing NEP 2020,” the panel said in its report. The observations were made by the Department-related Parliamentary Standing Committee on Education, Women, Children, Youth and Sports in a recent set of reports reviewing higher education funding, student loan schemes and related programmes. The panel recommended a time-bound recruitment drive to substantially reduce vacancies by FY27. “The Committee recommends that UGC should take all necessary steps to fill up vacant positions in a time-bound manner, with a target of at least 75 per cent vacancy reduction by March 2027,” the report added.",40,0,0,NA,BS_Delhi_21-03-2026.pdf,55,68.1,52.8,1.6
BSD,20/03/2026,Odisha tops mining economy charts: Assocham-Icra report,"Odisha is the largest contributor to India’s mining economy, accounting for around 14 per cent of the country’s mining Gross Value Added (GVA) in FY25, according to a report by Assocham (The Associated Chambers of Commerce and Industry of India) and credit rating agency Icra. It was released during the recently held India Mines and Minerals Conclave 2026 in Bhubaneswar. Gujarat ranked second with a share of 12.9 per cent, followed by Maharashtra with 12.1 per cent, Rajasthan with 9.6 per cent and Madhya Pradesh with 8.6 per cent. These five states together contributed over 57 per cent of the national mining GVA. The report said Madhya Pradesh recorded the highest CAGR at 12.5 per cent, followed by Gujarat at 11.9 per cent and Telangana at 11.4 per cent.",55,0,0,NA,BS_Delhi_21-03-2026.pdf,55,73.8,50.0,50.0
BSD,20/03/2026,Top court reserves verdict on definition of term ‘industry’,"The Supreme Court on Thursday reserved its verdict on a reference that could reshape the scope of labour protections under the Industrial Disputes Act, 1947, by revisiting the meaning of the term “industry.” A nine-judge Constitution Bench led by Chief Justice of India Surya Kant concluded hearings on whether the court’s landmark 1978 judgement had adopted an expansive interpretation, bringing a wide range of organised activities, irrespective of profit motive, within the ambit of “industry”, requires reconsideration. The court also posed the question of whether temples can fall within the ambit of an “industry” as the debate turns on whether religious institutions, which often undertake large-scale administrative, charitable, and economic activities, can be equated with organised economic enterprises employing labour for systematic operations. The Tamil Nadu Hindu Religious and Charitable Endowments (HR&CE) department opposed the inclusion of temples within the ambit of “industry,” arguing before the court that such a classification would be legally unsustainable. It contended that temple activities are inherently non-commercial and lack any profit-driven objective. Appearing on its behalf, senior advocate Jaideep Gupta submitted that temples are primarily funded through public donations, with only limited surplus generated by certain institutions. He argued that their functioning cannot be likened to that of industrial establishments.",50,0,0,NA,BS_Delhi_21-03-2026.pdf,55,91.8,57.5,50.0
BSD,20/03/2026,Central banks hawkish but cautious in shadow of war,"Top central banks struck hawkish tones as the Iran war drove energy prices sharply higher but acknowledged that the sheer uncertainty over the impact on the global economy called for caution in their next policy moves. In a rare coincidence of the monetary policy diary, central banks of the United States, Japan, Britain, Canada and the euro zone - effectively the Group of Seven (G7) nations - convened this week, as have counterparts from several emerging economies. Having barely tamed a commodities-led inflation spike after Russia's full-scale invasion of Ukraine in 2022, policymakers are determined to rein in any new price pressures without derailing still-patchy economic growth. The US Federal Reserve and the Bank of Canada on Wednesday both opted to hold interest rates steady, as did the Bank of Japan on Thursday. Yet they made clear they are on alert, wary that rising energy prices could spark a fresh wave of inflation. “In the near term, higher energy prices will push up overall inflation, but it is too soon to know the scope and duration of the potential effects on the economy,” Federal Reserve Chairman Jerome Powell said after the Fed’s 11-1 decision to hold rates in the 3.50 per cent -3.75 per cent range. Yet Powell’s reluctance to say that risks of a weakening job market posed a greater risk to the Fed’s objectives than inflation helped push market rate-cut expectations into 2027. In Tokyo, Bank of Japan Governor Kazuo Ueda said the BOJ would not rule out a near-term rate hike if the expected hit to growth from surging oil costs proves temporary, and does not derail progress in durably hitting the bank's price target. “We need to be mindful that recent developments come at a time when companies are already actively pushing up prices and wages, which suggests they could pass on costs more aggressively than after the war in Ukraine,” Ueda told a news conference. Bank of Canada Governor Tiff Macklem struck a similar note: “If energy prices stay high, we will not let their effects broaden and become persistent inflation,"" he said. Earlier this week the Reserve Bank of Australia hiked rates to a 10-month high and warned of a “material” risk to inflation from the oil price spike. Even Brazil’s central bank, with one of the highest rates of all major economies, opted for a cautious 25-basis-point cut to a benchmark 14.75 per cent rate - a smaller cut than initially expected. On Thursday both the Swiss National Bank and Sweden's Riksbank kept policy rates on hold, flagging the uncertainty of how the war will end up impacting the economy. The European Central Bank left interest rates unchanged as expected but signalled it was closely watching growth and inflation risks from surging oil prices and was ready to act, if that became necessary. The Bank of England also voted unanimously to keep borrowing costs on hold at 3.75 per cent. Analysts expect the rate path to remain bumpy with no clear end in sight to the conflict that could upend global supply chains, jolt financial markets and hurt corporate sentiment. “This latest escalation feels like a turning point for markets because the conflict is no longer just about military headlines or Strait of Hormuz closure,"" said Charu Chanana, chief investment strategist at Saxo in Singapore.",45,1,0,NA,BS_Delhi_21-03-2026.pdf,55,8.7,54.5,19.8
BSD,20/03/2026,Accenture forecasts quarterly revenue below estimates,"Accenture forecast quarterly revenue below estimates on Thursday, as clients remain cautious on spending on large IT transformation projects amid an uncertain economic environment. Shares of the Dublin, Ireland-based company were down more than 3 per cent in premarket trading. The company has been navigating a challenging economic environment, as clients delay large digital transformation projects and prioritise cost control and short-term initiatives. Accenture expects a 1 per cent revenue hit for fiscal 2026 from a slowdown in its federal business as agencies are reining in spending and redirecting budgets. Analysts have said AI should support growth over the long term, but weak demand due to cautious client spending is unlikely to fully recover before 2028. The company expects fiscal third-quarter revenue between $18.35 billion and $19.00 billion, with the midpoint slightly below analysts’ average estimate of $18.72 billion, according to data compiled by LSEG. Accenture said its forecast reflects the company’s best view of the potential impact of the conflict in the Middle East. The company’s revenue rose 8.3 per cent to $18.04 billion for the second quarter, beating estimates of $17.84 billion. Accenture reported a profit of $2.93 per share, compared with $2.82 per share in the same quarter last year. New bookings, a metric that measures future revenue based on contracts, rose 6 per cent to $22.1 billion in the second quarter.",35,0,0,NA,BS_Delhi_21-03-2026.pdf,55,81.8,55.3,1.2
BSD,20/03/2026,HSBC mulls deep job cuts from multiyear AI-fuelled overhaul,"HSBC Holdings Plc is weighing deep job cuts over the coming years as Chief Executive Officer Georges Elhedery bets on AI to shrink its middle and back offices, one of the first signs of how the technology could reshape Wall Street workforces. Non-client facing roles in global service centres are among those expected to be most impacted although the assessment is at an early stage, according to people familiar with the matter, who asked not to be identified discussing preliminary deliberations. The changes could ultimately impact around 20,000 roles - or about 10 per cent of its total workforce, one of the people said. A spokesperson for HSBC declined to comment. The bank’s shares slid 2 per cent as of 8:36 am in London. Elhedery has carried out a radical restructuring of the lender since taking the helm in 2024. He’s already cut thousands of jobs, while selling some businesses and merging or closing others. The bank had around 210,000 employees at the end of 2025. The assessment includes roles where HSBC won’t replace staff, some of the people said, and no final decision has been made. Global banks could eliminate as many as 200,000 positions in the next three to five years as AI encroaches on tasks currently carried out by humans, according to a Bloomberg Intelligence report last year. Chief information and technology officers surveyed by BI indicated that on average they expect a net 3 per cent reduction in workforce, according to the report. The HSBC cuts would take place as part of a medium-term plan spanning three to five years, one of the people familiar said. The potential cuts may lower annualised group expenses by 5 per cent to 6 per cent. Elhedery has also attempted to drive a cultural change as the bank grapples with competition from local and international rivals. It’s moving toward a more Wall Street-style compensation model, in which top performers share a larger part of the bonus pool, while underperformers are pushed to look for opportunities outside of the company. The chief executive has also doubled down on his predecessor’s Asia-pivot strategy by taking private its Hong Kong subsidiary Hang Seng Bank Ltd, a major bet on growth in the Asian financial hub. HSBC said recently it expects to achieve a $1.5 billion cost-savings target in the first half of the year.",40,0,0,NA,BS_Delhi_21-03-2026.pdf,55,87.0,54.1,3.0
BSD,20/03/2026,Energy prices soar as Iran targets Qatar hub,"Energy prices surged on Thursday after Iran struck the world’s largest LNG complex — Ras Laffan Industrial City — causing damage that Qatar said could take five years to repair, as the energy sector’s worst fears about the war launched by the US and Israel on Iran came true. QatarEnergy CEO Saad al-Kaabi told Reuters that the state-owned gas company may have to declare force majeure on long-term contracts to Italy, Belgium, South Korea, and China after the attack meant a loss of around 17 per cent of Qatar’s liquefied natural gas exports for between three and five years. Gas prices in Europe soared as much as 35 per cent on Thursday and oil jumped as much as 10 per cent, before paring gains by mid-afternoon. “I never in my wildest dreams would have thought that Qatar would be — Qatar and the region — in such an attack, especially from a brotherly Muslim country in the month of Ramadan, attacking us in this way,” al-Kaabi said. Iran struck energy infrastructure across West Asia in retaliation against Israeli attacks on its gas facilities on Wednesday. The aerial attacks also targeted a refinery in Saudi Arabia, forced the United Arab Emirates to shut gas facilities, and started fires at two Kuwaiti refineries as Donald Trump threatened retaliation if they persisted. Leading nations in Europe, with Japan, said on Thursday they would act to stabilise energy markets and join “appropriate efforts” to open the Gulf’s oil chokepoint. The leaders of Britain, France, Germany, Italy, the Netherlands, and Japan issued a joint statement urging “an immediate comprehensive moratorium on attacks on civilian infrastructure, including oil and gas installations”. “We express our readiness to contribute to appropriate efforts to ensure safe passage through the Strait. We will take other steps to stabilise energy markets, including working with certain producing nations to increase output,” they added. US Defence Secretary Pete Hegseth pushed back against criticism the US war on Iran risked becoming a military “quagmire”. “The media here — not all of it, but much of it — wants you to think, just 19 days into this conflict, that we’re somehow spinning toward an endless abyss or a forever war or quagmire,” Hegseth said at a news conference on Thursday. “Nothing could be further from the truth.” Hegseth said the US was “winning decisively” — destroying Iran’s ballistic missile arsenal, their navy and submarines. He declined to answer a question about a specific time frame, but said the US is “on plan” with a “clear set of objectives” and would end the conflict at a time of “the president’s choosing, ultimately.” Hegseth cited the strikes against Kharg Island as an example of how the US could control Iran’s fate, warning Iran against targeting Arab countries. “The United States military controls the fate of that country,” he said. Hegseth also hit out at European allies, who have largely shunned President Donald Trump’s request to help police the Strait of Hormuz. Israel’s attack on an Iranian gas field on Wednesday was coordinated with the United States but will likely not be repeated, three Israeli officials said on Thursday, despite US President Donald Trump saying he knew nothing about it. Israel has not publicly acknowledged responsibility for the South Pars attack. On Wednesday night, Trump said in a social media post that Washington “knew nothing about this particular attack” and that Israel would not attack the gas field further unless Iran again attacked Qatar. “Israel, out of anger for what has taken place in the West Asia, has violently lashed out at a major facility known as South Pars Gas Field in Iran,” Trump posted on X. “Unfortunately, Iran did not know this, or any of the pertinent facts pertaining to the South Pars attack, and unjustifiably and unfairly attacked a portion of Qatar’s LNG Gas facility.” No more attacks will be made by Israel pertaining to this extremely important and valuable South Pars Field unless Iran unwisely decides to attack a very innocent, in this case, Qatar, said Trump.",25,0,0,NA,BS_Delhi_21-03-2026.pdf,55,0.4,50.4,6.1
BSD,20/03/2026,Sebi may allow netting of funds for FPIs in March 23 board meet,"The Securities and Exchange Board of India (Sebi) may approve the framework for foreign portfolio investors (FPIs) to net funds across cash market transactions executed on the same day in its upcoming board meeting scheduled for March 23, sources aware of the developments said. The move is expected to ease liquidity pressure and lower funding costs for FPIs, especially during high-volume trading sessions such as index rebalancing days. With the approval, FPIs will be able to use the proceeds from sale transactions in the cash market on a particular day to fund purchase transactions on the same day — requiring them to only fulfil the net fund obligation. However, netting may not be permitted if the FPI buys and sells the same stock or security on the same day or settlement cycle. At present, FPIs are required to fund purchase transactions and deliver securities for sale trades separately. All transactions are grossed at the custodian’s level, and FPIs are required to fulfil their obligations on a gross basis. The custodians settle their deliveries on a net basis with the clearing corporations. The current practice leaves FPIs underinvested for at least one day, and results in additional costs due to forex slippage and reliance on short-term credit lines. Last year, FPIs had made representations to the regulator, seeking relaxations. Following discussions, Sebi had floated a consultation paper on the same in January this year. Sources added that the market regulator may also approve several relaxations for Infrastructure Investment Trusts (Invits) and Real Estate Investment Trusts (Reits), including expanding the scope of investing in liquid fund schemes. Sebi may allow Reits and InvITs to invest in schemes with a credit risk value of 10 or above to diversify portfolios, as the current threshold of credit risk value of 12 leaves limited investment opportunities. Sebi may also align investment conditions for private Invits with public Invits for investing in greenfield projects. Additionally, compliance with the ‘fit and proper person’ criteria for market intermediaries such as stock brokers is also expected to be eased at the upcoming board meeting. Under this, Sebi may do away with the automatic disqualifications arising solely from the filing of criminal complaints, FIRs, or charge sheets in cases involving economic offenses, a move that is expected to reduce regulatory uncertainty for entities facing the initial stages of legal proceedings. Emailed queries to Sebi did not elicit any response till the time of publication. The market regulator is also expected to take up the recommendations of the high-level committee formed to review the code to address conflict of interest within Sebi and manage disclosures by officials. The recommendations were discussed in the previous board meeting in December 2025. However, Sebi Chairman Tuhin Kanta Pandey said they needed more deliberation given some concerns raised by employees. Sources indicated that the number of items to be taken up for approval by the Sebi board will be less in the last board meeting for this financial year (FY26) compared to the usual list of agenda items.",60,0,0,NA,BS_Delhi_21-03-2026.pdf,55,98.1,50.4,93.3
BSD,20/03/2026,IFSCA cracks down on non-compliant entities at GIFT City,"The International Financial Services Centres Authority (IFSCA) has stepped up enforcement against alleged non-compliance by fund management entities (FMEs) and capital market intermediaries (CMIs), issuing show-cause notices to nearly 10 entities in recent months, according to sources. The unified regulator for Gujarat International Finance Tec-City (GIFT City) in Gujarat has sought explanations from these fund houses over alleged lapses. Failure to respond could result in regulatory action, including licence cancellations, people familiar with the matter said. The regulator has also intensified scrutiny of other units operating in the GIFT International Financial Services Centre (IFSC), as part of efforts to strengthen compliance with the special economic zone (SEZ) framework. In parallel, IFSCA is preparing a detailed matrix of non-compliances and corresponding penalties for IFSC units, sources added. In 2024, the regulator issued warnings and advisories to several entities for failing to meet “substance requirements”, such as maintaining a minimum number of on-ground employees and other prescribed thresholds. In a press release issued on Wednesday, IFSCA said that during recent supervisory visits, it observed that certain CMIs were non-compliant with regulatory requirements, including the absence of a principal officer or compliance officer, inadequate infrastructure, and trading conducted through remote access. “Based on the supervisory findings, IFSCA has initiated appropriate regulatory action against the CMIs concerned in accordance with the applicable regulatory framework,” it said. “Sometimes regulators take such measures to bring in ‘extra discipline’ so that entities remain cautious and do not take compliance lightly. It’s a balancing act. The number of entities registered in GIFT City has surged manifold in the past five years, so an increase in regulatory action is understandable,” said a person familiar with the developments, adding that the issues are unlikely to “rock the boat” for business activity in the financial hub. As of December 2025, more than 200 FMEs and around 300 schemes were operating out of GIFT City, with commitments exceeding $32 billion. Industry sources said most of the issues stem from inspections conducted over the past two years and largely relate to operational lapses. Some have called for a more lenient approach to support the ecosystem’s growth. “The regulations in GIFT City have been evolving. Entities need to adapt to these changes. Some may have already rectified gaps or alleged violations since the inspections. On the other hand, in the absence of settlement proceedings, those unwilling to opt for adjudication have little choice but to await hearings with the regulator,” said another industry participant. Sources added that FMEs and intermediaries are in the process of responding to the notices. Emailed queries to IFSCA remained unanswered at the time of going to press.",50,0,1,GJ,BS_Delhi_21-03-2026.pdf,55,96.5,53.4,5.7
BSD,20/03/2026,March uptick in brokerages tapping debt market,"There has been a year-on-year (Y-o-Y) increase in the number of brokerages tapping the debt market for capital. There were at least 12 entities which filed offer documents on the National Stock Exchange (NSE) as of mid-March for debt issuances, shows a Business Standard analysis. This is twice the number seen in the whole of March last year. The study is based on manual perusal of documents as available, and should be considered indicative. The increase comes even as the Reserve Bank of India (RBI) restrictions on fundraising through banks come into effect from April 1. Recent filings include Axis Securities, HDFC Securities, IDBI Capital Markets and Securities, IIFL Capital Services, Kotak Securities, and Motilal Oswal Financial Services Limited. This is in addition to the names which were also seen in March last year, such as HSBC Investdirect Financial Services, Angel One, ICICI Securities, JM Financial Services, Aditya Birla Money, and Cholamandalam Securities. Emails sent to the issuers did not elicit any reply till press time. The RBI released new norms on funding capital market intermediaries like brokerages in February. The norms are primarily expected to affect proprietary entities trading on their own account, as well as those who depend on intraday credit lines for various business activities. This comes even as the top brokers have begun to manage larger amounts of business, with the top 10 gaining increased market share over the last ten years. “More players are expected to explore debt markets and tap the money-market borrowing space,” said Deep Inder Singh, vice president at rating agency Icra. Proprietary traders, or broking entities trading on their own account, had historically enjoyed the benefit of a capital multiplier by using bank guarantees (BGs) to place margins with exchanges. Under this structure, they were required to provide collateral equivalent to only 50 per cent of the BG amount, enabling them to generate ~100 crore of bank guarantees with just ~50 crore of collateral. This leverage, combined with the additional yield earned through interest income on fixed deposits placed as collateral for availing BGs, allowed such proprietary traders to generate pre-tax returns on equity of as much as 20-25 per cent using hedged arbitrage strategies, according to Singh. This compared favourably with the high single-digit to low double-digit returns earned by players that did not have access to this capital-efficient structure. With the RBI now mandating 100 per cent cash collateral against bank guarantees, the level of leverage available to proprietary traders is set to decline materially. In response, some participants may choose to fund their activities through alternative instruments such as non-convertible debentures (NCDs) or commercial paper issued to high-net-worth individuals. Many of the existing BGs would have been renewed in recent months and are, therefore, expected to remain in force until their respective maturities, as the revised RBI norms apply only to newly issued guarantees. Consequently, the use of BGs under the earlier framework is unlikely to cease immediately on the April 1 RBI deadline, but is expected to taper off gradually as older arrangements expire. As a result, the impact on brokers with sizeable proprietary trading operations is likely to be staggered rather than abrupt. Brokers also tapped bank lines to meet their working capital requirements. This was funded through BGs and intraday lines from banks. The intraday lines will no longer be viable for enhancing margin placement ability on an intraday basis. This part of the business can still make use of BGs but the costs may go up on switching to such guarantees from intraday lines, according to Singh. The RBI circular has limited impact on the ~1 trillion worth of money borrowed by brokerages for onward lending to their clients for stock market activities through their margin trading facility. Much of the margin trading book was funded by money market instruments and non-banking financial companies (NBFCs) already.",50,0,0,NA,BS_Delhi_21-03-2026.pdf,55,96.7,54.5,90.9
BSD,20/03/2026,"Happiness index: At 116th, India trails in key indicators","The International Day of Happiness (March 20) serves as a reminder that the national wellbeing is not defined by economic growth alone. The 14th World Happiness Report, released on Thursday, ranked Finland the happiest country for a record ninth consecutive year with a score of 7.764 out of 10, followed by Iceland and Denmark. India ranked 116th out of 147 countries in 2025 with an average score of 4.536. It scored below 1 on four of the six indicators — social support, healthy life expectancy, generosity, and perception of corruption. India climbed two ranks this year, from its 118th position in 2024. This is a significant improvement from the 140th position in 2018. Between 2019 and 2025, India saw declines in healthy life expectancy and generosity, even as it improved on GDP per capita. India’s happiness score slipped by 0.44 points between 2011 and 2025. Among neighbours, China recorded the sharpest rise while Afghanistan saw the steepest fall. Among the top three happiest countries, Denmark was the only one to record a decline.",45,0,0,NA,BS_Delhi_21-03-2026.pdf,55,99.6,66.9,15.9
BSD,20/03/2026,West Asia war forces Indian tourists to look eastwards & inwards,"With the war in West Asia raging on, outbound travel from India is set to witness a shift in the opposite direction — eastwards. Destinations such as Thailand, Vietnam, Singapore, Mauritius, Bali, Indonesia, Sri Lanka, the Philippines and even far-east countries like Japan, Australia and New Zealand are becoming more popular. Visa-on-arrival facilities at many of these countries and higher propensity of travellers to spend due to rupee depreciating versus the dollar, have also made these destinations more attractive amid larger geopolitical uncertainty, said market watchers. “In the past, we have observed that in cases of region-specific disruption, people don’t give up on their trips, they figure out and book an alternative destination, whether domestic or a non-impacted international one. We are seeing the same pattern now,” said Rajesh Magow, cofounder and group chief executive officer (CEO), MakeMyTrip. Rajeev Kale, president and country head, Holidays, MICE, Visa, Thomas Cook (India) Limited, said, “The global travel landscape has become increasingly dynamic. Recognising the geopolitical uncertainty in very specific parts of the world, we are witnessing growing interest for destinations across the far east, including Japan, Australia and New Zealand, alongside closer-to-home favourites such as Sri Lanka, Nepal, and Bhutan.” Of the total outbound travel from India, the United Arab Emirates (UAE) makes up the largest chunk with over 8.6 million arrivals. Global estimates suggested west Asia tourism could see an 11-27 per cent decline in arrivals and a loss of up to 23-38 million visitors in 2026, pointed out Anil Kalsi, board member of the Federation of Associations in Indian Tourism and Hospitality. “With bookings down by 30-60 per cent on certain routes, especially those linked to or transiting through West Asia, travellers are considering safer and more stable destinations,” he said. “We are observing a clear shift in travellers’ preference toward Southeast Asia, driven by proximity, affordability, and perceived stability. Destinations such as Thailand, Malaysia, and Vietnam are seeing stronger traction across both leisure and MICE segments,” said Vinod Kumar Sah, cofounder, CoTrav. SD Nandakumar, president and country head – holidays and corporate tours, SOTC Travel, said “experiential travel segments such as cruising are gaining traction, with strong interest in sailings across Asia, including the upcoming Disney Adventure from Singapore, which is driving demand among Indian families seeking immersive cruise holidays.” As a corollary, travel to Europe and the UK, typically including a halt in West Asia, has become more expensive, leading to players like SOTC and Thomas Cook offering discounts and deals for the upcoming summer travel season. “On the domestic tourism front, while business travel remains largely unaffected, leisure travel is likely to start picking up now as the summer season kicks in and the exam season coming to an end,” Magow added. “We are also seeing a behavioural trend where some travellers are postponing international trips in the near term and opting for domestic travel instead,” CoTrav’s Sah added. Thomas Cook’s Kale concurred with the trend, adding that domestic favourites such as Himachal Pradesh, Andamans and Kerala are also witnessing growing interest. “India’s spiritual destinations are also witnessing renewed relevance with interest for spiritual circuits such as the Char Dham and the Kailash Mansarovar,” he said.",45,0,0,NA,BS_Delhi_21-03-2026.pdf,55,99.3,54.7,89.5
BSD,20/03/2026,Hormuz blockade may lead to increase in ultra-luxury house prices by 5%: Report,"The Strait of Hormuz blockade amid the West Asia war is leading to rise in prices for luxury and ultra-luxury houses in Mumbai and Delhi, with some estimates projecting the increase likely to be about 5 per cent in the immediate term. According to a report by realty consultancy Anarock, construction costs have risen significantly after ships carrying essential construction materials have been forced to reroute. “The forced detours of ships carrying construction materials around the Cape of Good Hope has added anywhere between 10 and 20 days to shipping times, and as much as ~1.5-3.5 lakh per container to the (shipping) costs,” said Prashant Thakur, executive director and head for research and advisory at Anarock. At a time when housing sales were already tapering, the report stated that Indian developers were now confronted with an even starker landscape. While diplomatic manoeuvring has succeeded in getting at least some liquified petroleum gas tanker ships through the Strait, bulk imports must now travel an additional 6,000-10,000 nautical miles, with marine fuel now at about ~1 lakh per tonne. As a result, Anarock said that steel prices have jumped about 20 per cent to ~72,000 per tonne, roughly adding ~50 per square feet to high-rise construction costs to more than 10,000 luxury units under construction in Mumbai. Skyscrapers use ribbed steel rods embedded in concrete to give it tensile strength, and this added cost has a direct correlation to the cost and speed of constructing them. “The cost of hot rolled coil now hovers at ~51,000 to ~56,000 and may hit ~62,000 by June if the situation does not change for the better,” it said. Similarly, diesel for construction cranes and mixers is heavily associated with the price of Brent crude, which is currently trending above $100 per barrel. This price shock, the report said, will reflect significantly on construction sites in Mumbai, Delhi-NCR, Hyderabad and other high-rise-centric cities around the country. Mumbai Metropolitan Region will be affected the most, with the region having more than 300 towers and over 5,500 high-rises. In 2024 itself, India saw 59 ultraluxury homes sell for a combined value of about ~4,754 crore, with Mumbai alone accounting for roughly 88 per cent of both units and value in this bracket.",40,0,1,"MH,DL",BS_Delhi_21-03-2026.pdf,55,29.9,54.2,81.0
BSD,20/03/2026,Dhurandhar: The Revenge opens to strong response from audiences,"After months of anticipation, Dhurandhar: The Revenge opened in cinemas nationwide on Thursday to a strong audience response with viewers praising its story, action and performances, especially lead star Ranveer Singh. The film released in theatres on the back of record advance bookings — over 1.5 million tickets sold, including paid previews on Wednesday — and follows the success of the first Dhurandhar, which earned ~1,300 crore worldwide after its December 2025 release. Audiences who watched the day one shows in Mumbai came away largely impressed, with many calling the movie a “paisa vasool” watch and some already planning repeat visits. “Five out of five. Please go watch it. It’s totally paisa vasool. Do not get up until the lights come on,” said one moviegoer who had turned up for the first-day-first-show. The exuberance was hard to contain for viewers stepping out of theatres, with many refusing to reveal plot details while insisting others must experience the film themselves. “Amazing, fantastic. I will give it 10 out of 10. The action scenes were very good, the storyline was very strong, and people will love the twist in the end,” said another viewer who singled out Singh’s performance as outstanding. “He killed it - absolutely nailed it.” The four-hour runtime, which some might consider daunting, appeared to be no obstacle for the audience. “Very engaging. I usually get distracted, but this kept me hooked,” said one viewer who rated it four-and-a-half out of five. An audience member said, “Many people made the mistake of leaving before the end. Don't leave early. Stay till the end. The film is fire.” Another echoed the sentiment. “Don't ask about the story, you have to watch it. The background score, characterisation, story, twists — this movie will earn 2,000 crore.” Supporting performances, particularly from Rakesh Bedi and Sara Arjun, were praised as surprise packages. Aditya Dhar, who previously helmed Uri: The Surgical Strike and the first Dhurandhar, was lavished with praise. “No one can match the director right now,” said one audience member. Several film personalities who watched the early shows were also effusive in their praise. Actor Allu Arjun called it “patriotism with swag” and a film that would “make every patriot proud”. Priety Zinta posted a photo with Arjun Rampal, who essays the role of villain Major Iqbal, on X. Actor Vijay Deverakonda said “something big is going to happen in Indian cinema and culture.” Produced by Jyoti Deshpande and Lokesh Dhar, “Dhurandhar: The Revenge” features Ranveer Singh as Jaskirat Singh Rangi, a young man who transforms into covert operative Hamza Ali Mazari operating deep inside Pakistan. The sequel charts Mazari’s rise in the Karachi underworld while tracing the origins of the man behind the cover. Actors R Madhavan, Arjun Rampal, Sanjay Dutt, Sara Arjun and Rakesh Bedi also feature in the sequel, which released in Hindi, Telugu, Tamil, Kannada and Malayalam.",60,0,0,NA,BS_Delhi_21-03-2026.pdf,55,98.9,61.7,96.3
BSD,20/03/2026,Indices see worst fall in 21 mths as crude shock triggers selloff,"Indian equities plunged alongside global peers on Thursday, with benchmark indices posting their steepest falls in nearly two years, as a renewed surge in oil prices fuelled fears that the escalating Iran war could stoke inflation and undermine economic growth.
The BSE Sensex ended the session at 74,207, down 2,497 points, or 3.3 per cent. The Nifty closed at 23,002, a decline of 776 points, or 3.3 per cent. Both indices recorded their worst fall since June 4, 2024.
The market capitalisation (mcap) of BSE-listed firms declined by ~13 trillion to ~426.1 trillion.
All sectoral indices on the National Stock Exchange (NSE) closed in the red, with losses ranging between 1.4 per cent (Nifty Energy) and 4.25 per cent (Nifty Auto). The Nifty 100, Nifty 500, Nifty Midcap 50, and Nifty Midcap 100 indices reported declines of more than 3 per cent each, and Nifty Smallcap index fell 2.9 per cent. Since the start of the war, the Sensex is down 8.7 per cent and the Nifty 8.6 per cent.
The total mcap of BSE-listed firms has fallen by ~37.4 trillion during this period.
The selloff on Thursday came as crude oil prices surged in the wake of attacks on some of West Asia’s most important energy facilities. Brent crude was trading at $108.5 per barrel (as of 9 pm IST) on Thursday, having earlier hit an intraday high of $119. Since the breakout of the war, crude oil prices have risen by 49 per cent.
Saudi Arabia on Thursday reported that a drone struck its Samref refinery on the Red Sea, following an earlier Israeli strike on the South Pars gas field, which Iran shares with Qatar. Higher oil prices tend to push up inflation in India and hurt economic growth, as the country imports most of its crude oil requirements.
“The conflict has increasingly taken the shape of energy warfare, with attacks on critical infrastructure by both sides driving a sharp spike in crude oil prices and rattling investor confidence. Going ahead, markets appear to be in a phase of heightened fragility, where sentiment is being driven by rapidly evolving geopolitical developments and a sharp rise in crude prices,” said Siddhartha Khemka, head of research, wealth management, Motilal Oswal Financial Services.
“Given the intensifying tensions around energy infrastructure in West Asia, we remain cautious on the market in the near term and expect volatility to persist.”
The India Vix, a gauge of market volatility, rose 22 per cent to 22.8 points. HDFC Bank, which declined 5.1 per cent, was the biggest drag on the Sensex.
Going ahead, the 23,170-23,200 zone is expected to act as immediate resistance for the Nifty 50. “As long as the Nifty 50 continues to trade below 23,200, downside pressure is likely to persist. In such a scenario, the index may drift towards 22,850, followed by the 22,700 level, in the short term,” said Sudeep Shah, head (technical and derivatives research) at SBI Securities.
Market breadth was weak on Thursday, with 3,359 stocks declining and 913 advancing.
Foreign portfolio investors were net sellers to the tune of ~7,558 crore, while domestic institutional investors were net buyers of ~3,864 crore worth of stocks.",15,0,0,NA,ET Banglore 18-03-2026.pdf,55,1.2,46.8,1.3
BSD,20/03/2026,Oil surges to $108 per barrel; India denounces strikes,"Crude oil prices jumped to $119 a barrel on Thursday, close to the three-and-a-half-year peak hit on March 9, after Israel’s strikes on Iran’s South Pars gas field — its largest source of domestic energy — prompted retaliatory attacks by Tehran on key energy facilities across the Gulf.
Israel’s latest strike marked a significant escalation in the war, stoking concerns about prolonged disruption to global energy supplies. Iran retaliated by targeting Qatar’s Ras Laffan gas facility, along with oil refineries and gas infrastructure across Saudi Arabia, Kuwait and the United Arab Emirates (UAE).
Brent crude, which was around $74 a barrel before the conflict, was trading at $108.5 a barrel at 9 pm India Standard Time (IST) on Thursday.
Despite the sharp rise in global prices, India’s oil marketing companies (OMCs) have so far kept retail fuel prices unchanged.
India on Thursday said such strikes were “unacceptable and need to cease”. The attacks were “deeply disturbing” and served only to further destabilise an already uncertain global energy situation, External Affairs Ministry spokesperson Randhir Jaiswal said. Prime Minister Narendra Modi also spoke to leaders of Oman, Jordan, France and Malaysia, stressing the urgency of restoring peace in the volatile region.
Sujata Sharma, joint secretary in the Ministry of Petroleum and Natural Gas (MoPNG), said India’s top priority remained ensuring fuel availability for domestic consumers. The government will review its export policy based on the evolving situation, she added.
India exports refined petroleum products to Europe and neighbouring countries like Bangladesh and Bhutan. Unlike China, India has not halted exports so far, even as securing energy supplies has remained a challenge.
The government has mandated oil and gas companies operating in the country to share details of production, imports, exports, stock levels and consumption patterns. The data, to be submitted to the Petroleum Planning and Analysis Cell (PPAC), will help the government collect, compile and analyse information to monitor the petroleum and natural gas supply chain more effectively, according to a gazette notification.
The West Asia conflict has triggered an energy crunch for India, which depends heavily on imports from the region. The closure of the Strait of Hormuz has effectively choked supplies from the Gulf, which accounts for around 90 per cent of India’s liquefied petroleum gas (LPG) imports, 40 per cent of its crude oil imports, and about 50 per cent of its liquefied natural gas (LNG) imports.
Given its heavy reliance on West Asia for LPG, India is facing an acute shortage of cooking gas, even as diversification has helped it secure crude oil and LNG supplies to some extent. India has stepped up LPG purchases from the US, with 13 tankers carrying around 350,000 tonnes of LPG currently headed to the country, according to data from maritime intelligence firm Kpler.
Of these, four tankers carrying a combined 91,183 tonnes are expected to arrive next week. Another four vessels, with 93,180 tonnes, are likely to reach in early April. The remaining five, carrying about 166,000 tonnes, could arrive between mid and late April.
For the first time, India has also booked an LPG cargo from Argentina, with a shipment of 19,486 tonnes expected to arrive by end-March.
Meanwhile, LPG supplies from West Asia have fallen sharply due to the conflict. Only 11 tankers, carrying 192,734 tonnes, are currently headed from the region to India, and most of these cargoes had sailed before the fighting began.
Of the India-bound vessels held up around the Strait of Hormuz, two LPG tankers and one crude oil cargo have safely transited the narrow route and reached Indian shores, according to government officials.",25,0,0,NA,ET Banglore 18-03-2026.pdf,55,24.4,50.5,19.5
BSD,20/03/2026,HDFC Bank firefights after chairman’s abrupt exit,"The dark clouds that had gathered over India’s largest private lender, HDFC Bank, on late Wednesday as its part-time chairman Atanu Chakraborty resigned with immediate effect citing ‘ethics’, had blown over by Thursday noon with the Reserve Bank of India (RBI) coming out strongly in its support to stress there were no governance or conduct issues at the bank.
Chakraborty, a former bureaucrat who had sought to be relieved from his post immediately, had attributed the decision to certain happenings and practices within the bank over the last two years and those were not in congruence with his personal “values and ethics”. Following his decision, four HDFC Bank board members met RBI officials, including two deputy governors, on Wednesday, seeking its nod to appoint board member Keki Mistry as interim part time chairman. The regulator quickly approved.
HDFC Bank began firefighting even before the stock markets opened with an early investor call addressed by six of its 12 current board members, including Mistry and MD & CEO Sashidhar Jagdishan. “I would not have taken on this responsibility at the age of 71 if it did not align with my principles and the level of integrity I would expect from the bank,” Mistry told analysts.
He categorically stated there are no material issues or operational concerns at the bank, and none of the board members are aware of the issue that led to Chakraborty’s resignation. Mistry said there could be difference of opinion on minor issues but emphasised “there was no power struggle in the bank”.
Jagdishan said the board tried to persuade Chakraborty to refrain from going ahead with his decision.
“As the meeting was going on, as these developments were unravelling… where despite every board member trying to persuade the past part-time chairman to take back his resignation or sort of elaborate on any of the concerns that he may have, which would have been addressed as they were in the past, or take back some of the language that was there in that letter,” Jagdishan said in a call with media later in the day.
HDFC Bank’s market capitalisation, second only to Reliance Industries, fell ~66,433 crore to ~12.31 trillion on Thursday.
The bank’s stock had opened around 5 per cent lower from its previous close, had crashed 8.42 per cent to ~772 intra-day basis on the BSE, cut some losses during the day as clarity emerged that the part time chairman’s exit was not linked to governance issues, before ending up at ~799.70, 5.13 per cent lower.
The broader indices plunged 3.26 per cent – most in close to two years – owing to surging crude oil prices amid a raging war in West Asia.
Sources in the bank said there was some relationship issue between the bank management and the earlier chairman leading to the former’s decision to make a sudden exit. “Yesterday, during the bank’s board meeting, many of the directors asked him (Chakraborty) if there is a governance issue but he said there is none,” said a source.
“Basis our periodical assessment, there are no material concerns on record as regards its conduct or governance,” the RBI said in a statement at around 11 am Thursday. The bank remains well-capitalised and its financial position remains satisfactory with sufficient liquidity, it noted. The RBI also said HDFC Bank is a Domestic Systemically Important Bank (D-SIB) with sound financials, a professionally run board and competent management team, adding it will continue to engage with the Board and management on the way forward.
Meanwhile, in New Delhi, Department of Financial Services Secretary M Nagaraju also quelled concerns and said: “HDFC Bank is a strong institution with strong fundamentals.”
Analysts noted that HDFC Bank has seen the exit of senior officials post the merger with HDFC. “Exits at HDFCB have accelerated post the HDFC Ltd merger, creating a visible credible leadership gap, with Chairman Atanu Chakraborty’s resignation over relationship issues with the management now raising concerns even in the board,” broking firm Emkay’s analysts said in a report.
“Though the management and the board assured of no governance, operational, regulatory, or power struggles, we believe the bank must curb management exits and rebuild leadership strength either internally or externally,” they said.
Meanwhile, Kaizad Bharucha, Deputy MD at HDFC Bank, who looks at the entire asset side of the bank’s balance sheet, is set to get more responsibilities. In a call with analysts on Thursday, Sashidhar Jagdishan, MD & CEO, HDFC Bank, said, “As we move forward, we will sort of re-examine our organization structure, and with the consent and advice of the board, we will announce it at the appropriate time.”
“Kaizad is a very dear colleague, and I have the highest regard and respect for him. He handles the entire asset business of the balance sheet, which reflects the kind of respect and stature that he commands within the organization, both at the board level and at the management level as well. So that will continue. In fact, he will only get more responsibilities as we move forward,” he said.",35,0,0,NA,ET Banglore 18-03-2026.pdf,55,96.9,55.9,4.6
BSD,20/03/2026,Govt launches ~497 crore scheme to aid exporters,"The government on Thursday unveiled a scheme, Resilience & Logistics Intervention for Export Facilitation (RELIEF), worth ~497 crore to assuage some of the challenges related to “extraordinary freight escalation, heightened insurance premia and war-related export risks” that Indian exporters have been grappling with due to the West Asia war.
The commerce and industry ministry called the scheme “time-bound and targeted intervention” and launched it under the Export Promotion Mission (EPM).
Escalating security concerns around the Strait of Hormuz due to the United States-Israel war with Iran have led to vessel diversions, longer sailing routes, congestion at transshipment hubs and emergency conflict-linked surcharges. This has not only resulted in higher logistics costs but has also created operational uncertainty for export consignments moving to or through the region.
“Our exporters who have been exporting to the Middle East (West Asia) are facing certain challenges. There have been instances where their exports, which were meant for some of the countries in the Middle East, have not been able to reach their destinations. Their future exports are also getting impacted. There is a sense of worry among the exporters,” commerce secretary Rajesh Agrawal told reporters in a briefing.
Cargo accumulation at ports and airports with perishable shipments has been affected the most. Ministry of Micro, Small and Medium Enterprises (MSME) exporters have been hit the hardest – with payment delays, working capital stress and limited ability to pass on cost increases.
Lav Agarwal, director general of foreign trade (DGFT), said that the calibrated support package was needed to stabilise export flows and protect India’s market share during this crisis. Shipping lines and insurers have introduced additional war-risk premiums, and emergency conflict surcharges. For instance, during the Red Sea crisis in FY24, freight rates on key routes rose nearly 90-100 per cent within a short period, he said.
“Through RELIEF, the government aims to mitigate the immediate impact of logistics disruptions, protect exporter confidence, prevent order cancellations and safeguard employment in export-linked sectors. The intervention also reinforces India’s commitment to maintaining resilience and competitive-ness in global trade during periods of uncertainty,” the official statement said.
The scheme will be implemented by state-owned export credit agency ECGC Ltd, which will handle verification, claim, settlement and disbursement. Exports to or via countries such as the United Arab Emirates (UAE), Qatar, Oman, Bahrain, Kuwait, Israel, Iraq, Iran, Yemen are covered.
The RELIEF scheme is a three-component package for — the already insured exporters, upcoming exports to the Gulf region and non-ECGC MSME exporters.
Exporters who have already obtained ECGC credit insurance cover for eligible consignments will benefit from up to 100 per cent risk coverage, over and above the existing ECGC cover, during the eligible period — February 14, 2026 to March 15, 2026 — thereby ensuring enhanced protection without additional financial burden. The estimated support from the government will be ~56 crore.
In case of exporters planning future consignments, during the next three months — from March 16, 2026 to June 15, 2026 — they will be encouraged to obtain ECGC cover with government support for up to 95 per cent risk coverage, over and above the existing ECGC cover. This will help sustain exporter confidence and facilitate continued shipment flows despite logistics uncertainties. The estimated support will be ~159 crore.
In case of MSME exporters that may not have availed credit insurance from February 14, 2026 till March 15, 2026, but are facing extraordinary freight and insurance surcharge burdens, the scheme includes a partial reimbursement of up to 50 per cent. The estimated support will be ~282 crore. “This support will be extended subject to prescribed conditions, documentary verification and notified ceilings (up to ~50 lakh per exporter), and is intended to provide timely relief against conflict-related logistics cost escalation,” the statement said.",50,0,0,NA,ET Banglore 18-03-2026.pdf,55,99.8,53.4,78.9
BSD,20/03/2026,ICAI working with NFRA to identify probe overlaps,"The Institute of Chartered Accountants of India (ICAI) is working with the National Financial Reporting Authority (NFRA) to identify overlapping cases between the two bodies and ensure there are no redundancies, according to sources.
The idea behind the exercise is to promote better coordination between the two bodies. Sources said ICAI is expected to stop its investigations in matters where NFRA had also started a probe.
Some of the cases that the ICAI is looking into include Gensol, Bluesmart, and IndusInd. These cases are also being probed by the NFRA.
The ICAI and NFRA have often been at loggerheads in the past, with the former calling for a pause in the revision process of audit standards to allow for a comprehensive review.
This was after NFRA had brought out revised Standards on Auditing 600 (SA) for public consultations to address what it had found to be “the severely deficient quality and serious lack of due diligence” in Group Audits in India.
The ICAI, however, felt that given the complexities of the Indian market, the revised standards will concentrate audit work in the hands of a few big firms.
Sources in the ICAI said that the unique regulatory architecture and professional environment in India require a careful consideration of domestic needs before transplanting overseas standards.
ICAI’s Financial Reporting Review Board (FRRB) had in April 2025 decided to review the financial statements and the statutory auditor’s report of Gensol Engineering Ltd and BluSmart Mobility Pvt Ltd for the financial year 2023-24 (FY24) on a suo motu basis.
The Securities and Exchange Board of India (Sebi) had referred the same matter to the NFRA for further inspection.
In case of IndusInd, the NFRA had launched a probe after receiving a complaint against accounting lapses in the bank through the Centralised Public Grievance Redress and Monitoring System (CPGRAMS).
The case has also been on ICAI’s radar, but no final recommendation has been made yet.
In February, ICAI President Prasanna Kumar D had said that they had formed a special team to review the top 10-15 public interest cases, including Gensol Engineering and IndusInd Bank.",45,0,0,NA,ET Banglore 18-03-2026.pdf,55,87.5,49.3,50.0
BSD,20/03/2026,Govt approves food processing projects worth over ~200 crore,"The Uttar Pradesh (UP) government has cleared 14 food processing projects, worth over ₹200 crore, to link the agricultural sector directly with the market. The approved private projects span farm segments, including vegetables, horticulture, dairy and poultry.
The state will develop these projects in major industrial and commercial hubs, such as Varanasi, Meerut, Kanpur, Lucknow, Lakhimpur Kheri, Bareilly, Ayodhya and Rampur.
UP Deputy Chief Minister Keshav Prasad Maurya said food processing holds immense potential to augment farm income and generate large-scale employment opportunities. He directed officials to create awareness about subsidies provided under the Uttar Pradesh Food Processing Industry Policy 2023 so that more enterprises could be established.
Meanwhile, consumer foods company Apis India Limited is looking to set up a greenfield food processing unit in Western Uttar Pradesh. Its managing director, Amit Anand, said the company, which procures almost 4,000 tonnes of honey from the state, was aiming to double its procurement within the next three years. He added that UP’s industrial policy was among the most progressive in India.
The government is promoting food processing so that farmers receive better prices with an enriched agricultural value chain. The state has received proposals for production of namkeens and sweets, culinary herbs, milk powder, desi ghee, paneer, whey powder, ready-to-cook products (pre-mix dalia and khichdi), poultry feed, and other products, besides processing of frozen vegetable and spices.",60,0,1,UP,ET Banglore 18-03-2026.pdf,55,97.5,55.2,50.0
BSD,20/03/2026,Discoms get loan interest relief,"Two financing agencies of the central government have provided “significant relief” to power distribution corporations (discoms) of Jaipur, Jodhpur and Ajmer by lowering interest rates on loans, said an officer of the Rajasthan energy department.
The Power Finance Corporation (PFC) and Rural Electrification Corporation (REC) lowered rates after Chief Minister Bhajan Lal Sharma met Union Power Minister Manohar Lal Khattar in New Delhi recently. “It will result in reducing the debt burden of the distribution corporations,” said the Rajasthan officer. “The savings generated can be used for the expansion, strengthening and operation of power infrastructure.”
The loss-making discoms of the three cities have a combined debt burden of around Rs 98,000 crore. They had to pay more than Rs 7,800 crore in interest payments in FY26, up until January. Interest rate relief will have a “positive impact” on their balance sheets, said the officer.
PFC and REC, which fund capital expenditure for power infrastructure, account for around 75 per cent of the total debt owed by the three discoms. PFC has approved a special interest rate of 9.60 per cent for Jaipur discom — a reduction of up to 1.40 per cent — on long-term capital loans that previously carried an interest rate of more than 11 per cent. For Jodhpur and Ajmer discoms, the rate has been fixed at 10.50 per cent.
REC will provide a special interest rate of 9.60 per cent to the three discoms on medium-term loans — a reduction of up to 1.40 per cent. Furthermore, REC has extended concessions to the Jaipur discom on capital loans that previously carried interest rates of more than 11 per cent, reducing the term to 9.60 per cent.",55,0,1,RJ,ET Banglore 18-03-2026.pdf,55,98.2,59.1,17.4
BSD,20/03/2026,"WTO ministerial meet set to focus on reforms, ecom","The World Trade Organisation’s (WTO’s) upcoming 14th ministerial conference (MC14) is set to see intense discussions on key issues, including reforms, e-commerce, fisheries subsidies and the long-pending permanent solution on public stockholding.
The 14th MC will be held from March 26-29 at Yaoundé in Cameroon.
“This ministerial (conference) is broadly being termed as the reform ministerial (conference) because there are multiple issues that the countries have been nudging. Reform is not expected as an outcome of this ministerial (conference), but as a pathway for reforming WTO. That will be part of the agenda -- what can be the credible pathway, whether we should go towards that pathway and whether the member (nations) should discuss reform as an agenda for coming out with certain solutions, suggestions for the next ministerial (conference),” a senior official said on Thursday.
India expects detailed discussions on the matter related to e-commerce as it is an evolving area of trade – and a matter that has been discussed for 28 years now.
Under a WTO moratorium, countries do not impose customs duties on cross-border e-commerce transactions. WTO member nations have periodically agreed to extend the moratorium and have been divided on the issue.
Developing countries, such as India, have been battling for policy space to impose customs duties on electronic transmissions, holding that the moratorium has adversely impacted its revenue collections. Developed countries, including the United States (US), Australia, want an extension of the moratorium.
During the 13th WTO ministerial conference in 2024, nations agreed to maintain the current practice of not imposing customs duties on electronic transmissions until the next ministerial conference scheduled for next week.
Officials in New Delhi believe that there is a need for a clear definition of goods under electronic transmission, the official cited above said.
India is also expected to face pressure on the proposal on investment facilitation at the WTO, which has been agreed upon by 128 countries, including 27 countries from the European Union.
The China-led IFD proposal aims to enhance the transparency of investment regulations to make countries more efficient and attractive to foreign and national investors. Apart from an attempt to attract more foreign direct investment flows, the idea is also to aim for higher-quality investment at a time when many developing countries are grappling with weak growth, high inflation.
India has not joined the agreement and has also opposed it as it will dilute the multilateral nature of the WTO.
That apart, the matters related to the fisheries subsidies and the long-pending permanent solution on public stockholding will also be discussed extensively, the official said.",50,0,0,NA,ET Banglore 18-03-2026.pdf,55,98.9,55.1,50.0
BSD,20/03/2026,CIL ramps up measures to ensure coal supply to all segments,"Amid the West Asia crisis affecting energy supplies nationwide, Coal India Limited is taking steps to ensure an uninterrupted coal supply to all categories of consumers, including small and medium enterprises, as the government works to maintain energy security in changing demand conditions.
As part of its strategy, the company has scheduled 29 e-auctions in March 2026, offering approximately 23.56 million tonnes (MT) of coal. Of these, five auctions conducted since March 12 saw 31.96 lakh tonnes booked against 73.1 lakh tonnes offered, indicating adequate availability of the dry fuel in the market, the Coal Ministry said on Thursday.
Business Standard earlier reported that small consumers in Delhi-NCR are actively shifting to alternative fuels such as coal as the supply of LPG is choked. Prices of retail coal surged by almost 50 per cent in the informal market.
CIL, which accounts for 80 per cent of coal produced in the country, is supplying to small and medium consumers through the State Nominated Agencies (SNAs) route and has requested states to communicate any additional requirements, which it said can be fully met to avoid potential shortages.
The supply push comes against the backdrop of comfortable coal availability across the system. Pithead coal stock at CIL mines stood at 125.54 MT as on March 18, 2026, up from 106.78 MT on April 1, 2025. Additional stocks include 5.75 MT at Singareni Collieries Company Ltd, 15.75 MT at captive and commercial mines, 12 MT in transit, and 5.49 MT at ports and sidings.",55,0,0,NA,ET Banglore 18-03-2026.pdf,55,62.9,48.5,77.9
BSD,20/03/2026,Fertiliser stocks enough for kharif season: Govt,"The Ministry of External Affairs on Thursday said that India remains in touch with several countries to source its fertiliser imports as it has a diversified base.
Sources said the government is in the process of procuring fertilisers from Russia, Morocco, Tunisia, Saudi Arabia and Jordan. They said the government is reaching out to more countries to diversify India’s sourcing of fertilisers.
A senior official said that India has also decided to procure spot gas on a competitive basis and the first phase purchase will be over soon. The official also warned commentators to look at the factual situation and desist from uninformed speculation.
The government said that currently, India has adequate fertiliser stocks for kharif 2026, while the Department of Fertilisers has also put out global tenders in anticipation of the current situation which has received a very good response.
The government expects the bulk of the imported quantities ordered from a variety of sources to arrive by the end of March.",55,0,0,NA,ET Banglore 18-03-2026.pdf,55,87.9,56.0,87.3
BSD,20/03/2026,Gas-based power plants increasingly becoming impractical: NTPC chief,"Gas-based power generation assets are increasingly proving impractical, and current conditions have further reinforced that gas based systems may not be viable, NTPC Chairman Gurdeep Singh said on Thursday.
He referred to the West Asia crisis which has led to concerns over gas availability for low priority sectors.
Speaking at the Bharat Electricity Summit on Thursday, Singh also referred to concerns over running thermal power projects at a low Plant Load Factor (PLF) to provide flexibility for renewable energy generation.
“Going forward, we need to consider alternatives. This could include developing plants specifically designed for flexibility such as subcritical units that can be ramped up and down... daily,” Singh said.
He added that instead of forcing existing plants for flexible load, which were not designed for such operations, focus should be on building new, flexible power units.
Smaller units designed for such flexibility could also be grouped together for efficient operation, he said.
“If this continues, we may eventually be forced to take some of these machines out of operation, which would be counterproductive,” Singh said.",35,0,0,NA,ET Banglore 18-03-2026.pdf,55,75.5,48.7,3.3
BSD,20/03/2026,"India reaches out to Russia, Jordan for fertiliser sourcing","India on Thursday termed the attacks on energy installations in West Asia, especially in the Gulf region, as “unacceptable”, calling for these attacks to ""cease"" and saying that the latest poundings are a concern because they affected the country's liquefied natural gas (LNG) sourcing.
Officials said the supply of liquefied petroleum gas (LPG), oil and fertilisers has been a matter of concern, and efforts are afoot to diversify their sourcing with several vessels, including from Russia and Jordan, carrying these products set to dock at Indian ports in the next few days.
They said tenders have been issued to purchase fertilisers from Russia, Morocco, Tunisia, Saudi Arabia, and Jordan.
India continues to buy oil from Russia.
The Department of Fertiliser (DoF) has also decided to procure spot gas on a competitive basis, and the first phase purchase will reach by Tuesday, the officials added.
In a phone call to the King of Jordan, Abdullah II, on Thursday, Prime Minister (PM) Narendra Modi discussed the “attacks on energy infrastructure in West Asia”, which he said are “condemnable and can lead to avoidable escalation”. India and Jordan stand in support of unhindered transit of goods and energy, the PM said in a post on social media.
Modi also had telephonic conversations with French President Emmanuel Macron, Oman's Sultan Haitham bin Tariq, and Malaysian PM Anwar Ibrahim. In his conversation with the Omani Sultan, Modi flagged the need for free passage through the Strait of Hormuz, a strategically key shipping lane.
External Affairs Minister (EAM) S Jaishankar met UAE’s Minister of State for International Cooperation Reem Al Hashimy on Thursday afternoon, and also had a telephonic conversation with Israeli Foreign Minister Gideon Saar. The two exchanged views on the ongoing West Asia conflict and its many repercussions, Jaishankar posted on social media.
Of the 22 Indian-flagged merchant vessels stuck in the west of the Strait of Hormuz, nearly half a dozen are carrying LPG, sources said. “India and Oman stand for safe and free navigation through the Strait of Hormuz,” Modi said about his conversation with the Sultan of Oman.
At a briefing on Thursday evening, Ministry of External Affairs (MEA) spokesperson Randhir Jaiswal said: “Couple of days back you saw that because of our engagement… and with talks and diplomacy with several of the stakeholders, we were able to get two of our LPG ships through the Strait of Hormuz.”
New Delhi described the attacks against energy installations in different locations across the region, especially the Gulf countries, as deeply disturbing and that these “only serve to further destabilise an already uncertain energy scenario for the whole world”. Such attacks are unacceptable and need to cease, Jaiswal said.
Since Wednesday evening, Tehran has retaliated against an Israeli attack on Iran's strategic gas fields of South Pars, and attacked key energy infrastructure in several Gulf nations, including Qatar's LNG hub of Ras Laffan.
Qatar accounts for nearly 40 per cent of India's LNG requirement. Oman has also faced the brunt of the Iranian retaliation.
“India had previously called for avoidance of targeting civilian infrastructure, including energy infra, across the region,” Jaiswal said.
The attacks have caused global energy prices to increase further, he added.
The MEA spokesperson said Bangladesh, Sri Lanka, and the Maldives have sought help from India for their respective energy security.
He said India is fulfilling its current obligations to Bangladesh, factoring in its own requirements.
On the fertiliser situation in the country, Jaiswal said the DoF had “put out global tenders well in time, in anticipation of the current situation”. “These have received a very good response and we expect to have the bulk of the quantities ordered from a variety of sources by the end of March,” he said.
The MEA spokesperson said, “All our partners have assured us of uninterrupted supplies, and we hope to attain and maintain comfortable stocks of fertilisers by the time kharif demand peaks by May 15.”",40,0,0,NA,ET Banglore 18-03-2026.pdf,55,97.9,54.9,4.4
BSD,20/03/2026,$2.2 trn power push: PM invites global investors,"India presents a massive investment opportunity across the power and energy value chain, with an estimated $2.2 trillion needed over the next two decades.
At the Bharat Electricity Summit 2026 in New Delhi on Thursday, Prime Minister Narendra Modi invited the global community to invest in India.
“I invite the global community to make in India, innovate in India, invest in India, and scale with India,” Modi said, adding that the country needs considerable investment to modernise its power sector.
Speaking at the event, Power Secretary Pankaj Agarwal said India will require around $2.2 trillion in investment over the next two decades to support the energy transition across subsegments of the sector.
He said India has built the “hardware” of the sector, including generation capacity and transmission networks. “The next phase will depend equally on the software of the sector, including regulatory frameworks, market design, pricing mechanisms, and institutional innovation,” he said.
This will require time-of-day tariffs, demand response, and flexible generation, he added.
Addressing the audience, Power Minister Manohar Lal said India is planning to implement an undersea power transmission cable network with the United Arab Emirates (UAE) as part of the One Sun, One World, One Grid initiative.
“If we create an undersea cable network with the UAE, a large part of the world can come together under this vision,” Lal said.
On connectivity with other countries, he said India’s link with Sri Lanka is close to completion, alongside partnerships with neighbouring countries, including Bhutan, Nepal, and Bangladesh, where power is already traded.",70,0,0,NA,ET Banglore 18-03-2026.pdf,55,98.0,51.5,84.1
BSD,20/03/2026,Central banks hawkish but cautious in shadow of war,"Top central banks struck hawkish tones as the Iran war drove energy prices sharply higher but acknowledged that the sheer uncertainty over the impact on the global economy called for caution in their next policy moves.
In a rare coincidence of the monetary policy diary, central banks of the United States, Japan, Britain, Canada and the euro zone - effectively the Group of Seven (G7) nations - convened this week, as have counterparts from several emerging economies.
Having barely tamed a commodities-led inflation spike after Russia's full-scale invasion of Ukraine in 2022, policymakers are determined to rein in any new price pressures without derailing still-patchy economic growth.
The US Federal Reserve and the Bank of Canada on Wednesday both opted to hold interest rates steady, as did the Bank of Japan on Thursday. Yet they made clear they are on alert, wary that rising energy prices could spark a fresh wave of inflation.
“In the near term, higher energy prices will push up overall inflation, but it is too soon to know the scope and duration of the potential effects on the economy,” Federal Reserve Chairman Jerome Powell said after the Fed’s 11-1 decision to hold rates in the 3.50 per cent -3.75 per cent range.
Yet Powell’s reluctance to say that risks of a weakening job market posed a greater risk to the Fed’s objectives than inflation helped push market rate-cut expectations into 2027.
In Tokyo, Bank of Japan Governor Kazuo Ueda said the BOJ would not rule out a near-term rate hike if the expected hit to growth from surging oil costs proves temporary, and does not derail progress in durably hitting the bank's price target.
“We need to be mindful that recent developments come at a time when companies are already actively pushing up prices and wages, which suggests they could pass on costs more aggressively than after the war in Ukraine,” Ueda told a news conference.
Bank of Canada Governor Tiff Macklem struck a similar note: “If energy prices stay high, we will not let their effects broaden and become persistent inflation,” he said.
Earlier this week the Reserve Bank of Australia hiked rates to a 10-month high and warned of a “material” risk to inflation from the oil price spike.
Even Brazil’s central bank, with one of the highest rates of all major economies, opted for a cautious 25-basis-point cut to a benchmark 14.75 per cent rate - a smaller cut than initially expected.
On Thursday both the Swiss National Bank and Sweden's Riksbank kept policy rates on hold, flagging the uncertainty of how the war will end up impacting the economy.
The European Central Bank left interest rates unchanged as expected but signalled it was closely watching growth and inflation risks from surging oil prices and was ready to act, if that became necessary.
The Bank of England also voted unanimously to keep borrowing costs on hold at 3.75 per cent. Analysts expect the rate path to remain bumpy with no clear end in sight to the conflict that could upend global supply chains, jolt financial markets and hurt corporate sentiment.
“This latest escalation feels like a turning point for markets because the conflict is no longer just about military headlines or Strait of Hormuz closure,” said Charu Chanana, chief investment strategist at Saxo in Singapore.",35,1,0,NA,ET Banglore 18-03-2026.pdf,55,8.7,54.5,19.8
BSD,20/03/2026,Accenture forecasts quarterly revenue below estimates,"Accenture forecast quarterly revenue below estimates on Thursday, as clients remain cautious on spending on large IT transformation projects amid an uncertain economic environment.
Shares of the Dublin, Ireland-based company were down more than 3 per cent in premarket trading.
The company has been navigating a challenging economic environment, as clients delay large digital transformation projects and prioritise cost control and short-term initiatives.
Accenture expects a 1 per cent revenue hit for fiscal 2026 from a slowdown in its federal business as agencies are reining in spending and redirecting budgets.
Analysts have said AI should support growth over the long term, but weak demand due to cautious client spending is unlikely to fully recover before 2028.
The company expects fiscal third-quarter revenue between $18.35 billion and $19.00 billion, with the midpoint slightly below analysts’ average estimate of $18.72 billion.
Accenture said its forecast reflects the company’s best view of the potential impact of the conflict in the Middle East.
The company’s revenue rose 8.3 per cent to $18.04 billion for the second quarter, beating estimates of $17.84 billion.
Accenture reported a profit of $2.93 per share, compared with $2.82 per share in the same quarter last year.
New bookings, a metric that measures future revenue based on contracts, rose 6 per cent to $22.1 billion in the second quarter.",40,0,0,NA,ET Banglore 18-03-2026.pdf,55,81.8,55.3,1.2
BSD,20/03/2026,HSBC mulls deep job cuts from multiyear AI-fuelled overhaul,"HSBC Holdings Plc is weighing deep job cuts over the coming years as Chief Executive Officer Georges Elhedery bets on AI to shrink its middle and back offices, one of the first signs of how the technology could reshape Wall Street workforces.
Non-client facing roles in global service centres are among those expected to be most impacted although the assessment is at an early stage, according to people familiar with the matter, who asked not to be identified discussing preliminary deliberations.
The changes could ultimately impact around 20,000 roles - or about 10 per cent of its total workforce, one of the people said.
A spokesperson for HSBC declined to comment. The bank’s shares slid 2 per cent as of 8:36 am in London.
Elhedery has carried out a radical restructuring of the lender since taking the helm in 2024. He’s already cut thousands of jobs, while selling some businesses and merging or closing others.
The bank had around 210,000 employees at the end of 2025.
The assessment includes roles where HSBC won’t replace staff, some of the people said, and no final decision has been made.
Global banks could eliminate as many as 200,000 positions in the next three to five years as AI encroaches on tasks currently carried out by humans, according to a Bloomberg Intelligence report last year.
Chief information and technology officers surveyed by BI indicated that on average they expect a net 3 per cent reduction in workforce.
The HSBC cuts would take place as part of a medium-term plan spanning three to five years.
The potential cuts may lower annualised group expenses by 5 per cent to 6 per cent.
Elhedery has also attempted to drive a cultural change as the bank grapples with competition from local and international rivals.
It’s moving toward a more Wall Street-style compensation model, in which top performers share a larger part of the bonus pool, while underperformers are pushed to look for opportunities outside of the company.
The chief executive has also doubled down on his predecessor’s Asia-pivot strategy by taking private its Hong Kong subsidiary Hang Seng Bank Ltd, a major bet on growth in the Asian financial hub.
HSBC said recently it expects to achieve a $1.5 billion cost-savings target in the first half of the year.",40,0,0,NA,ET Banglore 18-03-2026.pdf,55,87.0,53.7,3.0
BSD,20/03/2026,Energy prices soar as Iran targets Qatar hub,"Energy prices surged on Thursday after Iran struck the world’s largest LNG complex — Ras Laffan Industrial City — causing damage that Qatar said could take five years to repair, as the energy sector’s worst fears about the war launched by the US and Israel on Iran came true.
QatarEnergy CEO Saad al-Kaabi told Reuters that the state-owned gas company may have to declare force majeure on long-term contracts to Italy, Belgium, South Korea, and China after the attack meant a loss of around 17 per cent of Qatar’s liquefied natural gas exports for between three and five years.
Gas prices in Europe soared as much as 35 per cent on Thursday and oil jumped as much as 10 per cent, before paring gains by mid-afternoon.
“I never in my wildest dreams would have thought that Qatar would be — Qatar and the region — in such an attack, especially from a brotherly Muslim country in the month of Ramadan, attacking us in this way,” al-Kaabi said.
Iran struck energy infrastructure across West Asia in retaliation against Israeli attacks on its gas facilities on Wednesday.
The aerial attacks also targeted a refinery in Saudi Arabia, forced the United Arab Emirates to shut gas facilities, and started fires at two Kuwaiti refineries as Donald Trump threatened retaliation if they persisted.
Leading nations in Europe, with Japan, said on Thursday they would act to stabilise energy markets and join “appropriate efforts” to open the Gulf’s oil chokepoint.
The leaders of Britain, France, Germany, Italy, the Netherlands, and Japan issued a joint statement urging “an immediate comprehensive moratorium on attacks on civilian infrastructure, including oil and gas installations”.
“We express our readiness to contribute to appropriate efforts to ensure safe passage through the Strait. We will take other steps to stabilise energy markets, including working with certain producing nations to increase output,” they added.",20,0,0,NA,ET Banglore 18-03-2026.pdf,55,8.2,52.8,6.1
BSD,20/03/2026,Hegseth says Iran war not becoming a ‘quagmire’,"US Defence Secretary Pete Hegseth pushed back against criticism the US war on Iran risked becoming a military “quagmire”.
“The media here — not all of it, but much of it — wants you to think, just 19 days into this conflict, that we’re somehow spinning toward an endless abyss or a forever war or quagmire,” Hegseth said at a news conference on Thursday.
“Nothing could be further from the truth.”
Hegseth said the US was “winning decisively” — destroying Iran’s ballistic missile arsenal, their navy and submarines.
He declined to answer a question about a specific time frame, but said the US is “on plan” with a “clear set of objectives” and would end the conflict at a time of “the president’s choosing, ultimately.”
Hegseth cited the strikes against Kharg Island as an example of how the US could control Iran’s fate, warning Iran against targeting Arab countries.
“The United States military controls the fate of that country,” he said.
Hegseth also hit out at European allies, who have largely shunned President Donald Trump’s request to help police the Strait of Hormuz.
The Pentagon is seeking $200 billion in additional funds for the Iran war, a sizable amount that is certain to be met with questions from Congress, which would need to approve any new money.
The department sent the request to the White House, according to a senior administration official, who spoke on condition of anonymity to discuss the private information.
Asked about the figure at a press conference on Thursday, Defence Secretary Pete Hegseth did not directly confirm the amount, saying it could change.
“It takes money to kill bad guys,” Hegseth said.
Meanwhile, Iran’s armed forces command said strikes on Iran’s energy infrastructure had led to “a new stage in the war” in which it had attacked energy facilities linked to the United States.
“If strikes (on Iran's energy facilities) happen again, further attacks on your energy infrastructure and that of your allies will not stop until it is completely destroyed,” spokesman Ebrahim Zolfaqari said, according to state media.",45,0,0,NA,ET Banglore 18-03-2026.pdf,55,0.6,51.7,50.0
BSD,20/03/2026,Iran attacks Isarel’s Haifa,"An Iranian missile attack hit Israel’s Oil Refineries in the northern port city of Haifa but did not cause “significant damage”, Israels Energy Ministry said on Thursday.
Energy Minister Eli Cohen said power was briefly disrupted, with electricity restored to most of those who were affected.",45,0,0,NA,ET Banglore 18-03-2026.pdf,55,83.3,64.6,6.5
BSD,20/03/2026,Israeli officials say US knew of Iran gas field strike,"Israel’s attack on an Iranian gas field on Wednesday was coordinated with the United States but will likely not be repeated, three Israeli officials said on Thursday, despite US President Donald Trump saying he knew nothing about it.
Israel has not publicly acknowledged responsibility for the South Pars attack.
On Wednesday night, Trump said in a social media post that Washington “knew nothing about this particular attack” and that Israel would not attack the gas field further unless Iran again attacked Qatar.
“Israel, out of anger for what has taken place in the West Asia, has violently lashed out at a major facility known as South Pars Gas Field in Iran,” Trump posted on X.
“Unfortunately, Iran did not know this, or any of the pertinent facts pertaining to the South Pars attack, and unjustifiably and unfairly attacked a portion of Qatar’s LNG Gas facility.
“No more attacks will be made by Israel pertaining to this extremely important and valuable South Pars Field unless Iran unwisely decides to attack a very innocent, in this case, Qatar,” said Trump.",45,0,0,NA,ET Banglore 18-03-2026.pdf,55,1.2,44.5,50.0
BSD,20/03/2026,Bessent says US likely to unsanction Iran oil that’s ‘on the water’,"US Treasury Secretary Scott Bessent said the US is looking to lift sanctions that it has long imposed on Iranian oil in an effort to ease the spike in energy prices triggered by its war in the Gulf, and could also look at a unilateral release of its own reserves.
“In the coming days, we may unsanction the Iranian oil that’s on the water,” Bessent said on Fox Business Thursday.
The US is already allowing Iranian oil to pass through the Strait of Hormuz, and that nation has about 140 million barrels afloat now, the Treasury chief said.
“Depending on how you count it, that’s 10 days to two weeks of supply.”
Iran’s supplies have mainly been heading to China up to now, but once sanctions are eased, that can then go elsewhere, Bessent said.
“It can flow into Malaysia, Singapore, Indonesia, Japan, India — who have been good actors in this.”",55,0,0,NA,ET Banglore 18-03-2026.pdf,55,90.0,57.6,50.0
BSD,20/03/2026,"World trade growth set to slow to 1.9%, Iran war may weigh more: WTO","Growth in world trade in goods will slow down markedly to 1.9 per cent this year from 4.6 per cent in 2025 and could decelerate even more if the war in West Asia continues to push energy prices higher and disrupt global transport, a World Trade Organization report said on Thursday.
While global trade remains resilient, buoyed by trade in AI-related products, the growth forecast is under pressure from the expanding US-Israeli war on Iran, WTO Director-General Ngozi Okonjo-Iweala said.
If crude oil and liquefied natural gas prices remain high throughout 2026 due to the conflict, global trade in goods could slow further to 1.4 per cent, WTO economists said.
A prolonged blockade of the Strait of Hormuz by Iran, choking one-third of fertiliser urea imports, risks hitting major producers like India, Thailand, Brazil, fuelling food security risks, the WTO report said.",30,0,0,NA,ET Banglore 18-03-2026.pdf,55,7.1,48.6,1.9
BSD,20/03/2026,Eli Lilly not playing the discounts game for GLP-1,"Eli Lilly and Company is signalling a divergence from a price-led playbook, positioning its therapy Tirzepatide as clinically superior, instead of matching the deep discounts anticipated from generic rivals.
The decision comes as India is expected to witness a wave of low-cost generics trickle into the GLP-1 therapy market, as the patent for semaglutide expires today.
The expiry is expected to intensify competition in the country’s growing diabetes and obesity market.
“Tirzepatide’s differentiation lies in its dual mechanism targeting both GIP and GLP-1 receptors compared to semaglutide’s single-pathway GLP-1 action,” said Winselow Tucker, president and general manager, Lilly India.
This has translated into stronger clinical outcomes, particularly in weight reduction, which the company is leveraging as a key competitive advantage, he added.
Clinical data cited by the company showed that patients on Tirzepatide achieved average weight loss of over 20.2 per cent, compared with around 13-14 per cent for semaglutide, reinforcing Lilly’s outcomes-driven positioning in an increasingly crowded market.
The strategy reflects a broader shift underway across the GLP-1 landscape.
As first-generation therapies lose exclusivity, innovation cycles are accelerating toward multi-target drugs and more potent incretin-based treatments rather than price competition alone.
Lilly is advancing this playbook with a growing pipeline.
Its late-stage portfolio includes oral GLP-1 candidate orforglipron and experimental tri-agonist retatrutide, both aimed at improving efficacy and convenience in long-term weight management.
Orforglipron, a non-peptide oral therapy, has been submitted to regulators in more than 40 countries, with a US decision expected in 2026.
The company said it plans to bring such innovations to India, subject to regulatory approvals.
Beyond commercial strategy, Lilly is also strengthening India’s role in its global innovation ecosystem.
Its Hyderabad technology and innovation centre is focused on AI, automation and data science, while its Bengaluru site supports clinical trials, drug development and digital transformation.
India is also increasingly being leveraged for late-stage clinical studies, supported by its diverse patient pool.
The company has committed over $1 billion to expand its global contract manufacturing network in the country over the coming years.
While cardiometabolic therapies remain central, Lilly is preparing to expand into other high-burden areas.
A key milestone is the potential launch of donanemab for early Alzheimer’s disease, subject to regulatory approvals.
With an estimated 8.8 million people living with dementia in India and numbers expected to double by 2036, the company said it is working to support early diagnosis and ecosystem readiness.
The rollout of semaglutide generics is set to broaden the market significantly, with more than a dozen drugmakers including Sun Pharmaceutical, Zydus Lifesciences, Alkem Laboratories and Dr Reddy’s Laboratories preparing to launch competing versions.
As the patent expires today, the branded formulations market could see the emergence of an additional ~1,000-2,000 crore opportunity.
More affordable alternatives are also expected to accelerate the uptake of GLP-1 therapies, particularly among patients with diabetes.
The opportunity is underpinned by India’s expanding patient pool.
National Family Health Survey data suggested that nearly one in four Indians aged 15-49 years is overweight or obese, while the Indian Council of Medical Research’s INDIAB study estimates that over 101 million people are living with diabetes.",55,0,0,NA,ET Banglore 18-03-2026.pdf,55,99.3,54.3,93.5
BSD,20/03/2026,Cos eye alternatives after CDSCO bans weight-loss drug ads,"Pharma industry executives say companies may pivot to alternative outreach strategies for doctors after the Central Drugs Standard Control Organisation (CDSCO) asked firms to refrain from advertising semaglutide-based weight-loss drugs.
This comes at a time when more than 50 generic brands are expected to hit Indian markets as the patent protection for semaglutide-based glucagon-like peptide-1 (GLP-1) agonists expires on Friday.
GLP-1 agonists are a class of medicines that help regulate blood sugar, increase fullness (satiety), and slow stomach emptying, leading to weight loss and improved glucose control in patients with type-2 diabetes and obesity.
“The CDSCO has banned all advertisements related to semaglutide or any GLP-1 drugs. Therefore, companies will have to adopt alternative methods to build awareness and educate stakeholders about these medications,” an executive with a Delhi-based pharma company told Business Standard.
Sukhvinder Singh Saggu, director for minimal access, gastrointestinal (GI) and bariatric surgery at Delhi’s CK Birla Hospital, said that one approach will be organising conferences and continuing medical education (CME) programmes for doctors, along with improving patient support drives to influence prescriptions.
However, market watchers say the move came just weeks before the patent expiry.
“Doctor-promotion and intimation of launch must have happened more than a month back,” said Sheetal Sapale, vice president (commercial) at Pharmarack.
New launches in the injectable GLP-1 agonist segment, including tirzepatide and semaglutide, have seen a 177 per cent rise in sales in the last one year on a moving annual turnover (MAT) basis — from ~571 crore in February 2025 to ~1,446 crore in February 2026.
Developed by Danish drugmaker Novo Nordisk, semaglutide is currently available in India as Ozempic, Wegovy, and Rybelsus.
However, with the molecule losing patent protection, several Indian companies have begun aggressive promotion.
Jitendra Chouksey, founder and chief executive officer (CEO) at online fitness platform Fittr, said that despite the ban, there are still companies, influencers, and doctors running advertisements and promoting GLP-1 drugs without any consequences.
“Before the launch of an innovator molecule, multinational corporations (MNCs) typically spend more than half a year on scientific education of speciality and super-speciality doctors about the disease, patient profiling, and education,” a pharma analyst added.",50,0,0,NA,ET Banglore 18-03-2026.pdf,55,95.8,53.1,18.2
BSD,20/03/2026,Cybersecurity needs more than human intervention in AI age,"The arrival of artificial intelligence (AI) in the threat landscape has resulted in cutting down the time for a high-damage ransomware to be launched within a couple of days from the earlier timeframe of a week or 10 days, said Nicole Quinn, the vice-president for policy and government affairs in the Japan and Asia Pacific region at Palo Alto Networks.
This shortened timeline has, in turn, meant that ensuring cybersecurity for all companies — especially startups and small and medium enterprises (SME) — can no longer be achieved solely through human intervention, she said.
“Traditionally, cybersecurity has always been bolted on as an afterthought. With AI now in the picture, startups and SMEs have to think of cybersecurity from the start,” Quinn said, adding that most startups and SMEs often just focus on the product while losing focus on the environment, or ecosystem they operate in.
In countries such as India, where the scale of operations for most companies is larger than in other regions and geographies, AI needs to be deployed at an equal scale to ensure deep-rooted protection, she said.
Palo Alto Networks, among the world’s largest pure-play cybersecurity companies, believes India will need to strike a fine balance between fostering AI innovation and protecting individuals' safety.
“I think a lot of it can be done by setting frameworks and guardrails. In cybersecurity, there is an element of recognising companies and organisations that do the right thing. But there should be a set of standards and frameworks that every company should be measured against,” Quinn said.
These guardrails, despite companies following best cybersecurity practices, ensures the users’ trust in innovation and assures safety, she said.
Countries worldwide also need to agree on a common minimum set of cybersecurity safety standards, despite individual nuances with respect to language and cultural differences, Quinn said.
“Fundamentally, we are all trying to do the same thing, which is to secure enterprises, citizens and our economic future. Though investment in cybersecurity can sometimes be challenging, companies need the regulatory stick to ensure that there is money being put to ensure safety,” she said.",55,0,0,NA,ET Banglore 18-03-2026.pdf,55,99.4,53.6,21.4
BSD,20/03/2026,"SaaS complements AI, does not compete with it: ProHance CEO","Workforce analytics platform ProHance says software-as-a-service (SaaS) companies are feeling the heat due to the impact of artificial intelligence (AI). Chief Executive Officer (CEO) Ankur Dhingra tells Avik Das on the sidelines of NTLF 2026 the only way SaaS can survive is to understand the business model and have greater depths in customer relationships to navigate this ecosystem.
What is your take on the recent controversy surrounding your software that Cognizant is monitoring its employees through it?
There needs to be an empirical telemetry or a measurement system in place to really know what’s happening on the ground. Now clearly, sometimes that technology gets misconstrued as monitoring.
But the whole idea is that the way the technology is architected is that the end user, who controls it, can turn it off like Fitbit. And the idea is not an individual level micromanagement. It is to really make broader operational decisions.
I do not want to comment on what Cognizant said. That was their point of view. The technology provides high quality measurement. It tells you if you are spending time in areas which matter to the business. It also helps you sharply define your time zone. With this technology, one can design his own workday.
Which are some of those areas in SaaS that are being impacted by AI?
All the content-related SaaS is getting eaten up. A lot of the travel-related SaaS is also facing the same fate. SaaS, which is more B2C (business-to-consumer), will face greater stress. B2B (business-to-business) is a much more nuanced discussion in terms of what you are trying to do. And it’s not like SaaS companies are also building a lot of agentic AI solutions. But like in most things with AI, there will be parts of SaaS that will get impacted. This is an opportunity to play offence and defence at the same time.
What are your growth plans?
Over the last seven years, we’ve grown at a compound annual growth rate (CAGR) of 25 per cent. And we are one of the few SaaS companies that was bootstrapped before this ChrysCapital took a majority position in us. We are fairly confident of growing at more than 30 per cent.
Which are some of those areas where SaaS can score over AI?
I think they’re not competing but complementing. AI can actually strengthen sometimes the SaaS offering and they can reduce their cost and become stronger. However, some of the SaaS which are commoditised, AI might offer that service for free, or LLMs will provide subscription services. So, there will be the black holes, and if you are solving something which is very close to it, you will just get sucked. The idea is to move away from it if you're just doing a plain vanilla thing.",55,0,0,NA,ET Banglore 18-03-2026.pdf,55,99.6,57.3,50.0
BSD,20/03/2026,"Škoda Auto India keeps foot on the pedal, targets 10-12% growth","Škoda Auto India expects to grow its volume sales by 10–12 per cent in 2026, outpacing the broader passenger vehicle (PV) market despite a high base created by its record performance last year, its Brand Director Ashish Gupta told Business Standard on Thursday.
The outlook comes even as the ongoing conflict in West Asia is impacting supply chains and demand sentiment.
“So far, our production is not affected. But every day the situation prolongs, it does bring risks in terms of shipments getting delayed,” Gupta said, adding that rising crude oil prices could also weigh on consumer sentiment.
He flagged energy availability and logistics disruptions as key concerns if the crisis continues, observing that costs could rise if components need to be airlifted instead of shipped.
The automobile company had a record year in 2025, with sales more than doubling to 72,665 units from 35,166 units in 2024, driven largely by strong demand for the Kylaq sub-4-metre sport utility vehicle (SUV).
Gupta acknowledged that such sharp growth would be difficult to sustain.
“Last year was a blockbuster year for us with about 100 per cent growth… I know that that kind of growth is not possible to maintain,” he said, while reiterating the company’s aim to stay ahead of industry growth.
For the broader industry, Gupta expects more moderate expansion in 2026.
PV sales in India touched about 4.55 million units in 2025, and early indicators for 2026 remain strong, with January and February registering nearly 10 per cent year-on-year growth.
However, he expects the pace to normalise as the year progresses.
“On a very high base of 2025, 4–5 per cent growth is what I expect the industry to end up with this year,” he said, cautioning that geopolitical uncertainties could alter the outlook.
On the proposed India–European Union free trade agreement (FTA), Gupta said the benefits for carmakers would be gradual and limited in terms of volumes.
Duty reductions would be spread over five years and apply only to vehicles above a minimum cost, insurance, and freight value of €15,000, which translates into ~16–18 lakh.
“Beyond that price point, the Indian market anyway starts thinning out in terms of volume,” he said, adding that while premium car sales could rise from current levels, they are unlikely to see exponential growth.
He also emphasised that the FTA should be seen as a two-way opportunity.
While it could allow automakers to bring in global models, it may also make exports from India to Europe more viable over time as regulatory standards converge.
“It is a two-way trade that will help both economies,” Gupta said, though he added that the company is yet to undertake a detailed analysis of export feasibility to Europe.
Currently, Škoda Auto India exports completely knocked-down kits to Vietnam for local assembly and also ships vehicles to markets in West Asia.
The company is exploring further opportunities in neighbouring South Asian Association for Regional Cooperation countries such as Nepal and Sri Lanka, he said.
Škoda Auto India unveiled the facelifted Kushaq in January, marking the SUV’s first major mid-cycle update since its debut.
The model sits in the midsize (C-segment) SUV category in India and competes with rivals such as the Hyundai Creta, Kia Seltos, and Volkswagen Taigun in a highly competitive segment.
Škoda is continuing to expand its retail footprint in India.
It increased its network from 240 touchpoints across 140–145 cities at the start of 2025 to 325 touchpoints in 183 cities by year-end, covering 82–83 per cent of the market.
In 2026, it plans to extend its presence to 200 cities with about 350 touchpoints, targeting incremental reach in smaller markets.
On February 28, Israel and the US carried out military strikes on Iran, triggering a wider conflict in West Asia.
Iran responded with missile and drone attacks.
The conflict has disrupted key shipping routes, forced the closure of a large chunk of regional airspace, raised oil prices, and created risks for global trade and supply chains.",60,0,0,NA,ET Banglore 18-03-2026.pdf,55,98.8,51.4,94.4
BSD,20/03/2026,Aditya Khaitan resigns from Kilburn Engineering board,"Aditya Khaitan, a member of the promoter family of Kilburn Engineering, has stepped down from the company’s board, it said on Thursday.
The move follows the resignation of Amritanshu Khaitan from the board of group firm McLeod Russel, the tea producer.
Aditya Khaitan had resigned as non-executive director due to other commitments with effect from March 19, Kilburn said in a regulatory filing.
Khaitan’s resignation letter mentioned that he was resigning as a non-executive director of Kilburn Engineering with immediate effect in order to devote more time to his other endeavours.
The younger son of Brij Mohan Khaitan and Amritanshu’s uncle is the chairman and managing director of the country’s largest bulk tea producer.
The back-to-back boardroom changes at the two companies — McLeod and Kilburn — signal a demarcation of operational control and governance within the promoter group.",50,0,0,NA,ET Banglore 18-03-2026.pdf,55,23.7,48.4,13.9
BSD,20/03/2026,MobiKwik to double down on payment devices biz,"Fintech firm MobiKwik is eyeing monetisation from merchant payment acceptance devices as the company plans to double down on deployment of soundboxes and electronic data capture (EDC) machines this year, a senior company executive said.
The Gurugram-based company plans to scale up the category in 2026, targeting an initial contribution of about 10 per cent to its top line, Mobikwik Cofounder and Chief Financial Officer Upasana Taku told Business Standard.
“We have a focused approach in terms of geographies and the quality of merchants and the sectors that we want to acquire. We can either deploy a soundbox or an EDC machine there, both of which are profit-and-margin-driving products. We can make a good rental income there,” she said.
She explained that eventually the focus on servicing high quality merchants beyond India’s Tier-I sector would open opportunities for cross-selling financial services such as merchant loans.
MobiKwik has a base of more than 186.6 million registered users and over 4.79 million merchants.
“Most of this year, we will go and build out. And in that build out, the cost will be there, the GMV (gross merchandise value) will go up, the revenue will follow. Eventually, this business will break even over a period of time,” she said.
Taku explained that a soundbox yields a rental income over two years, whereas an EDC machine does so over a three-year period.
She explained that part of the company’s initial public offering (IPO) proceeds would be utilised to fund this business as the company plans to scale it up.
“We had already raised ~70 crore in our IPO for this business. Out of which, only about ~8-9 crore has been utilised. We will utilise the balance amount,” she said, adding that it was a cost-intensive business that requires a team of feet-on-street staff.
MobiKwik was listed on the stock exchanges in December 2024.
The focus on offline merchant acquiring comes at a time when the market is dominated by players such as PhonePe and Paytm.
Taku explained that towns in India’s Tier-III presented a window of opportunity to grow the business despite the dominance of incumbents.
“We will not go as a third device (for a merchant). But, one thing one should understand is anyone who has two (acceptance devices), may also have dissatisfaction from time to time. This can either be with the device or with the relationship manager, and merchants look for replacements,” she said.
The company had posted a consolidated net profit of ₹4.04 crore in the third quarter of financial year 2025-26 (Q3FY26), after it had reported a wider net loss of ₹53.18 crore in Q3FY25.
MobiKwik’s revenue from operations grew 7.22 per cent to ₹288.94 crore in Q3FY26, compared with ₹269.47 crore in Q3FY25.
On a quarter-on-quarter basis, revenue rose 6.93 per cent from ₹270.21 crore in Q2FY26.",55,0,0,NA,ET Banglore 18-03-2026.pdf,55,88.6,53.5,84.2
BSD,20/03/2026,Qcom boom reshapes packaged food mkt,"India’s packaged food and beverages market is entering a new phase of growth, projected to expand to over $150 billion from about $100 billion by 2030, according to consulting firm Redseer’s latest report, “Reinventing Packaged F&B with Quick Commerce.”
Within this evolving landscape, the quick commerce (qcom) channel alone is expected to scale from $4 billion today to more than $25 billion in gross merchandise value (GMV) by 2030, driven by rising demand for speed, convenience, and high-frequency consumption.
“Qcom is emerging as a structural force in the packaged food and beverages market, driven by its ability to capture demand at the point of intent,” said Mrigank Gutgutia, partner, Redseer Strategy Consultants.
“What was once seen primarily as a distribution channel is now starting to shape category strategy, innovation priorities, and investment decisions across the ecosystem. For brands, operators, and investors, this marks a fundamental shift in how growth will increasingly be built and realised.”
Qcom has moved well beyond being a last-minute fulfilment channel.
With over 50 million monthly users across over 250 cities, it is beginning to influence everyday purchase behaviour.
Its share in the packaged food and beverage (F&B) market is expected to rise from about 4 per cent today to nearly 15-20 per cent by 2030, growing significantly faster than other formats and steadily taking share from them.
Consumers are becoming more deliberate in their food choices, with younger cohorts driving demand for higher-protein and cleaner-label products.",70,0,0,NA,ET Banglore 18-03-2026.pdf,55,95.4,58.1,95.5
BSD,20/03/2026,Mistry to ‘do his best’ for bank’s stability,"Keki Mistry, 71, who led the erstwhile mortgage lender HDFC Ltd for several years before it merged with HDFC Bank, now finds himself at the helm of the bank as interim chairman, tasked with steering the institution through the current controversy.
The development follows the resignation of former part-time chairman Atanu Chakraborty, who stepped down citing concerns that he said were not aligned with his values and ethics, triggering governance-related questions around the bank.
“I would not have taken on this responsibility at the age of 71 if it did not align with my principles and the level of integrity I expect from the bank,” Mistry said on Thursday.
He added that he would ideally not like to continue beyond the three months for which he has been appointed with the regulator’s approval, and that he would do his best to stabilise the bank during this period.
“…as far as I am concerned, my role is for three months. I would like to stabilise things as much as I can. At the end of three months, would I want to continue? My feeling is no,” Mistry said.
Late on Wednesday, the bank announced that, with the Reserve Bank of India’s approval, Mistry had been appointed interim part-time chairman for three months, effective March 19.
Hours after his appointment, Mistry moved swiftly to address stakeholder concerns, speaking to analysts early on Thursday.
“On behalf of the board, and in full alignment with the executive leadership, I wish to assure all stakeholders that there are no material matters at this point in time. Based on our discussions, no specific incidents or practices have been brought to our attention,” he said.
“The board remains fully committed to safeguarding institutional resilience and the index of confidence. The bank operates with strong governance standards, robust internal controls, and an experienced management team. Our strategic direction, business priorities, and execution capabilities remain as always,” Mistry added.
He also clarified that while there may have been differences on minor issues between the management and Chakraborty, nothing was material.
“In no board meeting has there been a complete difference of opinion or anything of that sort. There will always be some relationship issue between individuals. Those kinds of things happen. There was no power struggle in the bank,” he said.
Mistry is a veteran of the financial services sector, with over four decades of experience spanning banking, housing finance, and capital markets.
A chartered accountant and fellow of The Institute of Chartered Accountants of India, he began his career with AF Ferguson & Co. in 1975, followed by stints at Hindustan Unilever and Indian Hotels Company.
He joined Housing Development Finance Corporation (HDFC) in 1981 and rose through the ranks, serving in key leadership roles before becoming managing director in 2000, and later vice-chairman and chief executive officer.
During his tenure, he was associated with the expansion of the HDFC group and the creation of key financial services businesses, including HDFC Bank, HDFC Life, and HDFC Ergo.
Following the merger of HDFC Ltd with HDFC Bank in July 2023, he retired from executive responsibilities and was inducted as a non-executive director on the bank’s board.
Mistry also serves on the boards of HDFC Life Insurance, HDFC Ergo General Insurance, Tata Consultancy Services, HDFC Capital Advisors, The Great Eastern Shipping Co., HDFC Capital Advisors, Cyrus Poonawalla Group’s financial services ventures, and Flipkart.
He advises PwC India and Axis Mutual Fund on real estate and serves as a strategic advisor for Cyrus Poonawalla Group’s financial services ventures.",40,0,0,NA,ET Banglore 18-03-2026.pdf,55,99.5,57.3,19.6
BSD,20/03/2026,Bank may seek Chakraborty’s clarification on ‘concerns’,"The board of HDFC Bank may formally write to its former Part-Time Chairman Atanu Chakraborty, seeking clarification on the concerns cited in his resignation letter, sources aware of the development said on Thursday.
Chakraborty, who resigned the previous day, did not elaborate on the reasons behind his concerns during the board meeting, despite directors asking him to do so.
In his resignation letter, Chakraborty said certain happenings and practices within the bank were not “in congruence” with his personal values and ethics.
Asked about the recourse the bank will take, Keki Mistry, who has been appointed as interim part-time chairman, said: “The board will, of course, be meeting in due course. The board will discuss how to take this forward.”
Chakraborty is a retired 1985-batch Gujarat-cadre Indian Administrative Service (IAS) officer with over 35 years in government service.
He served as secretary, Department of Economic Affairs in the Ministry of Finance.
Chakraborty was appointed part-time chairman of HDFC Bank in 2021.
“There was a relationship issue between the bank management and the earlier chairman, and that is what manifested in what happened yesterday (Wednesday),” a source said on the condition of anonymity.
The source added that there is no governance issue, which is evident from the fact that the Reserve Bank of India (RBI) has come out in support of the bank, saying there are no material concerns regarding governance or conduct at HDFC Bank.
Other board members were “baffled” by Chakraborty’s use of words in his resignation letter, as he was not ready to explain, when asked, the reason behind his usage of such words.
During an interaction with the media, Renu Karnad, non-executive director, HDFC Bank, said: “I had used the word baffling in the morning (investor call), and the reason was that Mr Chakraborty had mentioned his comments on ethics, and we had asked him to please elaborate, to please tell us what it was, because if there was anything, then we need to correct it. And every time we asked him that, his response was nothing.”
Sources said Mistry would hold the role for three months and is unlikely to seek a full-time position as part-time chairman, though he is expected to continue on the bank’s board.
Mistry was serving as non-executive non-independent director on the bank’s board before being appointed interim part-time chairman of the bank.
On the media call, Mistry said: “… as far as I am concerned, my role is for three months. I would like to stabilise things as much as I can. At the end of three months, would I want to continue…? My feeling is no.”
Mistry also tried to calm stakeholder concerns and expressed confidence in the bank’s governance, saying there were no material matters, no specific instances, and no operational issues at the bank, and that none of the board members was aware of the issue that led to Chakraborty’s resignation.
“…I wish to assure all stakeholders that there are no material matters at this point of time. Based on our discussions, there were no specific happenings and practices that were brought to our attention,” Mistry said.
He also stated that the bank’s board is fully committed to safeguarding institutional resilience and index of confidence.
“The bank operates with strong governance standards, robust internal controls, and experienced management team. Our strategic direction, business priorities, and execution capabilities continue to remain as always,” Mistry added.",40,0,0,NA,ET Banglore 18-03-2026.pdf,55,96.2,52.5,50.0
BSD,20/03/2026,Not unusual for RBI to come out in support of a bank in trouble,"The Reserve Bank of India’s (RBI’s) decision to come out quickly and strongly in support of HDFC Bank on Thursday in the wake of sudden resignation of its part-time Chairman Atanu Chakraborty on late Wednesday evening, was aimed at calming depositors and investors’ nerves.
Such a move by the central bank is rare but not unusual.
Typically, the RBI does not talk about any individual organisation that it regulates.
HDFC Bank — officially known as Domestic Systemically Important Bank (D-SIB) — is “too big to fail”. D-SIBs are subjected to greater scrutiny and higher capital requirements.
Only two other banks in India — country’s largest lender State Bank of India (SBI) and second-largest private sector lender ICICI Bank — are D-SIBs.
HDFC Bank, the largest private sector bank in the country, has a deposit base over ~27.5 trillion and loan book of over ~28.6 trillion.
It had 100 million customers at the end of December 2025.
Commenting that it has taken note of the recent developments in HDFC Bank, the RBI said: “HDFC Bank is a D-SIB with sound financials, professionally run board, and competent management team.”
Recently, when another private sector lender, IDFC First Bank, was hit by a fraud in one of its branches in Chandigarh, RBI Governor Sanjay Malhotra had said there was no systemic issue with the bank.
He said this while responding to a query from the media in New Delhi.
Way back in 2008, when rumours surfaced about trouble in ICICI Bank, the RBI came out with a statement saying the bank has sufficient liquidity and will be able to meet requirement of the depositors.
Following the clarification, rumours evaporated, and the share price recovered.
Similarly in 2020, when Yes Bank was facing trouble, the central bank came out with a statement saying depositors’ money is safe and the bank is being closely monitored.
Yes Bank put in place a new board and chief executive officer (CEO), which took the bank out of trouble.
In the last 25 years at least, it was ensured by the banking regulator that no depositor of any commercial bank lost their hard-earned savings.",45,0,0,NA,ET Banglore 18-03-2026.pdf,55,39.9,52.2,23.8
BSD,20/03/2026,Corporate governance experts seek more clarity on Chakraborty’s exit,"Corporate governance experts have demanded that an independent directors’ committee of HDFC Bank be formed to investigate the circumstances surrounding the exit of former part-time chairman Atanu Chakraborty.
While proxy advisors maintain there are no immediate governance concerns at the bank, the ambiguity of Chakraborty’s resignation letter has triggered speculation among investors.
Shriram Subramanian, founder of the proxy advisory firm InGovern, said the current management commentary is neither straightforward nor convincing.
He stressed that statements from the current interim chairman and CEO are insufficient to assuage investor concerns.
“The board needs to appoint an independent directors’ committee to determine exactly what transpired and provide clarification,” Subramanian said.
“We are not clear whether the issue is a personality issue or whether there are any underlying issues. If it is a personality issue, the company should be upfront about it. If they want to call out Atanu Chakraborty, it is fine, but it has to be by that committee of independent directors.”
The cryptic nature of the resignation, has cast a shadow over the board's internal workings, governance experts said.",45,0,0,NA,ET Banglore 18-03-2026.pdf,55,22.8,54.6,8.9
BSD,20/03/2026,Bank board may approve Jagdishan reappointment,"Sashidhar Jagdishan’s continuance as HDFC Bank managing director and chief executive officer (MD & CEO) will be taken up for consideration in a month by the nomination and remuneration committee, a constituent of the lender’s board.
The proposal will then be sent to the Reserve Bank of India (RBI) for approval.
The current term of Jagdishan ends in October.
According to RBI norms, a bank has to send to the regulator its board-approved recommendation on the top executive’s reappointment five-six months before the term of the person ends.
It is during Jagdishan’s tenure that HDFC Bank took the big decision of merging into itself the erstwhile mortgage lender HDFC, which was the lender’s parent.
The merger came into effect in July 2023.
During an analyst call on Thursday, Jagdishan said the best period of the bank would start now with growth returning to pre-merger levels.
“We are waiting for that opportunity (return of growth) to unveil and unravel,” Jagdishan said.
“... the economy probably is in a sweet spot amid turmoil in the world. The bank is now well positioned. We had a trajectory and are on that trajectory. I think you will see the kind of growth that we were used to pre-merger coming back,” he said.
Jagdishan dismissed reports of possible differences of opinion with Deputy Managing Director Kaizad Bharucha, and said he was happy that Bharucha had been reappointed for three years from April this year.
“The fact that we were all unanimous in sending his name for another term reflects that, and we’re happy that approval has come. He’s going to be there for the next three years, which is going to be one of the best periods in the history of the bank,” Jagdishan said.
He was asked about the market speculation that he may not seek another term.
When asked whether he had expressed this kind of feeling to anyone, either to pay own self or to the board, Jagdishan said: “I have not expressed this kind of feeling to anyone, either to my own self or to the board.”
Following the reverse merger with HDFC, the bank calibrated its growth to bring down its elevated credit-deposit (CD) ratio.
The bank in 2024-25 (FY25) had significantly slowed its credit growth, and in FY26 it guided that it would grow in tandem with the industry.
From FY27, the bank said, its growth would outpace the industry.
Jagdishan, who is in his second term, took charge of HDFC Bank in October 2020.
He replaced Aditya Puri.
“As regards Sashi’s reappointment, the nomination and remuneration committee will consider it,” said Keki Mistry, who was HDFC vice-chairman, during a media call.
Mistry has been appointed interim part-time chairman after Atanu Chakraborty quit on Wednesday.
Mistry said Chakraborty’s resignation had nothing to do with Jagdishan’s reappointment.
“He (Jagdishan) has been running the bank successfully for many years and we all hope that he will continue to grow with the team devotion that he has (shown) over these years,” Mistry said.
Mistry said the reappointment of people in senior management was a regular process in a large organisation like HDFC Bank.
“We are a big group if you look at the life insurance, the general insurance, and the asset management businesses.”",50,0,0,NA,ET Banglore 18-03-2026.pdf,55,99.8,67.0,50.0
BSD,20/03/2026,Sebi may allow netting of funds for FPIs in March 23 board meet,"The Securities and Exchange Board of India (Sebi) may approve the framework for foreign portfolio investors (FPIs) to net funds across cash market transactions executed on the same day in its upcoming board meeting scheduled for March 23, sources aware of the developments said.
The move is expected to ease liquidity pressure and lower funding costs for FPIs, especially during high-volume trading sessions such as index rebalancing days.
With the approval, FPIs will be able to use the proceeds from sale transactions in the cash market on a particular day to fund purchase transactions on the same day — requiring them to only fulfil the net fund obligation.
However, netting may not be permitted if the FPI buys and sells the same stock or security on the same day or settlement cycle.
At present, FPIs are required to fund purchase transactions and deliver securities for sale trades separately.
All transactions are grossed at the custodian’s level, and FPIs are required to fulfil their obligations on a gross basis.
The custodians settle their deliveries on a net basis with the clearing corporations.
The current practice leaves FPIs underinvested for at least one day, and results in additional costs due to forex slippage and reliance on short-term credit lines.
Last year, FPIs had made representations to the regulator, seeking relaxations.
Following discussions, Sebi had floated a consultation paper on the same in January this year.
Sources added that the market regulator may also approve several relaxations for Infrastructure Investment Trusts (Invits) and Real Estate Investment Trusts (Reits), including expanding the scope of investing in liquid fund schemes.
Sebi may allow Reits and InvITs to invest in schemes with a credit risk value of 10 or above to diversify portfolios, as the current threshold of credit risk value of 12 leaves limited investment opportunities.
Sebi may also align investment conditions for private Invits with public Invits for investing in greenfield projects.
Additionally, compliance with the ‘fit and proper person’ criteria for market intermediaries such as stock brokers is also expected to be eased at the upcoming board meeting.
Under this, Sebi may do away with the automatic disqualifications arising solely from the filing of criminal complaints, FIRs, or charge sheets in cases involving economic offenses, a move that is expected to reduce regulatory uncertainty for entities facing the initial stages of legal proceedings.
Emailed queries to Sebi did not elicit any response till the time of publication.
The market regulator is also expected to take up the recommendations of the high-level committee formed to review the code to address conflict of interest within Sebi and manage disclosures by officials.
The recommendations were discussed in the previous board meeting in December 2025.
However, Sebi Chairman Tuhin Kanta Pandey said they needed more deliberation given some concerns raised by employees.
Sources indicated that the number of items to be taken up for approval by the Sebi board will be less in the last board meeting for this financial year (FY26) compared to the usual list of agenda items.",55,0,0,NA,ET Banglore 18-03-2026.pdf,55,98.1,50.4,93.3
BSD,20/03/2026,IFSCA cracks down on non-compliant entities at GIFT City,"The International Financial Services Centres Authority (IFSCA) has stepped up enforcement against alleged non-compliance by fund management entities (FMEs) and capital market intermediaries (CMIs), issuing show-cause notices to nearly 10 entities in recent months, according to sources.
The unified regulator for Gujarat International Finance Tec-City (GIFT City) in Gujarat has sought explanations from these fund houses over alleged lapses.
Failure to respond could result in regulatory action, including licence cancellations, people familiar with the matter said.
The regulator has also intensified scrutiny of other units operating in the GIFT International Financial Services Centre (IFSC), as part of efforts to strengthen compliance with the special economic zone (SEZ) framework.
In parallel, IFSCA is preparing a detailed matrix of non-compliances and corresponding penalties for IFSC units, sources added.
In 2024, the regulator issued warnings and advisories to several entities for failing to meet “substance requirements”, such as maintaining a minimum number of on-ground employees and other prescribed thresholds.
In a press release issued on Wednesday, IFSCA said that during recent supervisory visits, it observed that certain CMIs were non-compliant with regulatory requirements, including the absence of a principal officer or compliance officer, inadequate infrastructure, and trading conducted through remote access.
“Based on the supervisory findings, IFSCA has initiated appropriate regulatory action against the CMIs concerned in accordance with the applicable regulatory framework,” it said.
“Sometimes regulators take such measures to bring in ‘extra discipline’ so that entities remain cautious and do not take compliance lightly. It’s a balancing act. The number of entities registered in GIFT City has surged manifold in the past five years, so an increase in regulatory action is understandable,” said a person familiar with the developments, adding that the issues are unlikely to “rock the boat” for business activity in the financial hub.
As of December 2025, more than 200 FMEs and around 300 schemes were operating out of GIFT City, with commitments exceeding $32 billion.
Industry sources said most of the issues stem from inspections conducted over the past two years and largely relate to operational lapses.
Some have called for a more lenient approach to support the ecosystem’s growth.
“The regulations in GIFT City have been evolving. Entities need to adapt to these changes. Some may have already rectified gaps or alleged violations since the inspections. On the other hand, in the absence of settlement proceedings, those unwilling to opt for adjudication have little choice but to await hearings with the regulator,” said another industry participant.
Sources added that FMEs and intermediaries are in the process of responding to the notices.
Emailed queries to IFSCA remained unanswered at the time of going to press.",45,0,1,GJ,ET Banglore 18-03-2026.pdf,55,96.5,53.4,5.7
BSD,20/03/2026,March uptick in brokerages tapping debt market,"There has been a year-on-year (Y-o-Y) increase in the number of brokerages tapping the debt market for capital.
There were at least 12 entities which filed offer documents on the National Stock Exchange (NSE) as of mid-March for debt issuances, shows a Business Standard analysis.
This is twice the number seen in the whole of March last year.
The study is based on manual perusal of documents as available, and should be considered indicative.
The increase comes even as the Reserve Bank of India (RBI) restrictions on fundraising through banks come into effect from April 1.
Recent filings include Axis Securities, HDFC Securities, IDBI Capital Markets and Securities, IIFL Capital Services, Kotak Securities, and Motilal Oswal Financial Services Limited.
This is in addition to the names which were also seen in March last year, such as HSBC Investdirect Financial Services, Angel One, ICICI Securities, JM Financial Services, Aditya Birla Money, and Cholamandalam Securities.
Emails sent to the issuers did not elicit any reply till press time.
The RBI released new norms on funding capital market intermediaries like brokerages in February.
The norms are primarily expected to affect proprietary entities trading on their own account, as well as those who depend on intraday credit lines for various business activities.
This comes even as the top brokers have begun to manage larger amounts of business, with the top 10 gaining increased market share over the last ten years.
“More players are expected to explore debt markets and tap the money-market borrowing space,” said Deep Inder Singh, vice president at rating agency Icra.
Proprietary traders, or broking entities trading on their own account, had historically enjoyed the benefit of a capital multiplier by using bank guarantees (BGs) to place margins with exchanges.
Under this structure, they were required to provide collateral equivalent to only 50 per cent of the BG amount, enabling them to generate ~100 crore of bank guarantees with just ~50 crore of collateral.
This leverage, combined with the additional yield earned through interest income on fixed deposits placed as collateral for availing BGs, allowed such proprietary traders to generate pre-tax returns on equity of as much as 20-25 per cent using hedged arbitrage strategies, according to Singh.
This compared favourably with the high single-digit to low double-digit returns earned by players that did not have access to this capital-efficient structure.
With the RBI now mandating 100 per cent cash collateral against bank guarantees, the level of leverage available to proprietary traders is set to decline.
In response, some participants may choose to fund their activities through alternative instruments such as non-convertible debentures (NCDs) or commercial paper issued to high-net-worth individuals.
Many of the existing BGs would have been renewed in recent months and are, therefore, expected to remain in force until their respective maturities, as the revised RBI norms apply only to newly issued guarantees.
Consequently, the use of BGs under the earlier framework is unlikely to cease immediately on the April 1 RBI deadline, but is expected to taper off gradually as older arrangements expire.
As a result, the impact on brokers with sizeable proprietary trading operations is likely to be staggered rather than abrupt.
Brokers also tapped bank lines to meet their working capital requirements.
This was funded through BGs and intraday lines from banks.
The intraday lines will no longer be viable for enhancing margin placement ability on an intraday basis.
This part of the business can still make use of BGs but the costs may go up on switching to such guarantees from intraday lines, according to Singh.
The RBI circular has limited impact on the ~1 trillion worth of money borrowed by brokerages for onward lending to their clients for stock market activities through their margin trading facility.
Much of the margin trading book was funded by money market instruments and non-banking financial companies (NBFCs) already.",50,0,0,NA,ET Banglore 18-03-2026.pdf,55,96.7,54.5,90.9
BSD,20/03/2026,West Asia war forces Indian tourists to look eastwards & inwards,"With the war in West Asia raging on, outbound travel from India is set to witness a shift in the opposite direction — eastwards.
Destinations such as Thailand, Vietnam, Singapore, Mauritius, Bali, Indonesia, Sri Lanka, the Philippines and even far-east countries like Japan, Australia and New Zealand are becoming more popular.
Visa-on-arrival facilities at many of these countries and higher propensity of travellers to spend due to rupee depreciating versus the dollar, have also made these destinations more attractive amid larger geopolitical uncertainty, said market watchers.
“In the past, we have observed that in cases of region-specific disruption, people don’t give up on their trips, they figure out and book an alternative destination, whether domestic or a non-impacted international one. We are seeing the same pattern now,” said Rajesh Magow, cofounder and group chief executive officer (CEO), MakeMyTrip.
Rajeev Kale, president and country head, Holidays, MICE, Visa, Thomas Cook (India) Limited, said, “The global travel landscape has become increasingly dynamic. Recognising the geopolitical uncertainty in very specific parts of the world, we are witnessing growing interest for destinations across the far east, including Japan, Australia and New Zealand, alongside closer-to-home favourites such as Sri Lanka, Nepal, and Bhutan.”
Of the total outbound travel from India, the United Arab Emirates (UAE) makes up the largest chunk with over 8.6 million arrivals.
Global estimates suggested West Asia tourism could see an 11-27 per cent decline in arrivals and a loss of up to 23-38 million visitors in 2026, pointed out Anil Kalsi, board member of the Federation of Associations in Indian Tourism and Hospitality.
“With bookings down by 30-60 per cent on certain routes, especially those linked to or transiting through West Asia, travellers are considering safer and more stable destinations,” he said.
“We are observing a clear shift in travellers’ preference toward Southeast Asia, driven by proximity, affordability, and perceived stability. Destinations such as Thailand, Malaysia, and Vietnam are seeing stronger traction across both leisure and MICE segments,” said Vinod Kumar Sah, cofounder, CoTrav.
SD Nandakumar, president and country head – holidays and corporate tours, SOTC Travel, said “experiential travel segments such as cruising are gaining traction, with strong interest in sailings across Asia, including the upcoming Disney Adventure from Singapore, which is driving demand among Indian families seeking immersive cruise holidays.”
As a corollary, travel to Europe and the UK, typically including a halt in West Asia, has become more expensive, leading to players like SOTC and Thomas Cook offering discounts and deals for the upcoming summer travel season.
“On the domestic tourism front, while business travel remains largely unaffected, leisure travel is likely to start picking up now as the summer season kicks in and the exam season coming to an end,” Magow added.
“We are also seeing a behavioural trend where some travellers are postponing international trips in the near term and opting for domestic travel instead,” CoTrav’s Sah added.
Thomas Cook’s Kale concurred with the trend, adding that domestic favourites such as Himachal Pradesh, Andamans and Kerala are also witnessing growing interest.
“India’s spiritual destinations are also witnessing renewed relevance with interest for spiritual circuits such as the Char Dham and the Kailash Mansarovar,” he said.",45,0,0,NA,ET Banglore 18-03-2026.pdf,55,99.3,54.7,89.5
BSD,20/03/2026,Hormuz blockade may lead to increase in ultra-luxury house prices by 5%: Report,"The Strait of Hormuz blockade amid the West Asia war is leading to rise in prices for luxury and ultra-luxury houses in Mumbai and Delhi, with some estimates projecting the increase likely to be about 5 per cent in the immediate term.
According to a report by realty consultancy Anarock, construction costs have risen significantly after ships carrying essential construction materials have been forced to reroute.
“The forced detours of ships carrying construction materials around the Cape of Good Hope has added anywhere between 10 and 20 days to shipping times, and as much as ~1.5-3.5 lakh per container to the (shipping) costs,” said Prashant Thakur, executive director and head for research and advisory at Anarock.
At a time when housing sales were already tapering, the report stated that Indian developers were now confronted with an even starker landscape.
While diplomatic manoeuvring has succeeded in getting at least some liquified petroleum gas tanker ships through the Strait, bulk imports must now travel an additional 6,000-10,000 nautical miles, with marine fuel now at about ~1 lakh per tonne.
As a result, Anarock said that steel prices have jumped about 20 per cent to ~72,000 per tonne, roughly adding ~50 per square feet to high-rise construction costs to more than 10,000 luxury units under construction in Mumbai.
Skyscrapers use ribbed steel rods embedded in concrete to give it tensile strength, and this added cost has a direct correlation to the cost and speed of constructing them.
“The cost of hot rolled coil now hovers at ~51,000 to ~56,000 and may hit ~62,000 by June if the situation does not change for the better,” it said.
Similarly, diesel for construction cranes and mixers is heavily associated with the price of Brent crude, which is currently trending above $100 per barrel.
This price shock, the report said, will reflect significantly on construction sites in Mumbai, Delhi-NCR, Hyderabad and other high-rise-centric cities around the country.
Mumbai Metropolitan Region will be affected the most, with the region having more than 300 towers and over 5,500 high-rises.
In 2024 itself, India saw 59 ultralux-ury homes sell for a combined value of about ~4,754 crore, with Mumbai alone accounting for roughly 88 per cent of both units and value in this bracket.",30,0,1,"MH,DL",ET Banglore 18-03-2026.pdf,55,29.9,54.2,81.0
BSD,20/03/2026,Indices see worst fall in 21 mths as crude shock triggers selloff,"Indian equities plunged alongside global peers on Thursday, with benchmark indices posting their steepest falls in nearly two years, as a renewed surge in oil prices fuelled fears that the escalating Iran war could stoke inflation and undermine economic growth.
The BSE Sensex ended the session at 74,207, down 2,497 points, or 3.3 per cent. The Nifty closed at 23,002, a decline of 776 points, or 3.3 per cent. Both indices recorded their worst fall since June 4, 2024. The market capitalisation (mcap) of BSE-listed firms declined by ~13 trillion to ~426.1 trillion.
All sectoral indices on the National Stock Exchange (NSE) closed in the red, with losses ranging between 1.4 per cent (Nifty Energy) and 4.25 per cent (Nifty Auto). The Nifty 100, Nifty 500, Nifty Midcap 50, and Nifty Midcap 100 indices reported declines of more than 3 per cent each, and Nifty Smallcap index fell 2.9 per cent. Since the start of the war, the Sensex is down 8.7 per cent and the Nifty 8.6 per cent.
The total mcap of BSE-listed firms has fallen by ~37.4 trillion during this period.
The selloff on Thursday came as crude oil prices surged in the wake of attacks on some of West Asia’s most important energy facilities. Brent crude was trading at $108.5 per barrel (as of 9 pm IST) on Thursday, having earlier hit an intraday high of $119. Since the breakout of the war, crude oil prices have risen by 49 per cent.
Saudi Arabia on Thursday reported that a drone struck its Samref refinery on the Red Sea, following an earlier Israeli strike on the South Pars gas field, which Iran shares with Qatar. Higher oil prices tend to push up inflation in India and hurt economic growth, as the country imports most of its crude oil requirements.
“The conflict has increasingly taken the shape of energy warfare, with attacks on critical infrastructure by both sides driving a sharp spike in crude oil prices and rattling investor confidence. Going ahead, markets appear to be in a phase of heightened fragility, where sentiment is being driven by rapidly evolving geopolitical developments and a sharp rise in crude prices,” said Siddhartha Khemka, head of research, wealth management, Motilal Oswal Financial Services.
“Given the intensifying tensions around energy infrastructure in West Asia, we remain cautious on the market in the near term and expect volatility to persist.”
The India Vix, a gauge of market volatility, rose 22 per cent to 22.8 points. HDFC Bank, which declined 5.1 per cent, was the biggest drag on the Sensex. The private lender’s stock posted its worst fall since June 4, 2024, after its chairman resigned citing ethical differences.
Going ahead, the 23,170-23,200 zone is expected to act as immediate resistance for the Nifty 50. “As long as the Nifty 50 continues to trade below 23,200, downside pressure is likely to persist. In such a scenario, the index may drift towards 22,850, followed by the 22,700 level, in the short term,” said Sudeep Shah, head (technical and derivatives research) at SBI Securities.
Market breadth was weak on Thursday, with 3,359 stocks declining and 913 advancing. Foreign portfolio investors were net sellers to the tune of ~7,558 crore, while domestic institutional investors were net buyers of ~3,864 crore worth of stocks.",20,0,0,NA,ET_Bangalore_21-03-2026.pdf,55,1.0,46.2,1.3
BSD,20/03/2026,Oil surges to $108 per barrel; India denounces strikes,"Crude oil prices jumped to $119 a barrel on Thursday, close to the three-and-a-half-year peak hit on March 9, after Israel’s strikes on Iran’s South Pars gas field — its largest source of domestic energy — prompted retaliatory attacks by Tehran on key energy facilities across the Gulf.
Israel’s latest strike marked a significant escalation in the war, stoking concerns about prolonged disruption to global energy supplies. Iran retaliated by targeting Qatar’s Ras Laffan gas facility, along with oil refineries and gas infrastructure across Saudi Arabia, Kuwait and the United Arab Emirates (UAE).
Brent crude, which was around $74 a barrel before the conflict, was trading at $108.5 a barrel at 9 pm India Standard Time (IST) on Thursday.
Despite the sharp rise in global prices, India’s oil marketing companies (OMCs) have so far kept retail fuel prices unchanged.
India on Thursday said such strikes were “unacceptable and need to cease”. The attacks were “deeply disturbing” and served only to further destabilise an already uncertain global energy situation, External Affairs Ministry spokesperson Randhir Jaiswal said. Prime Minister Narendra Modi also spoke to leaders of Oman, Jordan, France and Malaysia, stressing the urgency of restoring peace in the volatile region.
Sujata Sharma, joint secretary in the Ministry of Petroleum and Natural Gas (MoPNG), said India’s top priority remained ensuring fuel availability for domestic consumers. The government will review its export policy based on the evolving situation, she added.
India exports refined petroleum products to Europe and neighbouring countries like Bangladesh and Bhutan. Unlike China, India has not halted exports so far, even as securing energy supplies has remained a challenge.
The government has mandated oil and gas companies operating in the country to share details of production, imports, exports, stock levels and consumption patterns. The data, to be submitted to the Petroleum Planning and Analysis Cell (PPAC), will help the government collect, compile and analyse information to monitor the petroleum and natural gas supply chain more effectively, according to a gazette notification.
The West Asia conflict has triggered an energy crunch for India, which depends heavily on imports from the region. The closure of the Strait of Hormuz has effectively choked supplies from the Gulf, which accounts for around 90 per cent of India’s liquefied petroleum gas (LPG) imports, 40 per cent of its crude oil imports, and about 50 per cent of its liquefied natural gas (LNG) imports.
Given its heavy reliance on West Asia for LPG, India is facing an acute shortage of cooking gas, even as diversification has helped it secure crude oil and LNG supplies to some extent. India has stepped up LPG purchases from the US, with 13 tankers carrying around 350,000 tonnes of LPG currently headed to the country, according to data from maritime intelligence firm Kpler.
Of these, four tankers carrying a combined 91,183 tonnes are expected to arrive next week. Another four vessels, with 93,180 tonnes, are likely to reach in early April. The remaining five, carrying about 166,000 tonnes, could arrive between mid and late April.
For the first time, India has also booked an LPG cargo from Argentina, with a shipment of 19,486 tonnes expected to arrive by end-March.
Meanwhile, LPG supplies from West Asia have fallen sharply due to the conflict. Only 11 tankers, carrying 192,734 tonnes, are currently headed from the region to India, and most of these cargoes had sailed before the fighting began. Of the India-bound vessels held up around the Strait of Hormuz, two LPG tankers and one crude oil cargo have safely transited the narrow route and reached Indian shores, according to government officials.",25,0,0,NA,ET_Bangalore_21-03-2026.pdf,55,24.4,50.5,19.5
BSD,20/03/2026,HDFC Bank firefights after chairman’s abrupt exit,"The dark clouds that had gathered over India’s largest private lender, HDFC Bank, on late Wednesday as its part-time chairman Atanu Chakraborty resigned with immediate effect citing ‘ethics’, had blown over by Thursday noon with the Reserve Bank of India (RBI) coming out strongly in its support to stress there were no governance or conduct issues at the bank.
Chakraborty, a former bureaucrat who had sought to be relieved from his post immediately, had attributed the decision to certain happenings and practices within the bank over the last two years and those were not in congruence with his personal “values and ethics”. Following his decision, four HDFC Bank board members met RBI officials, including two deputy governors, on Wednesday, seeking its nod to appoint board member Keki Mistry as interim part time chairman. The regulator quickly approved.
HDFC Bank began firefighting even before the stock markets opened with an early investor call addressed by six of its 12 current board members, including Mistry and MD & CEO Sashidhar Jagdishan. “I would not have taken on this responsibility at the age of 71 if it did not align with my principles and my level of integrity that I would expect from the bank,” Mistry told analysts.
He categorically stated there are no material issues or operational concerns at the bank, and none of the board members are aware of the issue that led to Chakraborty’s resignation. Mistry said there could be difference of opinion on minor issues but emphasised “there was no power struggle in the bank”.
Jagdishan said the board tried to persuade Chakraborty to refrain from going ahead with his decision.
“As the meeting was going on, as these developments were unravelling… where despite every board member trying to persuade the past part-time chairman to take back his resignation or sort of elaborate on any of the concerns that he may have, which would have been addressed as they were in the past, or take back some of the language that was there in that letter,” Jagdishan said in a call with media later in the day.
HDFC Bank’s market capitalisation, second only to Reliance Industries, fell ~66,433 crore to ~12.31 trillion on Thursday.
The bank’s stock had opened around 5 per cent lower from its previous close, had crashed 8.42 per cent to ~772 intra-day basis on the BSE, cut some losses during the day as clarity emerged that the part time chairman’s exit was not linked to governance issues, before ending up at ~799.70, 5.13 per cent lower.
The broader indices plunged 3.26 per cent – most in close to two years – owing to surging crude oil prices amid a raging war in West Asia.
Sources in the bank said there was some relationship issue between the bank management and the earlier chairman leading to the former’s decision to make a sudden exit. “Yesterday, during the bank’s board meeting, many of the directors asked him (Chakraborty) if there is a governance issue but he said there is none,” said a source.
“Basis our periodical assessment, there are no material concerns on record as regards its conduct or governance,” the RBI said in a statement at around 11 am Thursday. The bank remains well-capitalised and its financial position remains satisfactory with sufficient liquidity, it noted. The RBI also said HDFC Bank is a Domestic Systemically Important Bank (D-SIB) with sound financial, a professionally run board and competent management team, adding it will continue to engage with the Board and management on the way forward. Meanwhile, in New Delhi, Department of Financial Services Secretary M Nagaraju also quelled concerns and said: “HDFC Bank is a strong institution with strong fundamentals.”
Analysts noted that HDFC Bank has seen the exit of senior officials post the merger with HDFC. “Exits at HDFCB have accelerated post the HDFC Ltd merger, creating a visible credible leadership gap, with Chairman Atanu Chakraborty’s resignation over relationship issues with the management now raising concerns even in the board,” broking firm Emkay’s analysts said in a report.
“Though the management and the board assured of no governance, operational, regulatory, or power struggles, we believe the bank must curb management exits and rebuild leadership strength either internally or externally,” they said. Meanwhile, Kaizad Bharucha, Deputy MD at HDFC Bank, who looks at the entire asset side of the bank’s balance sheet, is set to get more responsibilities. In a call with analysts on Thursday, Sashidhar Jagdishan, MD & CEO, HDFC Bank, said, “As we move forward, we will sort of re-examine our organization structure, and with the consent and advice of the board, we will announce it at the appropriate time.”
“Kaizad is a very dear colleague, and I have the highest regard and respect for him. He handles the entire asset business of the balance sheet, which reflects the kind of respect and stature that he commands within the organization, both at the board level and at the management level as well. So that will continue. In fact, he will only get more responsibilities as we move forward,” he said.",40,0,0,NA,ET_Bangalore_21-03-2026.pdf,55,96.9,55.8,4.6
BSD,20/03/2026,Eli Lilly not playing the discounts game for GLP-1,"Eli Lilly and Company is signalling a divergence from a price-led playbook, positioning its therapy Tirzepatide as clinically superior, instead of matching the deep discounts anticipated from generic rivals.
The decision comes as India is expected to witness a wave of low-cost generics trickle into the GLP-1 therapy market, as the patent for semaglutide expires today. The expiry is expected to intensify competition in the country’s growing diabetes and obesity market.
“Tirzepatide’s differentiation lies in its dual mechanism targeting both GIP and GLP-1 receptors compared to semaglutide’s single-pathway GLP-1 action,” said Winselow Tucker, president and general manager, Lilly India. This has translated into stronger clinical outcomes, particularly in weight reduction, which the company is leveraging as a key competitive advantage, he added.
Clinical data cited by the company showed that patients on Tirzepatide achieved average weight loss of over 20.2 per cent, compared with around 13-14 per cent for semaglutide, reinforcing Lilly’s outcomes-driven positioning in an increasingly crowded market.
The strategy reflects a broader shift underway across the GLP-1 landscape. As first-generation therapies lose exclusivity, innovation cycles are accelerating toward multi-target drugs and more potent incretin-based treatments rather than price competition alone. Lilly is advancing this playbook with a growing pipeline. Its late-stage portfolio includes oral GLP-1 candidate orforglipron and experimental tri-agonist retatrutide, both aimed at improving efficacy and convenience in long-term weight management.
Orforglipron, a non-peptide oral therapy, has been submitted to regulators in more than 40 countries, with a US decision expected in 2026. The company said it plans to bring such innovations to India, subject to regulatory approvals.
Beyond commercial strategy, Lilly is also strengthening India’s role in its global innovation ecosystem. Its Hyderabad technology and innovation centre is focused on AI, automation and data science, while its Bengaluru site supports clinical trials, drug development and digital transformation.
India is also increasingly being leveraged for late-stage clinical studies, supported by its diverse patient pool. The company has committed over $1 billion to expand its global contract manufacturing network in the country over the coming years.
While cardiometabolic therapies remain central, Lilly is preparing to expand into other high-burden areas. A key milestone is the potential launch of donanemab for early Alzheimer’s disease, subject to regulatory approvals. With an estimated 8.8 million people living with dementia in India and numbers expected to double by 2036, the company said it is working to support early diagnosis and ecosystem readiness.
The rollout of semaglutide generics is set to broaden the market significantly, with more than a dozen drugmakers including Sun Pharmaceutical, Zydus Lifesciences, Alkem Laboratories and Dr. Reddy’s Laboratories preparing to launch competing versions.
As the patent expires today, the branded formulations market could see the emergence of an additional ~1,000-2,000 crore opportunity. More affordable alternatives are also expected to accelerate the uptake of GLP-1 therapies, particularly among patients with diabetes.
The opportunity is underpinned by India’s expanding patient pool. National Family Health Survey data suggested that nearly one in four Indians aged 15-49 years is overweight or obese, while the Indian Council of Medical Research’s INDIAB study estimates that over 101 million people are living with diabetes.",65,0,0,NA,ET_Bangalore_21-03-2026.pdf,55,99.3,54.3,93.5
BSD,20/03/2026,Cos eye alternatives after CDSCO bans weight-loss drug ads,"Pharma industry executives say companies may pivot to alternative outreach strategies for doctors after the Central Drugs Standard Control Organisation (CDSCO) asked firms to refrain from advertising semaglutide-based weight-loss drugs.
This comes at a time when more than 50 generic brands are expected to hit Indian markets as the patent protection for semaglutide-based glucagon-like peptide-1 (GLP-1) agonists expires on Friday.
GLP-1 agonists are a class of medicines that help regulate blood sugar, increase fullness (satiety), and slow stomach emptying, leading to weight loss and improved glucose control in patients with type-2 diabetes and obesity.
“The CDSCO has banned all advertisements related to semaglutide or any GLP-1 drugs. Therefore, companies will have to adopt alternative methods to build awareness and educate stakeholders about these medications,” an executive with a Delhi-based pharma company told Business Standard.
Sukhvinder Singh Saggu, director for minimal access, gastrointestinal (GI) and bariatric surgery at Delhi’s CK Birla Hospital, said that one approach will be organising conferences and continuing medical education (CME) programmes for doctors, along with improving patient support drives to influence prescriptions.
However, market watchers say the move came just weeks before the patent expiry. “Doctor-promotion and intimation of launch must have happened more than a month back,” said Sheetal Sapale, vice president (commercial) at Pharmarack.
New launches in the injectable GLP-1 agonist segment, including tirzepatide and semaglutide, have seen a 177 per cent rise in sales in the last one year on a moving annual turnover (MAT) basis — from ~571 crore in February 2025 to ~1,446 crore in February 2026.
Developed by Danish drugmaker Novo Nordisk, semaglutide is currently available in India as Ozempic, Wegovy, and Rybelsus. However, with the molecule losing patent protection, several Indian companies have begun aggressive promotion.
Jitendra Chouksey, founder and chief executive officer (CEO) at online fitness platform Fittr, said that despite the ban, there are still companies, influencers, and doctors running advertisements and promoting GLP-1 drugs without any consequences.
“Before the launch of an innovator molecule, multinational corporations (MNCs) typically spend more than half a year on scientific education of speciality and super-speciality doctors about the disease, patient profiling, and education,” a pharma analyst added.",55,0,0,NA,ET_Bangalore_21-03-2026.pdf,55,95.8,53.1,18.2
BSD,20/03/2026,Cybersecurity needs more than human intervention in AI age,"The arrival of artificial intelligence (AI) in the threat landscape has resulted in cutting down the time for a high-damage ransomware to be launched within a couple of days from the earlier timeframe of a week or 10 days, said Nicole Quinn, the vice-president for policy and government affairs in the Japan and Asia Pacific region at Palo Alto Networks.
This shortened timeline has, in turn, meant that ensuring cybersecurity for all companies — especially startups and small and medium enterprises (SME) — can no longer be achieved solely through human intervention, she said. “Traditionally, cybersecurity has always been bolted on as an afterthought. With AI now in the picture, startups and SMEs have to think of cybersecurity from the start,” Quinn said, adding that most startups and SMEs often just focus on the product while losing focus on the environment, or ecosystem they operate in.
In countries such as India, where the scale of operations for most companies is larger than in other regions and geographies, AI needs to be deployed at an equal scale to ensure deep-rooted protection, she said.
Palo Alto Networks, among the world’s largest pure-play cybersecurity companies, believes India will need to strike a fine balance between fostering AI innovation and protecting individuals' safety.
“I think a lot of it can be done by setting frameworks and guardrails. In cybersecurity, there is an element of recognising companies and organisations that do the right thing. But there should be a set of standards and frameworks that every company should be measured against,” Quinn said. These guardrails, despite companies following best cybersecurity practices, ensure the users’ trust in innovation and assure safety, she said.
Countries worldwide also need to agree on a common minimum set of cybersecurity safety standards, despite individual nuances with respect to language and cultural differences, Quinn said.
“Fundamentally, we are all trying to do the same thing, which is to secure enterprises, citizens and our economic future. Though investment in cybersecurity can sometimes be challenging, companies need the regulatory stick to ensure that there is money being put to ensure safety,” she said.",55,0,0,NA,ET_Bangalore_21-03-2026.pdf,55,99.5,53.6,21.4
BSD,20/03/2026,"SaaS complements AI, does not compete with it: ProHance CEO","Workforce analytics platform ProHance says software-as-a-service (SaaS) companies are feeling the heat due to the impact of artificial intelligence (AI). Chief Executive Officer (CEO) Ankur Dhingra tells Avik Das on the sidelines of NTLF 2026 the only way SaaS can survive is to understand the business model and have greater depths in customer relationships to navigate this ecosystem. Edited excerpts:
What is your take on the recent controversy surrounding your software that Cognizant is monitoring its employees through it?
There needs to be an empirical telemetry or a measurement system in place to really know what’s happening on the ground. Now clearly, sometimes that technology gets misconstrued as monitoring.
But the whole idea is that the way the technology is architected is that the end user, who controls it, can turn it off like Fitbit. And the idea is not an individual level micromanagement. It is to really make broader operational decisions.
I do not want to comment on what Cognizant said. That was their point of view. The technology provides high quality measurement. It tells you if you are spending time in areas which matter to the business. It also helps you sharply define your time zone. With this technology, one can design his own workday.
Which are some of those areas in SaaS that are being impacted by AI?
All the content-related SaaS is getting eaten up. A lot of the travel-related SaaS is also facing the same fate. SaaS, which is more B2C (business-to-consumer), will face greater stress. B2B (business-to-business) is a much more nuanced discussion in terms of what you are trying to do. And it’s not like SaaS companies are also building a lot of agentic AI solutions. But like in most things with AI, there will be parts of SaaS that will get impacted. This is an opportunity to play offence and defence at the same time.
What are your growth plans?
Over the last seven years, we’ve grown at a compound annual growth rate (CAGR) of 25 per cent. And we are one of the few SaaS companies that was bootstrapped before this ChrysCapital took a majority position in us. We are fairly confident of growing at more than 30 per cent.
Which are some of those areas where SaaS can score over AI?
I think they’re not competing but complementing. AI can actually strengthen sometimes the SaaS offering and they can reduce their cost and become stronger. However, some of the SaaS which are commoditised, AI might offer that service for free, or LLMs will provide subscription services. So, there will be the black holes, and if you are solving something which is very close to it, you will just get sucked. The idea is to move away from it if you're just doing a plain vanilla thing.",60,0,0,NA,ET_Bangalore_21-03-2026.pdf,55,99.6,57.3,50.0
BSD,20/03/2026,"Škoda Auto India keeps foot on the pedal, targets 10-12% growth","Škoda Auto India expects to grow its volume sales by 10–12 per cent in 2026, outpacing the broader passenger vehicle (PV) market despite a high base created by its record performance last year, its Brand Director Ashish Gupta told Business Standard on Thursday.
The outlook comes even as the ongoing conflict in West Asia is impacting supply chains and demand sentiment. “So far, our production is not affected. But every day the situation prolongs, it does bring risks in terms of shipments getting delayed,” Gupta said, adding that rising crude oil prices could also weigh on consumer sentiment.
He flagged energy availability and logistics disruptions as key concerns if the crisis continues, observing that costs could rise if components need to be airlifted instead of shipped.
The automobile company had a record year in 2025, with sales more than doubling to 72,665 units from 35,166 units in 2024, driven largely by strong demand for the Kylaq sub-4-metre sport utility vehicle (SUV). Gupta acknowledged that such sharp growth would be difficult to sustain. “Last year was a blockbuster year for us with about 100 per cent growth… I know that that kind of growth is not possible to maintain,” he said, while reiterating the company’s aim to stay ahead of industry growth.
For the broader industry, Gupta expects more moderate expansion in 2026. PV sales in India touched about 4.55 million units in 2025, and early indicators for 2026 remain strong, with January and February registering nearly 10 per cent year-on-year growth. However, he expects the pace to normalise as the year progresses. “On a very high base of 2025, 4–5 per cent growth is what I expect the industry to end up with this year,” he said, cautioning that geopolitical uncertainties could alter the outlook.
On the proposed India–European Union free trade agreement (FTA), Gupta said the benefits for carmakers would be gradual and limited in terms of volumes. Duty reductions would be spread over five years and apply only to vehicles above a minimum cost, insurance, and freight value of €15,000, which translates into ~16–18 lakh. “Beyond that price point, the Indian market anyway starts thinning out in terms of volume,” he said, adding that while premium car sales could rise from current levels, they are unlikely to see exponential growth.
He also emphasised that the FTA should be seen as a two-way opportunity. While it could allow automakers to bring in global models, it may also make exports from India to Europe more viable over time as regulatory standards converge. “It is a two-way trade that will help both economies,” Gupta said, though he added that the company is yet to undertake a detailed analysis of export feasibility to Europe.
Currently, Škoda Auto India exports completely knocked-down kits to Vietnam for local assembly and also ships vehicles to markets in West Asia. The company is exploring further opportunities in neighbouring South Asian Association for Regional Cooperation countries such as Nepal and Sri Lanka, he said.
Škoda Auto India unveiled the facelifted Kushaq in January, marking the SUV’s first major mid-cycle update since its debut. The model sits in the midsize (C-segment) SUV category in India and competes with rivals such as the Hyundai Creta, Kia Seltos, and Volkswagen Taigun in a highly competitive segment.
Škoda is continuing to expand its retail footprint in India. It increased its network from 240 touchpoints across 140–145 cities at the start of 2025 to 325 touchpoints in 183 cities by year-end, covering 82–83 per cent of the market.
In 2026, it plans to extend its presence to 200 cities with about 350 touchpoints, targeting incremental reach in smaller markets.
On February 28, Israel and the US carried out military strikes on Iran, triggering a wider conflict in West Asia. Iran responded with missile and drone attacks. The conflict has disrupted key shipping routes, forced the closure of a large chunk of regional airspace, raised oil prices, and created risks for global trade and supply chains.",60,0,0,NA,ET_Bangalore_21-03-2026.pdf,55,98.8,51.4,94.4
BSD,20/03/2026,Aditya Khaitan resigns from Kilburn Engineering board,"Aditya Khaitan, a member of the promoter family of Kilburn Engineering, has stepped down from the company’s board, it said on Thursday. The move follows the resignation of Amritanshu Khaitan from the board of group firm McLeod Russel, the tea producer.
Aditya Khaitan had resigned as non-executive director due to other commitments with effect from March 19, Kilburn said in a regulatory filing.
Khaitan’s resignation letter mentioned that he was resigning as a non-executive director of Kilburn Engineering with immediate effect in order to devote more time to his other endeavours.
The younger son of Brij Mohan Khaitan and Amritanshu’s uncle is the chairman and managing director of the country’s largest bulk tea producer.
The back-to-back boardroom changes at the two companies — McLeod and Kilburn — signal a demarcation of operational control and governance within the promoter group.",50,0,0,NA,ET_Bangalore_21-03-2026.pdf,55,23.7,48.4,13.9
BSD,20/03/2026,MobiKwik to double down on payment devices biz,"Fintech firm MobiKwik is eyeing monetisation from merchant payment acceptance devices as the company plans to double down on deployment of soundboxes and electronic data capture (EDC) machines this year, a senior company executive said.
The Gurugram-based company plans to scale up the category in 2026, targeting an initial contribution of about 10 per cent to its top line, Mobikwik Cofounder and Chief Financial Officer Upasana Taku told Business Standard.
“We have a focused approach in terms of geographies and the quality of merchants and the sectors that we want to acquire. We can either deploy a soundbox or an EDC machine there, both of which are profit-and-margin-driving products. We can make a good rental income there,” she said.
She explained that eventually the focus on servicing high quality merchants beyond India’s Tier-I sector would open opportunities for cross-selling financial services such as merchant loans. MobiKwik has a base of more than 186.6 million registered users and over 4.79 million merchants.
“Most of this year, we will go and build out. And in that build out, the cost will be there, the GMV (gross merchandise value) will go up, the revenue will follow. Eventually, this business will break even over a period of time,” she said.
Taku explained that a soundbox yields a rental income over two years, whereas an EDC machine does so over a three-year period.
She explained that part of the company’s initial public offering (IPO) proceeds would be utilised to fund this business as the company plans to scale it up.
“We had already raised ~70 crore in our IPO for this business. Out of which, only about ~8-9 crore has been utilised. We will utilise the balance amount,” she said, adding that it was a cost-intensive business that requires a team of feet-on-street staff.
MobiKwik was listed on the stock exchanges in December 2024.
The focus on offline merchant acquiring comes at a time when the market is dominated by players such as PhonePe and Paytm. Taku explained that towns in India’s Tier-III presented a window of opportunity to grow the business despite the dominance of incumbents. “We will not go as a third device (for a merchant). But, one thing one should understand is anyone who has two (acceptance devices), may also have dissatisfaction from time to time. This can either be with the device or with the relationship manager, and merchants look for replacements,” she said.
The company had posted a consolidated net profit of ₹4.04 crore in the third quarter of financial year 2025-26 (Q3FY26), after it had reported a wider net loss of ₹53.18 crore in Q3FY25. MobiKwik’s revenue from operations grew 7.22 per cent to ₹288.94 crore in Q3FY26, compared with ₹269.47 crore in Q3FY25. On a quarter-on-quarter basis, revenue rose 6.93 per cent from ₹270.21 crore in Q2FY26.",65,0,0,NA,ET_Bangalore_21-03-2026.pdf,55,88.6,53.5,84.2
BSD,20/03/2026,Qcom boom reshapes packaged food mkt,"India’s packaged food and beverages market is entering a new phase of growth, projected to expand to over $150 billion from about $100 billion by 2030, according to consulting firm Redseer’s latest report, “Reinventing Packaged F&B with Quick Commerce.”
Within this evolving landscape, the quick commerce (qcom) channel alone is expected to scale from $4 billion today to more than $25 billion in gross merchandise value (GMV) by 2030, driven by rising demand for speed, convenience, and high-frequency consumption.
“Qcom is emerging as a structural force in the packaged food and beverages market, driven by its ability to capture demand at the point of intent,” said Mrigank Gutguttia, partner, Redseer Strategy Consultants. “What was once seen primarily as a distribution channel is now starting to shape category strategy, innovation priorities, and investment decisions across the ecosystem. For brands, operators, and investors, this marks a fundamental shift in how growth will increasingly be built and realised.”
Qcom has moved well beyond being a last-minute fulfilment channel. With over 50 million monthly users across over 250 cities, it is beginning to influence everyday purchase behaviour. Its share in the packaged food and beverage (F&B) market is expected to rise from about 4 per cent today to nearly 15-20 per cent by 2030, growing significantly faster than other formats and steadily taking share from them.
Consumers are becoming more deliberate in their food choices, with younger cohorts driving demand for higher-protein and cleaner-label products.",75,0,0,NA,ET_Bangalore_21-03-2026.pdf,55,95.4,58.1,95.5
BSD,20/03/2026,Govt launches ~497 crore scheme to aid exporters,"The government on Thursday unveiled a scheme, Resilience & Logistics Intervention for Export Facilitation (RELIEF), worth ~497 crore to assuage some of the challenges related to “extraordinary freight escalation, heightened insurance premia and war-related export risks” that Indian exporters have been grappling with due to the West Asia war.
The commerce and industry ministry called the scheme “time-bound and targeted intervention” and launched it under the Export Promotion Mission (EPM).
Escalating security concerns around the Strait of Hormuz due to the United States-Israel war with Iran have led to vessel diversions, longer sailing routes, congestion at transshipment hubs and emergency conflict-linked surcharges. This has not only resulted in higher logistics costs but has also created operational uncertainty for export consignments moving to or through the region.
“Our exporters who have been exporting to the Middle East (West Asia) are facing certain challenges. There have been instances where their exports, which were meant for some of the countries in the Middle East, have not been able to reach their destinations. Their future exports are also getting impacted. There is a sense of worry among the exporters,” commerce secretary Rajesh Agrawal told reporters in a briefing.
Cargo accumulation at ports and airports with perishable shipments has been affected the most. Ministry of Micro, Small and Medium Enterprises (MSME) exporters have been hit the hardest – with payment delays, working capital stress and limited ability to pass on cost increases.
Lav Agarwal, director general of foreign trade (DGFT), said that the calibrated support package was needed to stabilise export flows and protect India’s market share during this crisis. Shipping lines and insurers have introduced additional war-risk premiums, and emergency conflict surcharges. For instance, during the Red Sea crisis in FY24, freight rates on key routes rose nearly 90-100 per cent within a short period, he said.
“Through RELIEF, the government aims to mitigate the immediate impact of logistics disruptions, protect exporter confidence, prevent order cancellations and safeguard employment in export-linked sectors. The intervention also reinforces India’s commitment to maintaining resilience and competitive-ness in global trade during periods of uncertainty,” the official statement said.
The scheme will be implemented by state-owned export credit agency ECGC Ltd, which will handle verification, claim, settlement and disbursement. Exports to or via countries such as the United Arab Emirates (UAE), Qatar, Oman, Bahrain, Kuwait, Israel, Iraq, Iran, Yemen are covered.
The RELIEF scheme is a three-component package for — the already insured exporters, upcoming exports to the Gulf region and non-ECGC MSME exporters.
Exporters who have already obtained ECGC credit insurance cover for eligible consignments will benefit from up to 100 per cent risk coverage, over and above the existing ECGC cover, during the eligible period — February 14, 2026 to March 15, 2026 — thereby ensuring enhanced protection without additional financial burden. The estimated support from the government will be ~56 crore.
In case of exporters planning future consignments, during the next three months — from March 16, 2026 to June 15, 2026 — they will be encouraged to obtain ECGC cover with government support for up to 95 per cent risk coverage, over and above the existing ECGC cover. This will help sustain exporter confidence and facilitate continued shipment flows despite logistics uncertainties. The estimated support will be ~159 crore.
In case of MSME exporters that may not have availed credit insurance from February 14, 2026 till March 15, 2026, but are facing extraordinary freight and insurance surcharge burdens, the scheme includes a partial reimbursement of up to 50 per cent. The estimated support will be ~282 crore. “This support will be extended subject to prescribed conditions, documentary verification and notified ceilings (up to ~50 lakh per exporter), and is intended to provide timely relief against conflict-related logistics cost escalation,” the statement said.",45,0,0,NA,ET_Bangalore_21-03-2026.pdf,55,99.8,53.4,78.9
BSD,20/03/2026,ICAI working with NFRA to identify probe overlaps,"The Institute of Chartered Accountants of India (ICAI) is working with the National Financial Reporting Authority (NFRA) to identify overlapping cases between the two bodies and ensure there are no redundancies, according to sources.
The idea behind the exercise is to promote better coordination between the two bodies. Sources said ICAI is expected to stop its investigations in matters where NFRA had also started a probe.
Some of the cases that the ICAI is looking into include Gensol, Bluesmart, and IndusInd. These cases are also being probed by the NFRA.
The ICAI and NFRA have often been at loggerheads in the past, with the former calling for a pause in the revision process of audit standards to allow for a comprehensive review.
This was after NFRA had brought out revised Standards on Auditing 600 (SA) for public consultations to address what it had found to be “the severely deficient quality and serious lack of due diligence” in Group Audits in India.
The ICAI, however, felt that given the complexities of the Indian market, the revised standards will concentrate audit work in the hands of a few big firms.
Sources in the ICAI said that the unique regulatory architecture and professional environment in India require a careful consideration of domestic needs before transplanting overseas standards.
ICAI’s Financial Reporting Review Board (FRRB) had in April 2025 decided to review the financial statements and the statutory auditor’s report of Gensol Engineering Ltd and BluSmart Mobility Pvt Ltd for the financial year 2023-24 (FY24) on a suo motu basis.
The Securities and Exchange Board of India (Sebi) had referred the same matter to the NFRA for further inspection.
In case of IndusInd, the NFRA had launched a probe after receiving a complaint against accounting lapses in the bank through the Centralised Public Grievance Redress and Monitoring System (CPGRAMS).
The case has also been on ICAI’s radar, but no final recommendation has been made yet.
In February, ICAI President Prasanna Kumar D had said that they had formed a special team to review the top 10-15 public interest cases, including Gensol Engineering and IndusInd Bank.",50,0,0,NA,ET_Bangalore_21-03-2026.pdf,55,87.5,49.3,50.0
BSD,20/03/2026,Govt approves food processing projects worth over ~200 crore,"The Uttar Pradesh (UP) government has cleared 14 food processing projects, worth over ₹200 crore, to link the agricultural sector directly with the market. The approved private projects span farm segments, including vegetables, horticulture, dairy and poultry.
The state will develop these projects in major industrial and commercial hubs, such as Varanasi, Meerut, Kanpur, Lucknow, Lakhimpur Kheri, Bareilly, Ayodhya and Rampur.
UP Deputy Chief Minister Keshav Prasad Maurya said food processing holds immense potential to augment farm income and generate large-scale employment opportunities. He directed officials to create awareness about subsidies provided under the Uttar Pradesh Food Processing Industry Policy 2023 so that more enterprises could be established.
Meanwhile, consumer foods company Apis India Limited is looking to set up a greenfield food processing unit in Western Uttar Pradesh. Its managing director, Amit Anand, said the company, which procures almost 4,000 tonnes of honey from the state, was aiming to double its procurement within the next three years. He added that UP’s industrial policy was among the most progressive in India.
The government is promoting food processing so that farmers receive better prices with an enriched agricultural value chain. The state has received proposals for production of namkeens and sweets, culinary herbs, milk powder, desi ghee, paneer, whey powder, ready-to-cook products (pre-mix dalia and khichdi), poultry feed, and other products, besides processing of frozen vegetable and spices.",60,0,1,UP,ET_Bangalore_21-03-2026.pdf,55,97.5,55.2,50.0
BSD,20/03/2026,Discoms get loan interest relief,"Two financing agencies of the central government have provided “significant relief” to power distribution corporations (discoms) of Jaipur, Jodhpur and Ajmer by lowering interest rates on loans, said an officer of the Rajasthan energy department.
The Power Finance Corporation (PFC) and Rural Electrification Corporation (REC) lowered rates after Chief Minister Bhajan Lal Sharma met Union Power Minister Manohar Lal Khattar in New Delhi recently.
“It will result in reducing the debt burden of the distribution corporations,” said the Rajasthan officer. “The savings generated can be used for the expansion, strengthening and operation of power infrastructure.”
The loss-making discoms of the three cities have a combined debt burden of around Rs 98,000 crore. They had to pay more than Rs 7,800 crore in interest payments in FY26, up until January. Interest rate relief will have a “positive impact” on their balance sheets, said the officer.
PFC and REC, which fund capital expenditure for power infrastructure, account for around 75 per cent of the total debt owed by the three discoms.
PFC has approved a special interest rate of 9.60 per cent for Jaipur discom — a reduction of up to 1.40 per cent — on long-term capital loans that previously carried an interest rate of more than 11 per cent. For Jodhpur and Ajmer discoms, the rate has been fixed at 10.50 per cent.
REC will provide a special interest rate of 9.60 per cent to the three discoms on medium-term loans — a reduction of up to 1.40 per cent. Furthermore, REC has extended concessions to the Jaipur discom on capital loans that previously carried interest rates of more than 11 per cent, reducing the term to 9.60 per cent.",55,0,1,RJ,ET_Bangalore_21-03-2026.pdf,55,98.2,59.1,17.4
BSD,20/03/2026,"Happiness index: At 116th, India trails in key indicators","The International Day of Happiness (March 20) serves as a reminder that the national wellbeing is not defined by economic growth alone.
The 14th World Happiness Report, released on Thursday, ranked Finland the happiest country for a record ninth consecutive year with a score of 7.764 out of 10, followed by Iceland and Denmark. India ranked 116th out of 147 countries in 2025 with an average score of 4.536. It scored below 1 on four of the six indicators — social support, healthy life expectancy, generosity, and perception of corruption.
India climbed two ranks this year, from its 118th position in 2024.
Between 2019 and 2025, India saw declines in healthy life expectancy and generosity, even as it improved on GDP per capita.
India’s happiness score slipped by 0.44 points between 2011 and 2025.",35,0,0,NA,ET_Bangalore_21-03-2026.pdf,55,99.3,67.7,15.9
BSD,20/03/2026,"WTO ministerial meet set to focus on reforms, ecom","The World Trade Organisation’s upcoming 14th ministerial conference (MC14) is set to see intense discussions on key issues, including reforms, e-commerce, fisheries subsidies and the long-pending permanent solution on public stockholding.
The 14th MC will be held from March 26-29 at Yaoundé in Cameroon.
“This ministerial (conference) is broadly being termed as the reform ministerial (conference) because there are multiple issues that the countries have been nudging. Reform is not expected as an outcome of this ministerial (conference), but as a pathway for reforming WTO. That will be part of the agenda -- what can be the credible pathway, whether we should go towards that pathway and whether the member (nations) should discuss reform as an agenda for coming out with certain solutions, suggestions for the next ministerial (conference),” a senior official said on Thursday.
India expects detailed discussions on the matter related to e-commerce as it is an evolving area of trade – and a matter that has been discussed for 28 years now.
Under a WTO moratorium, countries do not impose customs duties on cross-border e-commerce transactions. WTO member nations have periodically agreed to extend the moratorium and have been divided on the issue.
Developing countries, such as India, have been battling for policy space to impose customs duties on electronic transmissions, holding that the moratorium has adversely impacted its revenue collections. Developed countries, including the United States (US), Australia, want an extension of the moratorium.
During the 13th WTO ministerial conference in 2024, nations agreed to maintain the current practice of not imposing customs duties on electronic transmissions until the next ministerial conference scheduled for next week.
Officials in New Delhi believe that there is a need for a clear definition of goods under electronic transmission, the official cited above said.
India is also expected to face pressure on the proposal on investment facilitation at the WTO, which has been agreed upon by 128 countries, including 27 countries from the European Union.
The China-led IFD proposal aims to enhance the transparency of investment regulations to make countries more efficient and attractive to foreign and national investors. Apart from an attempt to attract more foreign direct investment flows, the idea is also to aim for higher-quality investment at a time when many developing countries are grappling with weak growth, high inflation.
India has not joined the agreement and has also opposed it as it will dilute the multilateral nature of the WTO.
That apart, the matters related to the fisheries subsidies and the long-pending permanent solution on public stockholding will also be discussed extensively, the official said.",50,0,0,NA,ET_Bangalore_21-03-2026.pdf,55,98.9,55.1,50.0
BSD,20/03/2026,"~10,000 cr container scheme under appraisal: Sonowal","The government’s recently announced container manufacturing scheme is currently being appraised, Union Minister of Ports, Shipping and Waterways Sarbananda Sonowal informed Parliament on Thursday.
“The Government in Budget 2026-27 has announced a scheme for container manufacturing in India with a budget outlay of ~10,000 crore aimed at creating a globally competitive container manufacturing ecosystem in the country through financial incentives to support establishment and expansion of container manufacturing units. The Ministry has initiated the process of appraisal of the Scheme,” he said.
Meanwhile, the parliamentary standing committee on commerce said that there is a growing need to bring containers under the Make in India initiative.",60,0,0,NA,ET_Bangalore_21-03-2026.pdf,55,91.1,50.0,93.6
BSD,20/03/2026,CIL ramps up measures to ensure coal supply to all segments,"Amid the West Asia crisis affecting energy supplies nationwide, Coal India Limited is taking steps to ensure an uninterrupted coal supply to all categories of consumers, including small and medium enterprises, as the government works to maintain energy security in changing demand conditions.
As part of its strategy, the company has scheduled 29 e-auctions in March 2026, offering approximately 23.56 million tonnes (MT) of coal. Of these, five auctions conducted since March 12 saw 31.96 lakh tonnes booked against 73.1 lakh tonnes offered, indicating adequate availability of the dry fuel in the market, the Coal Ministry said on Thursday.
Business Standard earlier reported that small consumers in Delhi-NCR are actively shifting to alternative fuels such as coal as the supply of LPG is choked. Prices of retail coal surged by almost 50 per cent in the informal market.
CIL, which accounts for 80 per cent of coal produced in the country, is supplying to small and medium consumers through the State Nominated Agencies (SNAs) route and has requested states to communicate any additional requirements, which it said can be fully met to avoid potential shortages.
The supply push comes against the backdrop of comfortable coal availability across the system. Pithead coal stock at CIL mines stood at 125.54 MT as on March 18, 2026, up from 106.78 MT on April 1, 2025. Additional stocks include 5.75 MT at Singareni Collieries Company Ltd, 15.75 MT at captive and commercial mines, 12 MT in transit, and 5.49 MT at ports and sidings.",55,0,0,NA,ET_Bangalore_21-03-2026.pdf,55,62.9,48.5,77.9
BSD,20/03/2026,Fertiliser stocks enough for kharif season: Govt,"The Ministry of External Affairs on Thursday said that India remains in touch with several countries to source its fertiliser imports as it has a diversified base.
Sources said the government is in the process of procuring fertilisers from Russia, Morocco, Tunisia, Saudi Arabia and Jordan.
They said the government is reaching out to more countries to diversify India’s sourcing of fertilisers.
A senior official said that India has also decided to procure spot gas on a competitive basis and the first phase purchase will be over soon.
The official also warned commentators to look at the factual situation and desist from uninformed speculation.
The government said that currently, India has adequate fertiliser stocks for kharif 2026, while the Department of Fertilisers has also put out global tenders in anticipation of the current situation which has received a very good response.
The government expects the bulk of the imported quantities ordered from a variety of sources to arrive by the end of March.",55,0,0,NA,ET_Bangalore_21-03-2026.pdf,55,87.9,56.0,87.3
BSD,20/03/2026,Gas-based power plants increasingly becoming impractical: NTPC chief,"Gas-based power generation assets are increasingly proving impractical, and current conditions have further reinforced that gas based systems may not be viable, NTPC Chairman Gurdeep Singh said on Thursday. He referred to the West Asia crisis which has led to concerns over gas availability for low priority sectors.
Speaking at the Bharat Electricity Summit on Thursday, Singh also referred to concerns over running thermal power projects at a low Plant Load Factor (PLF) to provide flexibility for renewable energy generation.
“Going forward, we need to consider alternatives. This could include developing plants specifically designed for flexibility such as subcritical units that can be ramped up and down... daily,” Singh said.
He added that instead of forcing existing plants for flexible load, which were not designed for such operations, focus should be on building new, flexible power units. Smaller units designed for such flexibility could also be grouped together for efficient operation, he said.
“If this continues, we may eventually be forced to take some of these machines out of operation, which would be counterproductive,” Singh said.",40,0,0,NA,ET_Bangalore_21-03-2026.pdf,55,75.5,48.7,3.3
BSD,20/03/2026,"India reaches out to Russia, Jordan for fertiliser sourcing","India on Thursday termed the attacks on energy installations in West Asia, especially in the Gulf region, as “unacceptable”, calling for these attacks to ""cease"" and saying that the latest poundings are a concern because they affected the country's liquefied natural gas (LNG) sourcing. Officials said the supply of liquefied petroleum gas (LPG), oil and fertilisers has been a matter of concern, and efforts are afoot to diversify their sourcing with several vessels, including from Russia and Jordan, carrying these products set to dock at Indian ports in the next few days.
They said tenders have been issued to purchase fertilisers from Russia, Morocco, Tunisia, Saudi Arabia, and Jordan.
India continues to buy oil from Russia.
The Department of Fertiliser has also decided to procure spot gas on a competitive basis, and the first phase purchase will reach by Tuesday, the officials added.
In a phone call to the King of Jordan, Abdullah II, on Thursday, Prime Minister Narendra Modi discussed the “attacks on energy infrastructure in West Asia”, which he said are “condemnable and can lead to avoidable escalation”. India and Jordan stand in support of unhindered transit of goods and energy, the PM said in a post on social media.
Modi also had telephonic conversations with French President Emmanuel Macron, Oman's Sultan Haitham bin Tariq, and Malaysian PM Anwar Ibrahim.
External Affairs Minister S Jaishankar met UAE’s Minister of State for International Cooperation Reem Al Hashimy on Thursday afternoon, and also had a telephonic conversation with Israeli Foreign Minister Gideon Saar.
Of the 22 Indian-flagged merchant vessels stuck in the west of the Strait of Hormuz, nearly half a dozen are carrying LPG, sources said.
At a briefing on Thursday evening, Ministry of External Affairs spokesperson Randhir Jaiswal said: “Couple of days back you saw that because of our engagement… and with talks and diplomacy with several of the stakeholders, we were able to get two of our LPG ships through the Strait of Hormuz.”
New Delhi described the attacks against energy installations in different locations across the region, especially the Gulf countries, as deeply disturbing and that these “only serve to further destabilise an already uncertain energy scenario for the whole world”. Such attacks are unacceptable and need to cease, Jaiswal said.
Since Wednesday evening, Tehran has retaliated against an Israeli attack on Iran's strategic gas fields of South Pars, and attacked key energy infrastructure in several Gulf nations, including Qatar's LNG hub of Ras Laffan. Qatar accounts for nearly 40 per cent of India’s LNG requirement.
“India had previously called for avoidance of targeting civilian infrastructure, including energy infra, across the region,” Jaiswal said.
The MEA spokesperson said Bangladesh, Sri Lanka, and the Maldives have sought help from India for their respective energy security.
On the fertiliser situation in the country, Jaiswal said the Department of Fertilisers had “put out global tenders well in time, in anticipation of the current situation”. “These have received a very good response and we expect to have the bulk of the quantities ordered from a variety of sources by the end of March,” he said.
The MEA spokesperson said, “All our partners have assured us of uninterrupted supplies, and we hope to attain and maintain comfortable stocks of fertilisers by the time kharif demand peaks by May 15.”",45,0,0,NA,ET_Bangalore_21-03-2026.pdf,55,93.9,52.8,4.4
BSD,20/03/2026,$2.2 trn power push: PM invites global investors,"India presents a massive investment opportunity across the power and energy value chain, with an estimated $2.2 trillion needed over the next two decades.
At the Bharat Electricity Summit 2026 in New Delhi on Thursday, Prime Minister Narendra Modi invited the global community to invest in India.
“I invite the global community to make in India, innovate in India, invest in India, and scale with India,” Modi said, adding that the country needs considerable investment to modernise its power sector.
Speaking at the event, Power Secretary Pankaj Agarwal said India will require around $2.2 trillion in investment over the next two decades to support the energy transition across subsegments of the sector.
He said India has built the “hardware” of the sector, including generation capacity and transmission networks. “The next phase will depend equally on the software of the sector, including regulatory frameworks, market design, pricing mechanisms, and institutional innovation,” he said.
This will require time-of-day tariffs, demand response, and flexible generation, he added.
Addressing the audience, Power Minister Manohar Lal said India is planning to implement an undersea power transmission cable network with the United Arab Emirates (UAE) as part of the One Sun, One World, One Grid initiative.
“If we create an undersea cable network with the UAE, a large part of the world can come together under this vision,” Lal said.
On connectivity with other countries, he said India’s link with Sri Lanka is close to completion, alongside partnerships with neighbouring countries, including Bhutan, Nepal, and Bangladesh, where power is already traded.",75,0,0,NA,ET_Bangalore_21-03-2026.pdf,55,98.0,51.5,84.1
BSD,20/03/2026,67% vacancies at UGC: House panel,"A standing committee of Parliament has flagged massive vacancies at the University Grants Commission (UGC), noting that more than two-thirds of its non-teaching posts remain unfilled. The panel said the shortage could hamper the commission’s ability to process grants, monitor universities and implement reforms under the National Education Policy (NEP) 2020.
“The Committee notes with concern the critical vacancy situation in UGC — 516 out of 763 sanctioned non-teaching positions are vacant (67.6 per cent vacancy rate). This severely impacts UGC’s capacity to discharge its statutory functions, including monitoring thousands of universities, processing grant proposals, and implementing NEP 2020,” the panel said in its report.
The observations were made by the Department-related Parliamentary Standing Committee on Education, Women, Children, Youth and Sports in a recent set of reports reviewing higher education funding, student loan schemes and related programmes.
The panel recommended a time-bound recruitment drive to substantially reduce vacancies by FY27.
“The Committee recommends that UGC should take all necessary steps to fill up vacant positions in a time-bound manner, with a target of at least 75 per cent vacancy reduction by March 2027,” the report added.",30,0,0,NA,ET_Bangalore_21-03-2026.pdf,55,68.1,52.8,1.6
BSD,20/03/2026,Top court reserves verdict on definition of term ‘industry’,"The Supreme Court on Thursday reserved its verdict on a reference that could reshape the scope of labour protections under the Industrial Disputes Act, 1947, by revisiting the meaning of the term “industry.”
A nine-judge Constitution Bench led by Chief Justice of India Surya Kant concluded hearings on whether the court’s landmark 1978 judgment had adopted an expansive interpretation, bringing a wide range of organised activities, irrespective of profit motive, within the ambit of “industry”, requires reconsideration.
The court also posed the question of whether temples can fall within the ambit of an “industry” as the debate turns on whether religious institutions, which often undertake large-scale administrative, charitable, and economic activities, can be equated with organised economic enterprises employing labour for systematic operations.
The Tamil Nadu Hindu Religious and Charitable Endowments (HR&CE) department opposed the inclusion of temples within the ambit of “industry,” arguing before the court that such a classification would be legally unsustainable. It contended that temple activities are inherently non-commercial and lack any profit-driven objective.
Appearing on its behalf, senior advocate Jaideep Gupta submitted that temples are primarily funded through public donations, with only limited surplus generated by certain institutions. He argued that their functioning cannot be likened to that of industrial establishments.",50,0,0,NA,ET_Bangalore_21-03-2026.pdf,55,91.8,57.5,50.0
BSD,20/03/2026,Central banks hawkish but cautious in shadow of war,"Top central banks struck hawkish tones as the Iran war drove energy prices sharply higher but acknowledged that the sheer uncertainty over the impact on the global economy called for caution in their next policy moves.
In a rare coincidence of the monetary policy diary, central banks of the United States, Japan, Britain, Canada and the euro zone - effectively the Group of Seven (G7) nations - convened this week, as have counterparts from several emerging economies.
Having barely tamed a commodities-led inflation spike after Russia's full-scale invasion of Ukraine in 2022, policymakers are determined to rein in any new price pressures without derailing still-patchy economic growth.
The US Federal Reserve and the Bank of Canada on Wednesday both opted to hold interest rates steady, as did the Bank of Japan on Thursday. Yet they made clear they are on alert, wary that rising energy prices could spark a fresh wave of inflation.
“In the near term, higher energy prices will push up overall inflation, but it is too soon to know the scope and duration of the potential effects on the economy,” Federal Reserve Chairman Jerome Powell said after the Fed’s 11-1 decision to hold rates in the 3.50 per cent -3.75 per cent range.
In Tokyo, Bank of Japan Governor Kazuo Ueda said the BOJ would not rule out a near-term rate hike if the expected hit to growth from surging oil costs proves temporary, and does not derail progress in durably hitting the bank's price target.
“We need to be mindful that recent developments come at a time when companies are already actively pushing up prices and wages, which suggests they could pass on costs more aggressively than after the war in Ukraine,” Ueda told a news conference.
Bank of Canada Governor Tiff Macklem struck a similar note: “If energy prices stay high, we will not let their effects broaden and become persistent inflation,"" he said.
Earlier this week the Reserve Bank of Australia hiked rates to a 10-month high and warned of a “material” risk to inflation from the oil price spike.
Even Brazil’s central bank, with one of the highest rates of all major economies, opted for a cautious 25-basis-point cut to a benchmark 14.75 per cent rate - a smaller cut than initially expected.
On Thursday both the Swiss National Bank and Sweden's Riksbank kept policy rates on hold, flagging the uncertainty of how the war will end up impacting the economy. The European Central Bank left interest rates unchanged as expected but signalled it was closely watching growth and inflation risks from surging oil prices and was ready to act, if that became necessary.
The Bank of England also voted unanimously to keep borrowing costs on hold at 3.75 per cent. Analysts expect the rate path to remain bumpy with no clear end in sight to the conflict that could upend global supply chains, jolt financial markets and hurt corporate sentiment.
“This latest escalation feels like a turning point for markets because the conflict is no longer just about military headlines or Strait of Hormuz closure,"" said Charu Chanana, chief investment strategist at Saxo in Singapore.",40,1,0,NA,ET_Bangalore_21-03-2026.pdf,55,42.6,54.1,19.8
BSD,20/03/2026,Accenture forecasts quarterly revenue below estimates,"Accenture forecast quarterly revenue below estimates on Thursday, as clients remain cautious on spending on large IT transformation projects amid an uncertain economic environment.
Shares of the Dublin, Ireland-based company were down more than 3 per cent in premarket trading.
The company has been navigating a challenging economic environment, as clients delay large digital transformation projects and prioritise cost control and short-term initiatives.
Accenture expects a 1 per cent revenue hit for fiscal 2026 from a slowdown in its federal business as agencies are reining in spending and redirecting budgets.
Analysts have said AI should support growth over the long term, but weak demand due to cautious client spending is unlikely to fully recover before 2028.
The company expects fiscal third-quarter revenue between $18.35 billion and $19.00 billion, with the midpoint slightly below analysts’ average estimate of $18.72 billion.
Accenture said its forecast reflects the company’s best view of the potential impact of the conflict in the Middle East.
The company’s revenue rose 8.3 per cent to $18.04 billion for the second quarter, beating estimates of $17.84 billion.
Accenture reported a profit of $2.93 per share, compared with $2.82 per share in the same quarter last year.
New bookings, a metric that measures future revenue based on contracts, rose 6 per cent to $22.1 billion in the second quarter.",35,0,0,NA,ET_Bangalore_21-03-2026.pdf,55,81.8,55.3,1.2
BSD,20/03/2026,HSBC mulls deep job cuts from multiyear AI-fuelled overhaul,"HSBC Holdings Plc is weighing deep job cuts over the coming years as Chief Executive Officer Georges Elhedery bets on AI to shrink its middle and back offices, one of the first signs of how the technology could reshape Wall Street workforces.
Non-client facing roles in global service centres are among those expected to be most impacted although the assessment is at an early stage, according to people familiar with the matter, who asked not to be identified discussing preliminary deliberations.
The changes could ultimately impact around 20,000 roles - or about 10 per cent of its total workforce, one of the people said.
A spokesperson for HSBC declined to comment.
Elhedery has carried out a radical restructuring of the lender since taking the helm in 2024. He’s already cut thousands of jobs, while selling some businesses and merging or closing others.
The bank had around 210,000 employees at the end of 2025.
The assessment includes roles where HSBC won’t replace staff, some of the people said, and no final decision has been made.
Global banks could eliminate as many as 200,000 positions in the next three to five years as AI encroaches on tasks currently carried out by humans, according to a Bloomberg Intelligence report last year.
The HSBC cuts would take place as part of a medium-term plan spanning three to five years.
The potential cuts may lower annualised group expenses by 5 per cent to 6 per cent.
Elhedery has also attempted to drive a cultural change as the bank grapples with competition from local and international rivals.
It’s moving toward a more Wall Street-style compensation model, in which top performers share a larger part of the bonus pool, while underperformers are pushed to look for opportunities outside of the company.
The chief executive has also doubled down on his predecessor’s Asia-pivot strategy by taking private its Hong Kong subsidiary Hang Seng Bank Ltd.
HSBC said recently it expects to achieve a $1.5 billion cost-savings target in the first half of the year.",30,0,0,NA,ET_Bangalore_21-03-2026.pdf,55,64.8,54.4,3.0
BSD,20/03/2026,Energy prices soar as Iran targets Qatar hub,"Energy prices surged on Thursday after Iran struck the world’s largest LNG complex — Ras Laffan Industrial City — causing damage that Qatar said could take five years to repair, as the energy sector’s worst fears about the war launched by the US and Israel on Iran came true.
QatarEnergy CEO Saad al-Kaabi told Reuters that the state-owned gas company may have to declare force majeure on long-term contracts to Italy, Belgium, South Korea, and China after the attack meant a loss of around 17 per cent of Qatar’s liquefied natural gas exports for between three and five years.
Gas prices in Europe soared as much as 35 per cent on Thursday and oil jumped as much as 10 per cent, before paring gains by mid-afternoon.
“I never in my wildest dreams would have thought that Qatar would be — Qatar and the region — in such an attack, especially from a brotherly Muslim country in the month of Ramadan, attacking us in this way,” al-Kaabi said.
Iran struck energy infrastructure across West Asia in retaliation against Israeli attacks on its gas facilities on Wednesday.
The aerial attacks also targeted a refinery in Saudi Arabia, forced the United Arab Emirates to shut gas facilities, and started fires at two Kuwaiti refineries.
Leading nations in Europe, with Japan, said on Thursday they would act to stabilise energy markets and join “appropriate efforts” to open the Gulf’s oil chokepoint.
The leaders of Britain, France, Germany, Italy, the Netherlands, and Japan issued a joint statement urging “an immediate comprehensive moratorium on attacks on civilian infrastructure, including oil and gas installations”.
“We express our readiness to contribute to appropriate efforts to ensure safe passage through the Strait. We will take other steps to stabilise energy markets, including working with certain producing nations to increase output,” they added.",25,0,0,NA,ET_Bangalore_21-03-2026.pdf,55,14.5,52.8,6.1
BSD,20/03/2026,Sebi may allow netting of funds for FPIs in March 23 board meet,"The Securities and Exchange Board of India (Sebi) may approve the framework for foreign portfolio investors (FPIs) to net funds across cash market transactions executed on the same day in its upcoming board meeting scheduled for March 23, sources aware of the developments said.
The move is expected to ease liquidity pressure and lower funding costs for FPIs, especially during high-volume trading sessions such as index rebalancing days.
With the approval, FPIs will be able to use the proceeds from sale transactions in the cash market on a particular day to fund purchase transactions on the same day — requiring them to only fulfil the net fund obligation. However, netting may not be permitted if the FPI buys and sells the same stock or security on the same day or settlement cycle.
At present, FPIs are required to fund purchase transactions and deliver securities for sale trades separately. All transactions are grossed at the custodian’s level, and FPIs are required to fulfil their obligations on a gross basis. The custodians settle their deliveries on a net basis with the clearing corporations.
The current practice leaves FPIs underinvested for at least one day, and results in additional costs due to forex slippage and reliance on short-term credit lines.
Last year, FPIs had made representations to the regulator, seeking relaxations. Following discussions, Sebi had floated a consultation paper on the same in January this year.
Sources added that the market regulator may also approve several relaxations for Infrastructure Investment Trusts (Invits) and Real Estate Investment Trusts (Reits), including expanding the scope of investing in liquid fund schemes.
Sebi may allow Reits and InvITs to invest in schemes with a credit risk value of 10 or above to diversify portfolios, as the current threshold of credit risk value of 12 leaves limited investment opportunities.
Sebi may also align investment conditions for private Invits with public Invits for investing in greenfield projects.
Additionally, compliance with the ‘fit and proper person’ criteria for market intermediaries such as stock brokers is also expected to be eased at the upcoming board meeting. Under this, Sebi may do away with the automatic disqualifications arising solely from the filing of criminal complaints, FIRs, or charge sheets in cases involving economic offenses, a move that is expected to reduce regulatory uncertainty for entities facing the initial stages of legal proceedings.
Emailed queries to Sebi did not elicit any response till the time of publication.
The market regulator is also expected to take up the recommendations of the high-level committee formed to review the code to address conflict of interest within Sebi and manage disclosures by officials. The recommendations were discussed in the previous board meeting in December 2025. However, Sebi Chairman Tuhin Kanta Pandey said they needed more deliberation given some concerns raised by employees.
Sources indicated that the number of items to be taken up for approval by the Sebi board will be less in the last board meeting for this financial year (FY26) compared to the usual list of agenda items.",55,0,0,NA,ET_Bangalore_21-03-2026.pdf,55,98.1,50.4,93.3
BSD,20/03/2026,IFSCA cracks down on non-compliant entities at GIFT City,"The International Financial Services Centres Authority (IFSCA) has stepped up enforcement against alleged non-compliance by fund management entities (FMEs) and capital market intermediaries (CMIs), issuing show-cause notices to nearly 10 entities in recent months, according to sources.
The unified regulator for Gujarat International Finance Tec-City (GIFT City) in Gujarat has sought explanations from these fund houses over alleged lapses. Failure to respond could result in regulatory action, including licence cancellations, people familiar with the matter said.
The regulator has also intensified scrutiny of other units operating in the GIFT International Financial Services Centre (IFSC), as part of efforts to strengthen compliance with the special economic zone (SEZ) framework. In parallel, IFSCA is preparing a detailed matrix of non-compliances and corresponding penalties for IFSC units, sources added.
In 2024, the regulator issued warnings and advisories to several entities for failing to meet “substance requirements”, such as maintaining a minimum number of on-ground employees and other prescribed thresholds.
In a press release issued on Wednesday, IFSCA said that during recent supervisory visits, it observed that certain CMIs were non-compliant with regulatory requirements, including the absence of a principal officer or compliance officer, inadequate infrastructure, and trading conducted through remote access.
“Based on the supervisory findings, IFSCA has initiated appropriate regulatory action against the CMIs concerned in accordance with the applicable regulatory framework,” it said.
“Sometimes regulators take such measures to bring in ‘extra discipline’ so that entities remain cautious and do not take compliance lightly. It’s a balancing act. The number of entities registered in GIFT City has surged manifold in the past five years, so an increase in regulatory action is understandable,” said a person familiar with the developments, adding that the issues are unlikely to “rock the boat” for business activity in the financial hub.
As of December 2025, more than 200 FMEs and around 300 schemes were operating out of GIFT City, with commitments exceeding $32 billion.
Industry sources said most of the issues stem from inspections conducted over the past two years and largely relate to operational lapses. Some have called for a more lenient approach to support the ecosystem’s growth.
“The regulations in GIFT City have been evolving. Entities need to adapt to these changes. Some may have already rectified gaps or alleged violations since the inspections. On the other hand, in the absence of settlement proceedings, those unwilling to opt for adjudication have little choice but to await hearings with the regulator,” said another industry participant.
Sources added that FMEs and intermediaries are in the process of responding to the notices.
Emailed queries to IFSCA remained unanswered at the time of going to press.",50,0,1,GJ,ET_Bangalore_21-03-2026.pdf,55,96.5,53.4,5.7
BSD,20/03/2026,March uptick in brokerages tapping debt market,"There has been a year-on-year (Y-o-Y) increase in the number of brokerages tapping the debt market for capital. There were at least 12 entities which filed offer documents on the National Stock Exchange (NSE) as of mid-March for debt issuances, shows a Business Standard analysis.
This is twice the number seen in the whole of March last year. The study is based on manual perusal of documents as available, and should be considered indicative. The increase comes even as the Reserve Bank of India (RBI) restrictions on fundraising through banks come into effect from April 1.
Recent filings include Axis Securities, HDFC Securities, IDBI Capital Markets and Securities, IIFL Capital Services, Kotak Securities, and Motilal Oswal Financial Services Limited. This is in addition to the names which were also seen in March last year, such as HSBC Investdirect Financial Services, Angel One, ICICI Securities, JM Financial Services, Aditya Birla Money, and Cholamandalam Securities.
Emails sent to the issuers did not elicit any reply till press time.
The RBI released new norms on funding capital market intermediaries like brokerages in February. The norms are primarily expected to affect proprietary entities trading on their own account, as well as those who depend on intraday credit lines for various business activities.
This comes even as the top brokers have begun to manage larger amounts of business, with the top 10 gaining increased market share over the last ten years.
“More players are expected to explore debt markets and tap the money-market borrowing space,” said Deep Inder Singh, vice president at rating agency Icra.
Proprietary traders, or broking entities trading on their own account, had historically enjoyed the benefit of a capital multiplier by using bank guarantees (BGs) to place margins with exchanges. Under this structure, they were required to provide collateral equivalent to only 50 per cent of the BG amount, enabling them to generate ~100 crore of bank guarantees with just ~50 crore of collateral.
This leverage, combined with the additional yield earned through interest income on fixed deposits placed as collateral for availing BGs, allowed such proprietary traders to generate pre-tax returns on equity of as much as 20-25 per cent using hedged arbitrage strategies, according to Singh.
This compared favourably with the high single-digit to low double-digit returns earned by players that did not have access to this capital-efficient structure.
With the RBI now mandating 100 per cent cash collateral against bank guarantees, the level of leverage available to proprietary traders is set to decline materially. In response, some participants may choose to fund their activities through alternative instruments such as non-convertible debentures (NCDs) or commercial paper issued to high-net-worth individuals.
Many of the existing BGs would have been renewed in recent months and are, therefore, expected to remain in force until their respective maturities, as the revised RBI norms apply only to newly issued guarantees. Consequently, the use of BGs under the earlier framework is unlikely to cease immediately on the April 1 RBI deadline, but is expected to taper off gradually as older arrangements expire. As a result, the impact on brokers with sizeable proprietary trading operations is likely to be staggered rather than abrupt.
Brokers also tapped bank lines to meet their working capital requirements. This was funded through BGs and intraday lines from banks. The intraday lines will no longer be viable for enhancing margin placement ability on an intraday basis. This part of the business can still make use of BGs but the costs may go up on switching to such guarantees from intraday lines, according to Singh.
The RBI circular has limited impact on the ~1 trillion worth of money borrowed by brokerages for onward lending to their clients for stock market activities through their margin trading facility. Much of the margin trading book was funded by money market instruments and non-banking financial companies (NBFCs) already.",55,0,0,NA,ET_Bangalore_21-03-2026.pdf,55,96.7,54.5,90.9
BSD,20/03/2026,SBI MF files draft papers for IPO,"India’s largest asset manager, SBI Funds Management (SBIFM) has filed a draft red herring prospectus (DRHP) with the Securities and Exchange Board of India (Sebi) for an initial public offering (IPO) of up to 203,709,239 equity shares. The State Bank of India (SBI) and Amundi India Holding, the joint owners of the firm, will sell around 10 per cent stake through the IPO. They currently hold 61.98 per cent and 36.40 per cent stake, respectively. As of December 2025, SBIFM managed assets in excess of ~12.6 trillion through its mutual fund schemes.",60,0,0,NA,ET_Bangalore_21-03-2026.pdf,55,92.0,48.3,50.0
BSD,20/03/2026,West Asia war forces Indian tourists to look eastwards & inwards,"With the war in West Asia raging on, outbound travel from India is set to witness a shift in the opposite direction — eastwards. Destinations such as Thailand, Vietnam, Singapore, Mauritius, Bali, Indonesia, Sri Lanka, the Philippines and even far-east countries like Japan, Australia and New Zealand are becoming more popular.
Visa-on-arrival facilities at many of these countries and higher propensity of travellers to spend due to rupee depreciating versus the dollar, have also made these destinations more attractive amid larger geopolitical uncertainty, said market watchers.
“In the past, we have observed that in cases of region-specific disruption, people don’t give up on their trips, they figure out and book an alternative destination, whether domestic or a non-impacted international one. We are seeing the same pattern now,” said Rajesh Magow, cofounder and group chief executive officer (CEO), MakeMyTrip.
Rajeev Kale, president and country head, Holidays, MICE, Visa, Thomas Cook (India) Limited, said, “The global travel landscape has become increasingly dynamic. Recognising the geopolitical uncertainty in very specific parts of the world, we are witnessing growing interest for destinations across the far east, including Japan, Australia and New Zealand, alongside closer-to-home favourites such as Sri Lanka, Nepal, and Bhutan.”
Of the total outbound travel from India, the United Arab Emirates (UAE) makes up the largest chunk with over 8.6 million arrivals. Global estimates suggested West Asia tourism could see an 11-27 per cent decline in arrivals and a loss of up to 23-38 million visitors in 2026, pointed out Anil Kalsi, board member of the Federation of Associations in Indian Tourism and Hospitality. “With bookings down by 30-60 per cent on certain routes, especially those linked to or transiting through West Asia, travellers are considering safer and more stable destinations,” he said.
“We are observing a clear shift in travellers’ preference toward Southeast Asia, driven by proximity, affordability, and perceived stability. Destinations such as Thailand, Malaysia, and Vietnam are seeing stronger traction across both leisure and MICE segments,” said Vinod Kumar Sah, cofounder, CoTrav.
SD Nandakumar, president and country head – holidays and corporate tours, SOTC Travel, said “experiential travel segments such as cruising are gaining traction, with strong interest in sailings across Asia, including the upcoming Disney Adventure from Singapore, which is driving demand among Indian families seeking immersive cruise holidays.”
As a corollary, travel to Europe and the UK, typically including a halt in West Asia, has become more expensive, leading to players like SOTC and Thomas Cook offering discounts and deals for the upcoming summer travel season.
“On the domestic tourism front, while business travel remains largely unaffected, leisure travel is likely to start picking up now as the summer season kicks in and the exam season coming to an end,” Magow added.
“We are also seeing a behavioural trend where some travellers are postponing international trips in the near term and opting for domestic travel instead,” CoTrav’s Sah added.
Thomas Cook’s Kale concurred with the trend, adding that domestic favourites such as Himachal Pradesh, Andamans and Kerala are also witnessing growing interest. “India’s spiritual destinations are also witnessing renewed relevance with interest for spiritual circuits such as the Char Dham and the Kailash Mansarovar,” he said.",50,0,0,NA,ET_Bangalore_21-03-2026.pdf,55,99.3,54.7,89.5
BSD,20/03/2026,Hormuz blockade may lead to increase in ultra-luxury house prices by 5%: Report,"The Strait of Hormuz blockade amid the West Asia war is leading to rise in prices for luxury and ultra-luxury houses in Mumbai and Delhi, with some estimates projecting the increase likely to be about 5 per cent in the immediate term.
According to a report by realty consultancy Anarock, construction costs have risen significantly after ships carrying essential construction materials have been forced to reroute.
“The forced detours of ships carrying construction materials around the Cape of Good Hope has added anywhere between 10 and 20 days to shipping times, and as much as ~1.5-3.5 lakh per container to the (shipping) costs,” said Prashant Thakur, executive director and head for research and advisory at Anarock.
At a time when housing sales were already tapering, the report stated that Indian developers were now confronted with an even starker landscape.
While diplomatic manoeuvring has succeeded in getting at least some liquified petroleum gas tanker ships through the Strait, bulk imports must now travel an additional 6,000-10,000 nautical miles, with marine fuel now at about ~1 lakh per tonne.
As a result, Anarock said that steel prices have jumped about 20 per cent to ~72,000 per tonne, roughly adding ~50 per square feet to high-rise construction costs to more than 10,000 luxury units under construction in Mumbai.
“The cost of hot rolled coil now hovers at ~51,000 to ~56,000 and may hit ~62,000 by June if the situation does not change for the better,” it said.
Similarly, diesel for construction cranes and mixers is heavily associated with the price of Brent crude, which is currently trending above $100 per barrel.
This price shock, the report said, will reflect significantly on construction sites in Mumbai, Delhi-NCR, Hyderabad and other high-rise-centric cities around the country.
Mumbai Metropolitan Region will be affected the most, with the region having more than 300 towers and over 5,500 high-rises.
In 2024 itself, India saw 59 ultralux-ury homes sell for a combined value of about ~4,754 crore, with Mumbai alone accounting for roughly 88 per cent of both units and value in this bracket.",40,0,1,"MH,DL",ET_Bangalore_21-03-2026.pdf,55,14.5,54.0,81.0
BSD,20/03/2026,Dhurandhar: The Revenge opens to strong response from audiences,"After months of anticipation, Dhurandhar: The Revenge opened in cinemas nationwide on Thursday to a strong audience response with viewers praising its story, action and performances, especially lead star Ranveer Singh.
The film released in theatres on the back of record advance bookings — over 1.5 million tickets sold, including paid previews on Wednesday — and follows the success of the first Dhurandhar, which earned ~1,300 crore worldwide after its December 2025 release.
Audiences who watched the day one shows in Mumbai came away largely impressed, with many calling the movie a “paisa vasool” watch and some already planning repeat visits.
“Five out of five. Please go watch it. It’s totally paisa vasool. Do not get up until the lights come on,” said one moviegoer who had turned up for the first-day-first-show.
The exuberance was hard to contain for viewers stepping out of theatres, with many refusing to reveal plot details while insisting others must experience the film themselves.
“Amazing, fantastic. I will give it 10 out of 10. The action scenes were very good, the storyline was very strong, and people will love the twist in the end,” said another viewer who singled out Singh’s performance as outstanding. “He killed it - absolutely nailed it.”
The four-hour runtime, which some might consider daunting, appeared to be no obstacle for the audience.
“Very engaging. I usually get distracted, but this kept me hooked,” said one viewer who rated it four-and-a-half out of five.
An audience member said, “Many people made the mistake of leaving before the end. Don’t leave early. Stay till the end. The film is fire.” Another echoed the sentiment. “Don’t ask about the story, you have to watch it. The background score, characterisation, story, twists — this movie will earn 2,000 crore.” Supporting performances, particularly from Rakesh Bedi and Sara Arjun, were praised as surprise packages.
Dhar, who previously helmed Uri: The Surgical Strike and the first Dhurandhar, was lavished with praise. “No one can match the director right now,” said one audience member.
Another added, “The detailing by the director is at a peak level. I want him to make more movies like this, like Uri.”
Several film personalities who watched the early shows were also effusive in their praise.
Actor Allu Arjun called it “patriotism with swag” and a film that would “make every patriot proud”.
Priety Zinta posted a photo with Rampal on X.
Actor Vijay Deverakond said “something big is going to happen in Indian cinema and culture.”
Produced by Jyoti Deshpande and Lokesh Dhar, “Dhurandhar: The Revenge” features Ranveer Singh as Jaskirat Singh Rangi, a young man who transforms into covert operative Hamza Ali Mazari operating deep inside Pakistan.
The sequel charts Mazari’s rise in the Karachi underworld while tracing the origins of the man behind the cover.
Actors R Madhavan, Arjun Rampal, Sanjay Dutt, Sara Arjun and Rakesh Bedi also feature in the sequel, which released in Hindi, Telugu, Tamil, Kannada and Malayalam.",60,0,0,NA,ET_Bangalore_21-03-2026.pdf,55,99.5,62.3,96.3
BSD,20/03/2026,Indices see worst fall in 21 mths as crude shock triggers selloff,"Indian equities plunged alongside global peers on Thursday, with benchmark indices posting their steepest falls in nearly two years, as a renewed surge in oil prices fuelled fears that the escalating Iran war could stoke inflation and undermine economic growth.
The BSE Sensex ended the session at 74,207, down 2,497 points, or 3.3 per cent. The Nifty closed at 23,002, a decline of 776 points, or 3.3 per cent. Both indices recorded their worst fall since June 4, 2024. The market capitalisation (mcap) of BSE-listed firms declined by ~13 trillion to ~426.1 trillion.
All sectoral indices on the National Stock Exchange (NSE) closed in the red, with losses ranging between 1.4 per cent (Nifty Energy) and 4.25 per cent (Nifty Auto). The Nifty 100, Nifty 500, Nifty Midcap 50, and Nifty Midcap 100 indices reported declines of more than 3 per cent each, and Nifty Smallcap index fell 2.9 per cent. Since the start of the war, the Sensex is down 8.7 per cent and the Nifty 8.6 per cent.
The total mcap of BSE-listed firms has fallen by ~37.4 trillion during this period.
The selloff on Thursday came as crude oil prices surged in the wake of attacks on some of West Asia’s most important energy facilities. Brent crude was trading at $108.5 per barrel (as of 9 pm IST) on Thursday, having earlier hit an intraday high of $119. Since the breakout of the war, crude oil prices have risen by 49 per cent.
Saudi Arabia on Thursday reported that a drone struck its Samref refinery on the Red Sea, following an earlier Israeli strike on the South Pars gas field, which Iran shares with Qatar. Higher oil prices tend to push up inflation in India and hurt economic growth, as the country imports most of its crude oil requirements.
“The conflict has increasingly taken the shape of energy warfare, with attacks on critical infrastructure by both sides driving a sharp spike in crude oil prices and rattling investor confidence. Going ahead, markets appear to be in a phase of heightened fragility, where sentiment is being driven by rapidly evolving geopolitical developments and a sharp rise in crude prices,” said Siddhartha Khemka, head of research, wealth management, Motilal Oswal Financial Services.
“Given the intensifying tensions around energy infrastructure in West Asia, we remain cautious on the market in the near term and expect volatility to persist.”
The India Vix, a gauge of market volatility, rose 22 per cent to 22.8 points. HDFC Bank, which declined 5.1 per cent, was the biggest drag on the Sensex.
Going ahead, the 23,170-23,200 zone is expected to act as immediate resistance for the Nifty 50. “As long as the Nifty 50 continues to trade below 23,200, downside pressure is likely to persist. In such a scenario, the index may drift towards 22,850, followed by the 22,700 level, in the short term,” said Sudeep Shah, head (technical and derivatives research) at SBI Securities.
Market breadth was weak on Thursday, with 3,359 stocks declining and 913 advancing. Foreign portfolio investors were net sellers to the tune of ~7,558 crore, while domestic institutional investors were net buyers of ~3,864 crore worth of stocks.",20,0,0,NA,Mumbai_Mint_20-03-2026.pdf,55,1.2,46.8,1.3
BSD,20/03/2026,Oil surges to $108 per barrel; India denounces strikes,"Crude oil prices jumped to $119 a barrel on Thursday, close to the three-and-a-half-year peak hit on March 9, after Israel’s strikes on Iran’s South Pars gas field — its largest source of domestic energy — prompted retaliatory attacks by Tehran on key energy facilities across the Gulf.
Israel’s latest strike marked a significant escalation in the war, stoking concerns about prolonged disruption to global energy supplies. Iran retaliated by targeting Qatar’s Ras Laffan gas facility, along with oil refineries and gas infrastructure across Saudi Arabia, Kuwait and the United Arab Emirates (UAE).
Brent crude, which was around $74 a barrel before the conflict, was trading at $108.5 a barrel at 9 pm India Standard Time (IST) on Thursday.
Despite the sharp rise in global prices, India’s oil marketing companies (OMCs) have so far kept retail fuel prices unchanged.
India on Thursday said such strikes were “unacceptable and need to cease”. The attacks were “deeply disturbing” and served only to further destabilise an already uncertain global energy situation, External Affairs Ministry spokesperson Randhir Jaiswal said. Prime Minister Narendra Modi also spoke to leaders of Oman, Jordan, France and Malaysia, stressing the urgency of restoring peace in the volatile region.
Sujata Sharma, joint secretary in the Ministry of Petroleum and Natural Gas (MoPNG), said India’s top priority remained ensuring fuel availability for domestic consumers. The government will review its export policy based on the evolving situation, she added.
India exports refined petroleum products to Europe and neighbouring countries like Bangladesh and Bhutan. Unlike China, India has not halted exports so far, even as securing energy supplies has remained a challenge.
The government has mandated oil and gas companies operating in the country to share details of production, imports, exports, stock levels and consumption patterns. The data, to be submitted to the Petroleum Planning and Analysis Cell (PPAC), will help the government collect, compile and analyse information to monitor the petroleum and natural gas supply chain more effectively, according to a gazette notification.
The West Asia conflict has triggered an energy crunch for India, which depends heavily on imports from the region. The closure of the Strait of Hormuz has effectively choked supplies from the Gulf, which accounts for around 90 per cent of India’s liquefied petroleum gas (LPG) imports, 40 per cent of its crude oil imports, and about 50 per cent of its liquefied natural gas (LNG) imports.
Given its heavy reliance on West Asia for LPG, India is facing an acute shortage of cooking gas, even as diversification has helped it secure crude oil and LNG supplies to some extent. India has stepped up LPG purchases from the US, with 13 tankers carrying around 350,000 tonnes of LPG currently headed to the country, according to data from maritime intelligence firm Kpler.
Of these, four tankers carrying a combined 91,183 tonnes are expected to arrive next week. Another four vessels, with 93,180 tonnes, are likely to reach in early April. The remaining five, carrying about 166,000 tonnes, could arrive between mid and late April.
For the first time, India has also booked an LPG cargo from Argentina, with a shipment of 19,486 tonnes expected to arrive by end-March.
Meanwhile, LPG supplies from West Asia have fallen sharply due to the conflict. Only 11 tankers, carrying 192,734 tonnes, are currently headed from the region to India, and most of these cargoes had sailed before the fighting began.
Of the India-bound vessels held up around the Strait of Hormuz, two LPG tankers and one crude oil cargo have safely transited the narrow route and reached Indian shores, according to government officials.",15,0,0,NA,Mumbai_Mint_20-03-2026.pdf,55,24.4,50.5,19.5
BSD,20/03/2026,HDFC Bank firefights after chairman’s abrupt exit,"The dark clouds that had gathered over India’s largest private lender, HDFC Bank, on late Wednesday as its part-time chairman Atanu Chakraborty resigned with immediate effect citing ‘ethics’, had blown over by Thursday noon with the Reserve Bank of India (RBI) coming out strongly in its support to stress there were no governance or conduct issues at the bank.
Chakraborty, a former bureaucrat who had sought to be relieved from his post immediately, had attributed the decision to certain happenings and practices within the bank over the last two years and those were not in congruence with his personal “values and ethics”. Following his decision, four HDFC Bank board members met RBI officials, including two deputy governors, on Wednesday, seeking its nod to appoint board member Keki Mistry as interim part-time chairman. The regulator quickly approved.
HDFC Bank began firefighting even before the stock markets opened with an early investor call addressed by six of its 12 current board members, including Mistry and MD & CEO Sashidhar Jagdishan.
“I would not have taken on this responsibility at the age of 71 if it did not align with my principles and the level of integrity I expect from the bank,” Mistry told analysts.
He categorically stated there are no material issues or operational concerns at the bank, and none of the board members are aware of the issue that led to Chakraborty’s resignation. Mistry said there could be difference of opinion on minor issues but emphasised “there was no power struggle in the bank”.
Jagdishan said the board tried to persuade Chakraborty to refrain from going ahead with his decision. “As the meeting was going on, as these developments were unravelling… where despite every board member trying to persuade the past part-time chairman to take back his resignation or sort of elaborate on any of the concerns that he may have, which would have been addressed as they were in the past, or take back some of the language that was there in that letter,” Jagdishan said in a call with media later in the day.
HDFC Bank’s market capitalisation, second only to Reliance Industries, fell ~66,433 crore to ~12.31 trillion on Thursday.
The bank’s stock had opened around 5 per cent lower from its previous close, had crashed 8.42 per cent to ~772 intra-day basis on the BSE, cut some losses during the day as clarity emerged that the part time chairman’s exit was not linked to governance issues, before ending up at ~799.70, 5.13 per cent lower.
The broader indices plunged 3.26 per cent – most in close to two years – owing to surging crude oil prices amid a raging war in West Asia.
Sources in the bank said there was some relationship issue between the bank management and the earlier chairman leading to the former’s decision to make a sudden exit. “Yesterday, during the bank’s board meeting, many of the directors asked him (Chakraborty) if there is a governance issue but he said there is none,” said a source.
“Basis our periodical assessment, there are no material concerns on record as regards its conduct or governance,” the RBI said in a statement at around 11 am Thursday. The bank remains well-capitalised and its financial position remains satisfactory with sufficient liquidity, it noted. The RBI also said HDFC Bank is a Domestic Systemically Important Bank (D-SIB) with sound financial, a professionally run board and competent management team, adding it will continue to engage with the Board and management on the way forward. Meanwhile, in New Delhi, Department of Financial Services Secretary M Nagaraju also quelled concerns and said: “HDFC Bank is a strong institution with strong fundamentals.”
Analysts noted that HDFC Bank has seen the exit of senior officials post the merger with HDFC. “Exits at HDFCB have accelerated post the HDFC Ltd merger, creating a visible credible leadership gap, with Chairman Atanu Chakraborty’s resignation over relationship issues with the management now raising concerns even in the board,” broking firm Emkay’s analysts said in a report.
“Though the management and the board assured of no governance, operational, regulatory, or power struggles, we believe the bank must curb management exits and rebuild leadership strength either internally or externally,” they said.
Meanwhile, Kaizad Bharucha, Deputy MD at HDFC Bank, who looks at the entire asset side of the bank’s balance sheet, is set to get more responsibilities. In a call with analysts on Thursday, Sashidhar Jagdishan, MD & CEO, HDFC Bank, said, “As we move forward, we will sort of re-examine our organization structure, and with the consent and advice of the board, we will announce it at the appropriate time.”",35,0,0,NA,Mumbai_Mint_20-03-2026.pdf,55,25.7,55.0,4.6
BSD,20/03/2026,Eli Lilly not playing the discounts game for GLP-1,"Eli Lilly and Company is signalling a divergence from a price-led playbook, positioning its therapy Tirzepatide as clinically superior, instead of matching the deep discounts anticipated from generic rivals.
The decision comes as India is expected to witness a wave of low-cost generics trickle into the GLP-1 therapy market, as the patent for semaglutide expires today. The expiry is expected to intensify competition in the country’s growing diabetes and obesity market.
“Tirzepatide’s differentiation lies in its dual mechanism targeting both GIP and GLP-1 receptors compared to semaglutide’s single-pathway GLP-1 action,” said Winselow Tucker, president and general manager, Lilly India. This has translated into stronger clinical outcomes, particularly in weight reduction, which the company is leveraging as a key competitive advantage, he added.
Clinical data cited by the company showed that patients on Tirzepatide achieved average weight loss of over 20.2 per cent, compared with around 13-14 per cent for semaglutide, reinforcing Lilly’s outcomes-driven positioning in an increasingly crowded market.
The strategy reflects a broader shift underway across the GLP-1 landscape. As first-generation therapies lose exclusivity, innovation cycles are accelerating toward multi-target drugs and more potent incretin-based treatments rather than price competition alone. Lilly is advancing this playbook with a growing pipeline. Its late-stage portfolio includes oral GLP-1 candidate orforglipron and experimental tri-agonist retatrutide, both aimed at improving efficacy and convenience in long-term weight management.
Orforglipron, a non-peptide oral therapy, has been submitted to regulators in more than 40 countries, with a US decision expected in 2026. The company said it plans to bring such innovations to India, subject to regulatory approvals.
Beyond commercial strategy, Lilly is also strengthening India’s role in its global innovation ecosystem. Its Hyderabad technology and innovation centre is focused on AI, automation and data science, while its Bengaluru site supports clinical trials, drug development and digital transformation.
India is also increasingly being leveraged for late-stage clinical studies, supported by its diverse patient pool. The company has committed over $1 billion to expand its global contract manufacturing network in the country over the coming years.
While cardiometabolic therapies remain central, Lilly is preparing to expand into other high-burden areas. A key milestone is the potential launch of donanemab for early Alzheimer’s disease, subject to regulatory approvals. With an estimated 8.8 million people living with dementia in India and numbers expected to double by 2036, the company said it is working to support early diagnosis and ecosystem readiness.
The rollout of semaglutide generics is set to broaden the market significantly, with more than a dozen drugmakers including Sun Pharmaceutical, Zydus Lifesciences, Alkem Laboratories and Dr. Reddy’s Laboratories preparing to launch competing versions.
As the patent expires today, the branded formulations market could see the emergence of an additional ~1,000-2,000 crore opportunity. More affordable alternatives are also expected to accelerate the uptake of GLP-1 therapies, particularly among patients with diabetes.
The opportunity is underpinned by India’s expanding patient pool. National Family Health Survey data suggested that nearly one in four Indians aged 15-49 years is overweight or obese, while the Indian Council of Medical Research’s INDIAB study estimates that over 101 million people are living with diabetes.",55,0,0,NA,Mumbai_Mint_20-03-2026.pdf,55,99.3,54.3,93.5
BSD,20/03/2026,Cos eye alternatives after CDSCO bans weight-loss drug ads,"Pharma industry executives say companies may pivot to alternative outreach strategies for doctors after the Central Drugs Standard Control Organisation (CDSCO) asked firms to refrain from advertising semaglutide-based weight-loss drugs.
This comes at a time when more than 50 generic brands are expected to hit Indian markets as the patent protection for semaglutide-based glucagon-like peptide-1 (GLP-1) agonists expires on Friday.
GLP-1 agonists are a class of medicines that help regulate blood sugar, increase fullness (satiety), and slow stomach emptying, leading to weight loss and improved glucose control in patients with type-2 diabetes and obesity.
“The CDSCO has banned all advertisements related to semaglutide or any GLP-1 drugs. Therefore, companies will have to adopt alternative methods to build awareness and educate stakeholders about these medications,” an executive with a Delhi-based pharma company told Business Standard.
Sukhvinder Singh Saggu, director for minimal access, gastrointestinal (GI) and bariatric surgery at Delhi’s CK Birla Hospital, said that one approach will be organising conferences and continuing medical education (CME) programmes for doctors, along with improving patient support drives to influence prescriptions.
However, market watchers say the move came just weeks before the patent expiry. “Doctor-promotion and intimation of launch must have happened more than a month back,” said Sheetal Sapale, vice president (commercial) at Pharmarack.
New launches in the injectable GLP-1 agonist segment, including tirzepatide and semaglutide, have seen a 177 per cent rise in sales in the last one year on a moving annual turnover (MAT) basis — from ~571 crore in February 2025 to ~1,446 crore in February 2026.
Developed by Danish drugmaker Novo Nordisk, semaglutide is currently available in India as Ozempic, Wegovy, and Rybelsus. However, with the molecule losing patent protection, several Indian companies have begun aggressive promotion.
Jitendra Chouksey, founder and chief executive officer (CEO) at online fitness platform Fittr, said that despite the ban, there are still companies, influencers, and doctors running advertisements and promoting GLP-1 drugs without any consequences.
“Before the launch of an innovator molecule, multinational corporations (MNCs) typically spend more than half a year on scientific education of speciality and super-speciality doctors about the disease, patient profiling, and education,” a pharma analyst added.",45,0,0,NA,Mumbai_Mint_20-03-2026.pdf,55,95.8,53.1,18.2
BSD,20/03/2026,‘Cybersecurity needs more than human intervention in AI age’,"The arrival of artificial intelligence (AI) in the threat landscape has resulted in cutting down the time for a high-damage ransomware to be launched within a couple of days from the earlier timeframe of a week or 10 days, said Nicole Quinn, the vice-president for policy and government affairs in the Japan and Asia Pacific region at Palo Alto Networks.
This shortened timeline has, in turn, meant that ensuring cybersecurity for all companies — especially startups and small and medium enterprises (SME) — can no longer be achieved solely through human intervention, she said. “Traditionally, cybersecurity has always been bolted on as an afterthought. With AI now in the picture, startups and SMEs have to think of cybersecurity from the start,” Quinn said.
In countries such as India, where the scale of operations for most companies is larger than in other regions and geographies, AI needs to be deployed at an equal scale to ensure deep-rooted protection, she said.
Palo Alto Networks, among the world’s largest pure-play cybersecurity companies, believes India will need to strike a fine balance between fostering AI innovation and protecting individuals’ safety.
“I think a lot of it can be done by setting frameworks and guardrails. In cybersecurity, there is an element of recognising companies and organisations that do the right thing. But there should be a set of standards and frameworks that every company should be measured against,” Quinn said. These guardrails, despite companies following best cybersecurity practices, ensures the users’ trust in innovation and assures safety, she said.
Countries worldwide also need to agree on a common minimum set of cybersecurity safety standards, despite individual nuances with respect to language and cultural differences, Quinn said. “Fundamentally, we are all trying to do the same thing, which is to secure enterprises, citizens and our economic future. Though investment in cybersecurity can sometimes be challenging, companies need the regulatory stick to ensure that there is money being put to ensure safety,” she said.",55,0,0,NA,Mumbai_Mint_20-03-2026.pdf,55,99.4,52.7,21.4
BSD,20/03/2026,"Škoda Auto India keeps foot on the pedal, targets 10-12% growth","Škoda Auto India expects to grow its volume sales by 10–12 per cent in 2026, outpacing the broader passenger vehicle (PV) market despite a high base created by its record performance last year, its Brand Director Ashish Gupta told Business Standard on Thursday.
The outlook comes even as the ongoing conflict in West Asia is impacting supply chains and demand sentiment. “So far, our production is not affected. But every day the situation prolongs, it does bring risks in terms of shipments getting delayed,” Gupta said, adding that rising crude oil prices could also weigh on consumer sentiment.
He flagged energy availability and logistics disruptions as key concerns if the crisis continues, observing that costs could rise if components need to be airlifted instead of shipped.
The automobile company had a record year in 2025, with sales more than doubling to 72,665 units from 35,166 units in 2024, driven largely by strong demand for the Kylaq sub-4-metre sport utility vehicle (SUV). Gupta acknowledged that such sharp growth would be difficult to sustain. “Last year was a blockbuster year for us with about 100 per cent growth… I know that that kind of growth is not possible to maintain,” he said, while reiterating the company’s aim to stay ahead of industry growth.
For the broader industry, Gupta expects more moderate expansion in 2026. PV sales in India touched about 4.55 million units in 2025, and early indicators for 2026 remain strong, with January and February registering nearly 10 per cent year-on-year growth. However, he expects the pace to normalise as the year progresses. “On a very high base of 2025, 4–5 per cent growth is what I expect the industry to end up with this year,” he said, cautioning that geopolitical uncertainties could alter the outlook.
On the proposed India–European Union free trade agreement (FTA), Gupta said the benefits for carmakers would be gradual and limited in terms of volumes. Duty reductions would be spread over five years and apply only to vehicles above a minimum cost, insurance, and freight value of €15,000, which translates into ~16–18 lakh. “Beyond that price point, the Indian market anyway starts thinning out in terms of volume,” he said, adding that while premium car sales could rise from current levels, they are unlikely to see exponential growth.
He also emphasised that the FTA should be seen as a two-way opportunity. While it could allow automakers to bring in global models, it may also make exports from India to Europe more viable over time as regulatory standards converge. “It is a two-way trade that will help both economies,” Gupta said, though he added that the company is yet to undertake a detailed analysis of export feasibility to Europe.
Currently, Škoda Auto India exports completely knocked-down kits to Vietnam for local assembly and also ships vehicles to markets in West Asia. The company is exploring further opportunities in neighbouring South Asian Association for Regional Cooperation countries such as Nepal and Sri Lanka, he said.
Škoda Auto India unveiled the facelifted Kushaq in January, marking the SUV’s first major mid-cycle update since its debut. The model sits in the midsize (C-segment) SUV category in India and competes with rivals such as the Hyundai Creta, Kia Seltos, and Volkswagen Taigun in a highly competitive segment.
Škoda is continuing to expand its retail footprint in India. It increased its network from 240 touchpoints across 140–145 cities at the start of 2025 to 325 touchpoints in 183 cities by year-end, covering 82–83 per cent of the market. In 2026, it plans to extend its presence to 200 cities with about 350 touchpoints, targeting incremental reach in smaller markets.
On February 28, Israel and the US carried out military strikes on Iran, triggering a wider conflict in West Asia. Iran responded with missile and drone attacks. The conflict has disrupted key shipping routes, forced the closure of a large chunk of regional airspace, raised oil prices, and created risks for global trade and supply chains.",55,0,0,NA,Mumbai_Mint_20-03-2026.pdf,55,98.8,51.4,94.4
BSD,20/03/2026,MobiKwik to double down on payment devices biz,"Fintech firm MobiKwik is eyeing monetisation from merchant payment acceptance devices as the company plans to double down on deployment of soundboxes and electronic data capture (EDC) machines this year, a senior company executive said.
The Gurugram-based company plans to scale up the category in 2026, targeting an initial contribution of about 10 per cent to its top line, MobiKwik Cofounder and Chief Financial Officer Upasana Taku told Business Standard.
“We have a focused approach in terms of geographies and the quality of merchants and the sectors that we want to acquire. We can either deploy a soundbox or an EDC machine there, both of which are profit-and-margin-driving products. We can make a good rental income there,” she said.
She explained that eventually the focus on servicing high quality merchants beyond India’s Tier-I sector would open opportunities for cross-selling financial services such as merchant loans. MobiKwik has a base of more than 186.6 million registered users and over 4.79 million merchants.
“Most of this year, we will go and build out. And in that build out, the cost will be there, the GMV (gross merchandise value) will go up, the revenue will follow. Eventually, this business will break even over a period of time,” she said.
Taku explained that a soundbox yields a rental income over two years, whereas an EDC machine does so over a three-year period.
She explained that part of the company’s initial public offering (IPO) proceeds would be utilised to fund this business as the company plans to scale it up.
“We had already raised ~70 crore in our IPO for this business. Out of which, only about ~8-9 crore has been utilised. We will utilise the balance amount,” she said, adding that it was a cost-intensive business that requires a team of feet-on-street staff.
MobiKwik was listed on the stock exchanges in December 2024.
The focus on offline merchant acquiring comes at a time when the market is dominated by players such as PhonePe and Paytm. Taku explained that towns in India’s Tier-III presented a window of opportunity to grow the business despite the dominance of incumbents. “We will not go as a third device (for a merchant). But, one thing one should understand is anyone who has two (acceptance devices), may also have dissatisfaction from time to time. This can either be with the device or with the relationship manager, and merchants look for replacements,” she said.
The company had posted a consolidated net profit of ₹4.04 crore in the third quarter of financial year 2025-26 (Q3FY26), after it had reported a wider net loss of ₹53.18 crore in Q3FY25. MobiKwik’s revenue from operations grew 7.22 per cent to ₹288.94 crore in Q3FY26, compared with ₹269.47 crore in Q3FY25. On a quarter-on-quarter basis, revenue rose 6.93 per cent from ₹270.21 crore in Q2FY26.",60,0,0,NA,Mumbai_Mint_20-03-2026.pdf,55,88.6,53.5,84.2
BSD,20/03/2026,Qcom boom reshapes packaged food mkt,"India’s packaged food and beverages market is entering a new phase of growth, projected to expand to over $150 billion from about $100 billion by 2030, according to consulting firm Redseer’s latest report, “Reinventing Packaged F&B with Quick Commerce.”
Within this evolving landscape, the quick commerce (qcom) channel alone is expected to scale from $4 billion today to more than $25 billion in gross merchandise value (GMV) by 2030, driven by rising demand for speed, convenience, and high-frequency consumption.
“Qcom is emerging as a structural force in the packaged food and beverages market, driven by its ability to capture demand at the point of intent,” said Mrigank Gutgutia, partner, Redseer Strategy Consultants. “What was once seen primarily as a distribution channel is now starting to shape category strategy, innovation priorities, and investment decisions across the ecosystem. For brands, operators, and investors, this marks a fundamental shift in how growth will increasingly be built and realised.”
Qcom has moved well beyond being a last-minute fulfilment channel. With over 50 million monthly users across over 250 cities, it is beginning to influence everyday purchase behaviour. Its share in the packaged food and beverage (F&B) market is expected to rise from about 4 per cent today to nearly 15-20 per cent by 2030, growing significantly faster than other formats and steadily taking share from them.
Consumers are becoming more deliberate in their food choices, with younger cohorts driving demand for higher-protein and cleaner-label products.",70,0,0,NA,Mumbai_Mint_20-03-2026.pdf,55,95.4,58.1,95.5
BSD,20/03/2026,Sebi may allow netting of funds for FPIs in March 23 board meet,"The Securities and Exchange Board of India (Sebi) may approve the framework for foreign portfolio investors (FPIs) to net funds across cash market transactions executed on the same day in its upcoming board meeting scheduled for March 23, sources aware of the developments said.
The move is expected to ease liquidity pressure and lower funding costs for FPIs, especially during high-volume trading sessions such as index rebalancing days.
With the approval, FPIs will be able to use the proceeds from sale transactions in the cash market on a particular day to fund purchase transactions on the same day — requiring them to only fulfil the net fund obligation. However, netting may not be permitted if the FPI buys and sells the same stock or security on the same day or settlement cycle.
At present, FPIs are required to fund purchase transactions and deliver securities for sale trades separately. All transactions are grossed at the custodian’s level, and FPIs are required to fulfil their obligations on a gross basis. The custodians settle their deliveries on a net basis with the clearing corporations.
The current practice leaves FPIs underinvested for at least one day, and results in additional costs due to forex slippage and reliance on short-term credit lines.
Last year, FPIs had made representations to the regulator, seeking relaxations. Following discussions, Sebi had floated a consultation paper on the same in January this year.
Sources added that the market regulator may also approve several relaxations for Infrastructure Investment Trusts (Invits) and Real Estate Investment Trusts (Reits), including expanding the scope of investing in liquid fund schemes. Sebi may allow Reits and InvITs to invest in schemes with a credit risk value of 10 or above to diversify portfolios, as the current threshold of credit risk value of 12 leaves limited investment opportunities.
Sebi may also align investment conditions for private Invits with public Invits for investing in greenfield projects.
Additionally, compliance with the ‘fit and proper person’ criteria for market intermediaries such as stock brokers is also expected to be eased at the upcoming board meeting. Under this, Sebi may do away with the automatic disqualifications arising solely from the filing of criminal complaints, FIRs, or charge sheets in cases involving economic offenses, a move that is expected to reduce regulatory uncertainty for entities facing the initial stages of legal proceedings.
Emailed queries to Sebi did not elicit any response till the time of publication.
The market regulator is also expected to take up the recommendations of the high-level committee formed to review the code to address conflict of interest within Sebi and manage disclosures by officials. The recommendations were discussed in the previous board meeting in December 2025. However, Sebi Chairman Tuhin Kanta Pandey said they needed more deliberation given some concerns raised by employees.
Sources indicated that the number of items to be taken up for approval by the Sebi board will be less in the last board meeting for this financial year (FY26) compared to the usual list of agenda items.",55,1,0,NA,Mumbai_Mint_20-03-2026.pdf,55,98.1,50.4,93.3
BSD,20/03/2026,IFSCA cracks down on non-compliant entities at GIFT City,"The International Financial Services Centres Authority (IFSCA) has stepped up enforcement against alleged non-compliance by fund management entities (FMEs) and capital market intermediaries (CMIs), issuing show-cause notices to nearly 10 entities in recent months, according to sources.
The unified regulator for Gujarat International Finance Tec-City (GIFT City) in Gujarat has sought explanations from these fund houses over alleged lapses. Failure to respond could result in regulatory action, including licence cancellations, people familiar with the matter said.
The regulator has also intensified scrutiny of other units operating in the GIFT International Financial Services Centre (IFSC), as part of efforts to strengthen compliance with the special economic zone (SEZ) framework. In parallel, IFSCA is preparing a detailed matrix of non-compliances and corresponding penalties for IFSC units, sources added.
In 2024, the regulator issued warnings and advisories to several entities for failing to meet “substance requirements”, such as maintaining a minimum number of on-ground employees and other prescribed thresholds.
In a press release issued on Wednesday, IFSCA said that during recent supervisory visits, it observed that certain CMIs were non-compliant with regulatory requirements, including the absence of a principal officer or compliance officer, inadequate infrastructure, and trading conducted through remote access.
“Based on the supervisory findings, IFSCA has initiated appropriate regulatory action against the CMIs concerned in accordance with the applicable regulatory framework,” it said.
“Sometimes regulators take such measures to bring in ‘extra discipline’ so that entities remain cautious and do not take compliance lightly. It’s a balancing act. The number of entities registered in GIFT City has surged manifold in the past five years, so an increase in regulatory action is understandable,” said a person familiar with the developments, adding that the issues are unlikely to “rock the boat” for business activity in the financial hub.
As of December 2025, more than 200 FMEs and around 300 schemes were operating out of GIFT City, with commitments exceeding $32 billion.
Industry sources said most of the issues stem from inspections conducted over the past two years and largely relate to operational lapses. Some have called for a more lenient approach to support the ecosystem’s growth.
“The regulations in GIFT City have been evolving. Entities need to adapt to these changes. Some may have already rectified gaps or alleged violations since the inspections. On the other hand, in the absence of settlement proceedings, those unwilling to opt for adjudication have little choice but to await hearings with the regulator,” said another industry participant.
Sources added that FMEs and intermediaries are in the process of responding to the notices.
Emailed queries to IFSCA remained unanswered at the time of going to press.",50,0,1,GJ,Mumbai_Mint_20-03-2026.pdf,55,96.5,53.4,5.7
BSD,20/03/2026,Govt launches ~497 crore scheme to aid exporters,"The government on Thursday unveiled a scheme, Resilience & Logistics Intervention for Export Facilitation (RELIEF), worth ~497 crore to assuage some of the challenges related to “extraordinary freight escalation, heightened insurance premia and war-related export risks” that Indian exporters have been grappling with due to the West Asia war.
The commerce and industry ministry called the scheme “time-bound and targeted intervention” and launched it under the Export Promotion Mission (EPM).
Escalating security concerns around the Strait of Hormuz due to the United States-Israel war with Iran have led to vessel diversions, longer sailing routes, congestion at transshipment hubs and emergency conflict-linked surcharges. This has not only resulted in higher logistics costs but has also created operational uncertainty for export consignments moving to or through the region.
“Our exporters who have been exporting to the Middle East (West Asia) are facing certain challenges. There have been instances where their exports, which were meant for some of the countries in the Middle East, have not been able to reach their destinations. Their future exports are also getting impacted. There is a sense of worry among the exporters,” commerce secretary Rajesh Agrawal told reporters in a briefing.
Cargo accumulation at ports and airports with perishable shipments has been affected the most. Ministry of Micro, Small and Medium Enterprises (MSME) exporters have been hit the hardest – with payment delays, working capital stress and limited ability to pass on cost increases.
Lav Agarwal, director general of foreign trade (DGFT), said that the calibrated support package was needed to stabilise export flows and protect India’s market share during this crisis. Shipping lines and insurers have introduced additional war-risk premiums, and emergency conflict surcharges. For instance, during the Red Sea crisis in FY24, freight rates on key routes rose nearly 90-100 per cent within a short period, he said.
“Through RELIEF, the government aims to mitigate the immediate impact of logistics disruptions, protect exporter confidence, prevent order cancellations and safeguard employment in export-linked sectors. The intervention also reinforces India’s commitment to maintaining resilience and competitiveness in global trade during periods of uncertainty,” the official statement said.
The scheme will be implemented by state-owned export credit agency ECGC Ltd, which will handle verification, claim, settlement and disbursement. Exports to or via countries such as the United Arab Emirates (UAE), Qatar, Oman, Bahrain, Kuwait, Israel, Iraq, Iran, Yemen are covered.
The RELIEF scheme is a three-component package for — the already insured exporters, upcoming exports to the Gulf region and non-ECGC MSME exporters.
Exporters who have already obtained ECGC credit insurance cover for eligible consignments will benefit from up to 100 per cent risk coverage, over and above the existing ECGC cover, during the eligible period — February 14, 2026 to March 15, 2026 — thereby ensuring enhanced protection without additional financial burden. The estimated support from the government will be ~56 crore.
In case of exporters planning future consignments, during the next three months — from March 16, 2026 to June 15, 2026 — they will be encouraged to obtain ECGC cover with government support for up to 95 per cent risk coverage, over and above the existing ECGC cover. This will help sustain exporter confidence and facilitate continued shipment flows despite logistics uncertainties. The estimated support will be ~159 crore.
In case of MSME exporters that may not have availed credit insurance from February 14, 2026 till March 15, 2026, but are facing extraordinary freight and insurance surcharge burdens, the scheme includes a partial reimbursement of up to 50 per cent. The estimated support will be ~282 crore. “This support will be extended subject to prescribed conditions, documentary verification and notified ceilings (up to ~50 lakh per exporter), and is intended to provide timely relief against conflict-related logistics cost escalation,” the statement said.",55,0,0,NA,Mumbai_Mint_20-03-2026.pdf,55,99.8,53.4,78.9
BSD,20/03/2026,ICAI working with NFRA to identify probe overlaps,"The Institute of Chartered Accountants of India (ICAI) is working with the National Financial Reporting Authority (NFRA) to identify overlapping cases between the two bodies and ensure there are no redundancies, according to sources.
The idea behind the exercise is to promote better coordination between the two bodies. Sources said ICAI is expected to stop its investigations in matters where NFRA had also started a probe.
Some of the cases that the ICAI is looking into include Gensol, Bluesmart, and IndusInd. These cases are also being probed by the NFRA.
The ICAI and NFRA have often been at loggerheads in the past, with the former calling for a pause in the revision process of audit standards to allow for a comprehensive review.
This was after NFRA had brought out revised Standards on Auditing 600 (SA) for public consultations to address what it had found to be “the severely deficient quality and serious lack of due diligence” in Group Audits in India.
The ICAI, however, felt that given the complexities of the Indian market, the revised standards will concentrate audit work in the hands of a few big firms.
Sources in the ICAI said that the unique regulatory architecture and professional environment in India require a careful consideration of domestic needs before transplanting overseas standards.
ICAI’s Financial Reporting Review Board (FRRB) had in April 2025 decided to review the financial statements and the statutory auditor’s report of Gensol Engineering Ltd and BluSmart Mobility Pvt Ltd for the financial year 2023-24 (FY24) on a suo motu basis.
The Securities and Exchange Board of India (Sebi) had referred the same matter to the NFRA for further inspection.
In case of IndusInd, the NFRA had launched a probe after receiving a complaint against accounting lapses in the bank through the Centralised Public Grievance Redress and Monitoring System (CPGRAMS).
The case has also been on ICAI’s radar, but no final recommendation has been made yet.
In February, ICAI President Prasanna Kumar D had said that they had formed a special team to review the top 10-15 public interest cases, including Gensol Engineering and IndusInd Bank.",55,0,0,NA,Mumbai_Mint_20-03-2026.pdf,55,87.5,49.3,50.0
BSD,20/03/2026,Govt approves food processing projects worth over ~200 crore,"The Uttar Pradesh (UP) government has cleared 14 food processing projects, worth over ₹200 crore, to link the agricultural sector directly with the market. The approved private projects span farm segments, including vegetables, horticulture, dairy and poultry.
The state will develop these projects in major industrial and commercial hubs, such as Varanasi, Meerut, Kanpur, Lucknow, Lakhimpur Kheri, Bareilly, Ayodhya and Rampur.
UP Deputy Chief Minister Keshav Prasad Maurya said food processing holds immense potential to augment farm income and generate large-scale employment opportunities. He directed officials to create awareness about subsidies provided under the Uttar Pradesh Food Processing Industry Policy 2023 so that more enterprises could be established.
Meanwhile, consumer foods company Apis India Limited is looking to set up a greenfield food processing unit in Western Uttar Pradesh. Its managing director, Amit Anand, said the company, which procures almost 4,000 tonnes of honey from the state, was aiming to double its procurement within the next three years. He added that UP’s industrial policy was among the most progressive in India.
The government is promoting food processing so that farmers receive better prices with an enriched agricultural value chain. The state has received proposals for production of namkeens and sweets, culinary herbs, milk powder, desi ghee, paneer, whey powder, ready-to-cook products (pre-mix dalia and khichdi), poultry feed, and other products, besides processing of frozen vegetable and spices.",65,0,1,UP,Mumbai_Mint_20-03-2026.pdf,55,97.5,55.2,50.0
BSD,20/03/2026,Discoms get loan interest relief,"Two financing agencies of the central government have provided “significant relief” to power distribution corporations (discoms) of Jaipur, Jodhpur and Ajmer by lowering interest rates on loans, said an officer of the Rajasthan energy department.
The Power Finance Corporation (PFC) and Rural Electrification Corporation (REC) lowered rates after Chief Minister Bhajan Lal Sharma met Union Power Minister Manohar Lal Khattar in New Delhi recently. “It will result in reducing the debt burden of the distribution corporations,” said the Rajasthan officer. “The savings generated can be used for the expansion, strengthening and operation of power infrastructure.”
The loss-making discoms of the three cities have a combined debt burden of around Rs 98,000 crore. They had to pay more than Rs 7,800 crore in interest payments in FY26, up until January. Interest rate relief will have a “positive impact” on their balance sheets, said the officer.
PFC and REC, which fund capital expenditure for power infrastructure, account for around 75 per cent of the total debt owed by the three discoms.
PFC has approved a special interest rate of 9.60 per cent for Jaipur discom — a reduction of up to 1.40 per cent — on long-term capital loans that previously carried an interest rate of more than 11 per cent. For Jodhpur and Ajmer discoms, the rate has been fixed at 10.50 per cent.
REC will provide a special interest rate of 9.60 per cent to the three discoms on medium-term loans — a reduction of up to 1.40 per cent. Furthermore, REC has extended concessions to the Jaipur discom on capital loans that previously carried interest rates of more than 11 per cent, reducing the term to 9.60 per cent.",60,0,1,RJ,Mumbai_Mint_20-03-2026.pdf,55,98.2,59.1,17.4
BSD,20/03/2026,"WTO ministerial meet set to focus on reforms, ecom","The World Trade Organisation’s (WTO’s) upcoming 14th ministerial conference (MC14) is set to see intense discussions on key issues, including reforms, e-commerce, fisheries subsidies and the long-pending permanent solution on public stockholding.
The 14th MC will be held from March 26-29 at Yaoundé in Cameroon.
“This ministerial (conference) is broadly being termed as the reform ministerial (conference) because there are multiple issues that the countries have been nudging. Reform is not expected as an outcome of this ministerial (conference), but as a pathway for reforming WTO. That will be part of the agenda -- what can be the credible pathway, whether we should go towards that pathway and whether the member (nations) should discuss reform as an agenda for coming out with certain solutions, suggestions for the next ministerial (conference),” a senior official said on Thursday.
India expects detailed discussions on the matter related to e-commerce as it is an evolving area of trade – and a matter that has been discussed for 28 years now.
Under a WTO moratorium, countries do not impose customs duties on cross-border e-commerce transactions. WTO member nations have periodically agreed to extend the moratorium and have been divided on the issue.
Developing countries, such as India, have been battling for policy space to impose customs duties on electronic transmissions, holding that the moratorium has adversely impacted its revenue collections. Developed countries, including the United States (US), Australia, want an extension of the moratorium.
During the 13th WTO ministerial conference in 2024, nations agreed to maintain the current practice of not imposing customs duties on electronic transmissions until the next ministerial conference scheduled for next week.
Officials in New Delhi believe that there is a need for a clear definition of goods under electronic transmission, the official cited above said.
India is also expected to face pressure on the proposal on investment facilitation at the WTO, which has been agreed upon by 128 countries, including 27 countries from the European Union.
The China-led IFD proposal aims to enhance the transparency of investment regulations to make countries more efficient and attractive to foreign and national investors. Apart from an attempt to attract more foreign direct investment flows, the idea is also to aim for higher-quality investment at a time when many developing countries are grappling with weak growth, high inflation.
India has not joined the agreement and has also opposed it as it will dilute the multilateral nature of the WTO. The group wants to bring the proposal through Annexure-4 of the WTO, under which the proposal would be binding only on the signatory members and not on those who are opposed to it.
That apart, the matters related to the fisheries subsidies and the long-pending permanent solution on public stockholding will also be discussed extensively, the official said.",50,0,0,NA,Mumbai_Mint_20-03-2026.pdf,55,98.9,55.1,50.0
BSD,20/03/2026,"~10,000 cr container scheme under appraisal: Sonowal","The government’s recently announced container manufacturing scheme is currently being appraised, Union Minister of Ports, Shipping and Waterways Sarbananda Sonowal informed Parliament on Thursday.
“The Government in Budget 2026-27 has announced a scheme for container manufacturing in India with a budget outlay of ~10,000 crore aimed at creating a globally competitive container manufacturing ecosystem in the country through financial incentives to support establishment and expansion of container manufacturing units. The Ministry has initiated the process of appraisal of the Scheme,” he said.
Meanwhile, the parliamentary standing committee on commerce said that there is a growing need to bring containers under the Make in India initiative.",55,0,0,NA,Mumbai_Mint_20-03-2026.pdf,55,91.1,50.0,93.6
BSD,20/03/2026,CIL ramps up measures to ensure coal supply to all segments,"Amid the West Asia crisis affecting energy supplies nationwide, Coal India Limited is taking steps to ensure an uninterrupted coal supply to all categories of consumers, including small and medium enterprises, as the government works to maintain energy security in changing demand conditions.
As part of its strategy, the company has scheduled 29 e-auctions in March 2026, offering approximately 23.56 million tonnes (MT) of coal. Of these, five auctions conducted since March 12 saw 31.96 lakh tonnes booked against 73.1 lakh tonnes offered, indicating adequate availability of the dry fuel in the market, the Coal Ministry said on Thursday.
Business Standard earlier reported that small consumers in Delhi-NCR are actively shifting to alternative fuels such as coal as the supply of LPG is choked. Prices of retail coal surged by almost 50 per cent in the informal market.
CIL, which accounts for 80 per cent of coal produced in the country, is supplying to small and medium consumers through the State Nominated Agencies (SNAs) route and has requested states to communicate any additional requirements, which it said can be fully met to avoid potential shortages.
The supply push comes against the backdrop of comfortable coal availability across the system. Pithead coal stock at CIL mines stood at 125.54 MT as on March 18, 2026, up from 106.78 MT on April 1, 2025. Additional stocks include 5.75 MT at Singareni Collieries Company Ltd, 15.75 MT at captive and commercial mines, 12 MT in transit, and 5.49 MT at ports and sidings.",55,0,0,NA,Mumbai_Mint_20-03-2026.pdf,55,62.9,48.5,77.9
BSD,20/03/2026,Fertiliser stocks enough for kharif season: Govt,"The Ministry of External Affairs on Thursday said that India remains in touch with several countries to source its fertiliser imports as it has a diversified base.
Sources said the government is in the process of procuring fertilisers from Russia, Morocco, Tunisia, Saudi Arabia and Jordan.
They said the government is reaching out to more countries to diversify India’s sourcing of fertilisers.
A senior official said that India has also decided to procure spot gas on a competitive basis and the first phase purchase will be over soon.
The official also warned commentators to look at the factual situation and desist from uninformed speculation.
The government said that currently, India has adequate fertiliser stocks for kharif 2026, while the Department of Fertilisers has also put out global tenders in anticipation of the current situation which has received a very good response.
The government expects the bulk of the imported quantities ordered from a variety of sources to arrive by the end of March.",55,0,0,NA,Mumbai_Mint_20-03-2026.pdf,55,87.9,56.0,87.3
BSD,20/03/2026,"India reaches out to Russia, Jordan for fertiliser sourcing","India on Thursday termed the attacks on energy installations in West Asia, especially in the Gulf region, as “unacceptable”, calling for these attacks to “cease” and saying that the latest poundings are a concern because they affected the country's liquefied natural gas (LNG) sourcing. Officials said the supply of liquefied petroleum gas (LPG), oil and fertilisers has been a matter of concern, and efforts are afoot to diversify their sourcing with several vessels, including from Russia and Jordan, carrying these products set to dock at Indian ports in the next few days.
They said tenders have been issued to purchase fertilisers from Russia, Morocco, Tunisia, Saudi Arabia and Jordan.
India continues to buy oil from Russia. The Department of Fertiliser (DoF) has also decided to procure spot gas on a competitive basis, and the first phase purchase will reach by Tuesday, the officials added.
In a phone call to the King of Jordan, Abdullah II, on Thursday, Prime Minister (PM) Narendra Modi discussed the “attacks on energy infrastructure in West Asia”, which he said are “condemnable and can lead to avoidable escalation”. India and Jordan stand in support of unhindered transit of goods and energy, the PM said in a post on social media.
Modi also had telephonic conversations with French President Emmanuel Macron, Oman's Sultan Haitham bin Tariq, and Malaysian PM Anwar Ibrahim. In his conversation with the Omani Sultan, Modi flagged the need for free passage through the Strait of Hormuz, a strategically key shipping lane.
External Affairs Minister (EAM) S Jaishankar met UAE’s Minister of State for International Cooperation Reem Al Hashimy on Thursday afternoon, and also had a telephonic conversation with Israeli Foreign Minister Gideon Saar. The two exchanged views on the ongoing West Asia conflict and its many repercussions, Jaishankar posted on social media.
Of the 22 Indian-flagged merchant vessels stuck in the west of the Strait of Hormuz, nearly half a dozen are carrying LPG, sources said. “India and Oman stand for safe and free navigation through the Strait of Hormuz,” Modi said about his conversation with the Sultan of Oman. At a briefing on Thursday evening, Ministry of External Affairs (MEA) spokesperson Randhir Jaiswal said: “Couple of days back you saw that because of our engagement… and with talks and diplomacy with several of the stakeholders, we were able to get two of our LPG ships through the Strait of Hormuz.”
New Delhi described the attacks against energy installations in different locations across the region, especially the Gulf countries, as deeply disturbing and that these “only serve to further destabilise an already uncertain energy scenario for the whole world”. Such attacks are unacceptable and need to cease, Jaiswal said.
Since Wednesday evening, Tehran has retaliated against an Israeli strike on Iran's strategic gas fields of South Pars, and attacked key energy infrastructure in several Gulf nations, including Qatar's LNG hub of Ras Laffan.
Qatar accounts for nearly 40 per cent of India's LNG requirement. Oman has also faced the brunt of the Iranian retaliation.
“India had previously called for avoidance of targeting civilian infrastructure, including energy infra, across the region,” Jaiswal said. The attacks have caused global energy prices to increase further, he added.
The MEA spokesperson said Bangladesh, Sri Lanka, and the Maldives have sought help from India for their respective energy security. He said India is fulfilling its current obligations to Bangladesh, factoring in its own requirements.
On the fertiliser situation in the country, Jaiswal said the DoF had “put out global tenders well in time, in anticipation of the current situation”. “These have received a very good response and we expect to have the bulk of the quantities ordered from a variety of sources by the end of March,” he said.
The MEA spokesperson said, “All our partners have assured us of uninterrupted supplies, and we hope to attain and maintain comfortable stocks of fertilisers by the time kharif demand peaks by May 15.”",45,0,0,NA,Mumbai_Mint_20-03-2026.pdf,55,98.3,54.9,4.3
BSD,20/03/2026,Gas-based power plants increasingly becoming impractical: NTPC chief,"Gas-based power generation assets are increasingly proving impractical, and current conditions have further reinforced that gas based systems may not be viable, NTPC Chairman Gurdeep Singh said on Thursday. He referred to the West Asia crisis which has led to concerns over gas availability for low priority sectors.
Speaking at the Bharat Electricity Summit on Thursday, Singh also referred to concerns over running thermal power projects at a low Plant Load Factor (PLF) to provide flexibility for renewable energy generation.
“Going forward, we need to consider alternatives. This could include developing plants specifically designed for flexibility such as subcritical units that can be ramped up and down... daily,” Singh said.
He added that instead of forcing existing plants for flexible load, which were not designed for such operations, focus should be on building new, flexible power units. Smaller units designed for such flexibility could also be grouped together for efficient operation, he said.
“If this continues, we may eventually be forced to take some of these machines out of operation, which would be counterproductive,” Singh said.",45,0,0,NA,Mumbai_Mint_20-03-2026.pdf,55,75.5,48.7,3.3
BSD,20/03/2026,Central banks hawkish but cautious in shadow of war,"Top central banks struck hawkish tones as the Iran war drove energy prices sharply higher but acknowledged that the sheer uncertainty over the impact on the global economy called for caution in their next policy moves.
In a rare coincidence of the monetary policy diary, central banks of the United States, Japan, Britain, Canada and the euro zone - effectively the Group of Seven (G7) nations - convened this week, as have counterparts from several emerging economies.
Having barely tamed a commodities-led inflation spike after Russia's full-scale invasion of Ukraine in 2022, policymakers are determined to rein in any new price pressures without derailing still-patchy economic growth.
The US Federal Reserve and the Bank of Canada on Wednesday both opted to hold interest rates steady, as did the Bank of Japan on Thursday. Yet they made clear they are on alert, wary that rising energy prices could spark a fresh wave of inflation.
“In the near term, higher energy prices will push up overall inflation, but it is too soon to know the scope and duration of the potential effects on the economy,” Federal Reserve Chairman Jerome Powell said after the Fed’s 11-1 decision to hold rates in the 3.50 per cent -3.75 per cent range. Yet Powell’s reluctance to say that risks of a weakening job market posed a greater risk to the Fed’s objectives than inflation helped push market rate-cut expectations into 2027.
In Tokyo, Bank of Japan Governor Kazuo Ueda said the BOJ would not rule out a near-term rate hike if the expected hit to growth from surging oil costs proves temporary, and does not derail progress in durably hitting the bank's price target.
“We need to be mindful that recent developments come at a time when companies are already actively pushing up prices and wages, which suggests they could pass on costs more aggressively than after the war in Ukraine,” Ueda told a news conference.
Bank of Canada Governor Tiff Macklem struck a similar note: “If energy prices stay high, we will not let their effects broaden and become persistent inflation,"" he said.
Earlier this week the Reserve Bank of Australia hiked rates to a 10-month high and warned of a “material” risk to inflation from the oil price spike.
Even Brazil’s central bank, with one of the highest rates of all major economies, opted for a cautious 25-basis-point cut to a benchmark 14.75 per cent rate - a smaller cut than initially expected.
On Thursday both the Swiss National Bank and Sweden's Riksbank kept policy rates on hold, flagging the uncertainty of how the war will end up impacting the economy. The European Central Bank left interest rates unchanged as expected but signalled it was closely watching growth and inflation risks from surging oil prices and was ready to act, if that became necessary.
The Bank of England also voted unanimously to keep borrowing costs on hold at 3.75 per cent. Analysts expect the rate path to remain bumpy with no clear end in sight to the conflict that could upend global supply chains, jolt financial markets and hurt corporate sentiment.
“This latest escalation feels like a turning point for markets because the conflict is no longer just about military headlines or Strait of Hormuz closure,"" said Charu Chanana, chief investment strategist at Saxo in Singapore.",40,1,0,NA,Mumbai_Mint_20-03-2026.pdf,55,8.7,54.5,19.8
BSD,20/03/2026,Energy prices soar as Iran targets Qatar hub,"Energy prices surged on Thursday after Iran struck the world’s largest LNG complex — Ras Laffan Industrial City — causing damage that Qatar said could take five years to repair, as the energy sector’s worst fears about the war launched by the US and Israel on Iran came true.
QatarEnergy CEO Saad al-Kaabi told Reuters that the state-owned gas company may have to declare force majeure on long-term contracts to Italy, Belgium, South Korea, and China after the attack meant a loss of around 17 per cent of Qatar’s liquefied natural gas exports for between three and five years. Gas prices in Europe soared as much as 35 per cent on Thursday and oil jumped as much as 10 per cent, before paring gains by mid-afternoon.
“I never in my wildest dreams would have thought that Qatar would be — Qatar and the region — in such an attack, especially from a brotherly Muslim country in the month of Ramadan, attacking us in this way,” al-Kaabi said. Iran struck energy infrastructure across West Asia in retaliation against Israeli attacks on its gas facilities on Wednesday.
The aerial attacks also targeted a refinery in Saudi Arabia, forced the United Arab Emirates to shut gas facilities, and started fires at two Kuwaiti refineries as Donald Trump threatened retaliation if they persisted.
Leading nations in Europe, with Japan, said on Thursday they would act to stabilise energy markets and join “appropriate efforts” to open the Gulf’s oil chokepoint. The leaders of Britain, France, Germany, Italy, the Netherlands, and Japan issued a joint statement urging “an immediate comprehensive moratorium on attacks on civilian infrastructure, including oil and gas installations”.
“We express our readiness to contribute to appropriate efforts to ensure safe passage through the Strait. We will take other steps to stabilise energy markets, including working with certain producing nations to increase output,” they added.",20,0,0,NA,Mumbai_Mint_20-03-2026.pdf,55,8.2,52.8,6.1
BSD,20/03/2026,West Asia war forces Indian tourists to look eastwards & inwards,"With the war in West Asia raging on, outbound travel from India is set to witness a shift in the opposite direction — eastwards. Destinations such as Thailand, Vietnam, Singapore, Mauritius, Bali, Indonesia, Sri Lanka, the Philippines and even far-east countries like Japan, Australia and New Zealand are becoming more popular.
Visa-on-arrival facilities at many of these countries and higher propensity of travellers to spend due to rupee depreciating versus the dollar, have also made these destinations more attractive amid larger geopolitical uncertainty, said market watchers.
“In the past, we have observed that in cases of region-specific disruption, people don’t give up on their trips, they figure out and book an alternative destination, whether domestic or a non-impacted international one. We are seeing the same pattern now,” said Rajesh Magow, cofounder and group chief executive officer (CEO), MakeMyTrip.
Rajeev Kale, president and country head, Holidays, MICE, Visa, Thomas Cook (India) Limited, said, “The global travel landscape has become increasingly dynamic. Recognising the geopolitical uncertainty in very specific parts of the world, we are witnessing growing interest for destinations across the far east, including Japan, Australia and New Zealand, alongside closer-to-home favourites such as Sri Lanka, Nepal, and Bhutan.”
Of the total outbound travel from India, the United Arab Emirates (UAE) makes up the largest chunk with over 8.6 million arrivals. Global estimates suggested west Asia tourism could see an 11-27 per cent decline in arrivals and a loss of up to 23-38 million visitors in 2026, pointed out Anil Kalsi, board member of the Federation of Associations in Indian Tourism and Hospitality. “With bookings down by 30-60 per cent on certain routes, especially those linked to or transiting through West Asia, travellers are considering safer and more stable destinations,” he said.
“We are observing a clear shift in travellers’ preference toward Southeast Asia, driven by proximity, affordability, and perceived stability. Destinations such as Thailand, Malaysia, and Vietnam are seeing stronger traction across both leisure and MICE segments,” said Vinod Kumar Sah, cofounder, CoTrav.
SD Nandakumar, president and country head – holidays and corporate tours, SOTC Travel, said “experiential travel segments such as cruising are gaining traction, with strong interest in sailings across Asia, including the upcoming Disney Adventure from Singapore, which is driving demand among Indian families seeking immersive cruise holidays.”
As a corollary, travel to Europe and the UK, typically including a halt in West Asia, has become more expensive, leading to players like SOTC and Thomas Cook offering discounts and deals for the upcoming summer travel season.
“On the domestic tourism front, while business travel remains largely unaffected, leisure travel is likely to start picking up now as the summer season kicks in and the exam season coming to an end,” Magow added.
“We are also seeing a behavioural trend where some travellers are postponing international trips in the near term and opting for domestic travel instead,” CoTrav’s Sah added.
Thomas Cook’s Kale concurred with the trend, adding that domestic favourites such as Himachal Pradesh, Andamans and Kerala are also witnessing growing interest. “India’s spiritual destinations are also witnessing renewed relevance with interest for spiritual circuits such as the Char Dham and the Kailash Mansarovar,” he said.",50,0,0,NA,Mumbai_Mint_20-03-2026.pdf,55,99.3,54.7,89.5
BSD,20/03/2026,Hormuz blockade may lead to increase in ultra-luxury house prices by 5%: Report,"The Strait of Hormuz blockade amid the West Asia war is leading to rise in prices for luxury and ultra-luxury houses in Mumbai and Delhi, with some estimates projecting the increase likely to be about 5 per cent in the immediate term. According to a report by realty consultancy Anarock, construction costs have risen significantly after ships carrying essential construction materials have been forced to reroute.
“The forced detours of ships carrying construction materials around the Cape of Good Hope has added anywhere between 10 and 20 days to shipping times, and as much as ~1.5-3.5 lakh per container to the (shipping) costs,” said Prashant Thakur, executive director and head for research and advisory at Anarock.
At a time when housing sales were already tapering, the report stated that Indian developers were now confronted with an even starker landscape.
While diplomatic manoeuvring has succeeded in getting at least some liquified petroleum gas tanker ships through the Strait, bulk imports must now travel an additional 6,000-10,000 nautical miles, with marine fuel now at about ~1 lakh per tonne.
As a result, Anarock said that steel prices have jumped about 20 per cent to ~72,000 per tonne, roughly adding ~50 per square feet to high‑rise construction costs to more than 10,000 luxury units under construction in Mumbai. Skyscrapers use ribbed steel rods embedded in concrete to give it tensile strength, and this added cost has a direct correlation to the cost and speed of constructing them.
“The cost of hot rolled coil now hovers at ~51,000 to ~56,000 and may hit ~62,000 by June if the situation does not change for the better,” it said.
Similarly, diesel for construction cranes and mixers is heavily associated with the price of Brent crude, which is currently trending above $100 per barrel.
This price shock, the report said, will reflect significantly on construction sites in Mumbai, Delhi-NCR, Hyderabad and other high-rise-centric cities around the country.
Mumbai Metropolitan Region will be affected the most, with the region having more than 300 towers and over 5,500 high-rises.
In 2024 itself, India saw 59 ultralux-ury homes sell for a combined value of about ~4,754 crore, with Mumbai alone accounting for roughly 88 per cent of both units and value in this bracket.",35,0,1,"MH,DL",Mumbai_Mint_20-03-2026.pdf,55,29.9,54.2,81.0
BSD,20/03/2026,An economic policy response to the West Asia crisis,"The US-Iran conflict is about to enter its fourth week, with no sign of de-escalation. Crude prices are up more than 50 per cent and gas prices more than 70 per cent since the start of February, threatening to deliver a large, adverse supply shock to energy importers around the world.
Supply shocks are notoriously difficult to respond to, as Covid taught us, because they simultaneously impinge on growth and drive up inflation, creating difficult policy trade-offs. How then should India respond in the current environment?
The first thing to appreciate is the nature of this supply shock. The current situation is unlike the 2022 Russia-Ukraine conflict, which also spawned a surge in energy prices. That, too, was a supply shock but it worked largely through an adverse terms-of-trade channel by pushing up global prices.
Here, the adverse price shock is being compounded by a quantitative constraint on volumes of crude, gas and liquefied petroleum gas (LPG). Almost 50 per cent of the LPG and 30 per cent of the natural gas that India consumes comes from the Strait of Hormuz. If that does not open soon, physical availability of energy will become an increasing challenge. This will amplify the price shock in two pernicious ways:
First, there is a growing risk that economic activity across various sectors will be impacted, resulting in a hit to activity much larger than the sticker price of crude and gas would suggest. Hypothetically, if restaurants have to temporarily close because of a lack of LPG or auto part production is hit because of a lack of gas availability, the ‘shadow price’ that they, de facto, confront — which results in a sharp curtailment of activity — will be much higher than implied by the price of crude and gas quoted in global markets.
Second, as we learnt in Covid, non-linearities quickly begin to emerge. If an establishment shuts down, and lets go of its workers, this process is often hard to reverse. If gig workers are impacted, and go back to rural areas, it’s often hard to bring them back, as Covid revealed.
For both these reasons, when quantitative constraints begin to bind, the hit to economic activity can be much larger than that assumed from the terms-of-trade shock emanating from higher energy and gas prices.
It means time is desperately of the essence. The longer the Strait of Hormuz remains closed, the higher the odds that quantitative restrictions impede activity and non-linearities kick in. Policy therefore needs to respond at three levels.
The immediate response has to be to keep the economy’s lights on as much as possible, in the wake of a potential energy shortage. Here the playbook from Covid in minimising supply disruptions — and allocating scarce resources — will be more applicable than dealing with higher energy prices in the wake of the Russia-Ukraine war.
Some of the solutions may be obvious. First, augment domestic production as much as possible (for example, LPG) to offset external shortages.
Second, scout for oil/gas/LPG anywhere around the world, at whatever price. Even much higher global spot prices will be less damaging than the shadow price that forces closure of economic activity and risks the aforementioned non-linearities.
Third, ration available stocks in an economically efficient manner. Preventing hoarding is a given, but delicate choices will have to be made about allocation between the household and commercial sectors. The natural instinct is to lean disproportionately towards allocating to the household sector, but if restaurants and firms are meaningfully deprived of LPG and gas, this will eventually impact production and employment, eventually also hurting households. So, getting the household-industrial balance right will be important.
Fourth, provide fiscal subsidies and associated incentives to the private sector to quickly and sharply ramp up production of alternatives like induction stoves. This would be equivalent to subsidising the production of personal protective equipment (PPE) in the early days of the pandemic.
All told, the first phase must be to mitigate the volume constraint to avoid disruptive losses in consumption and economic output.
The second phase must deal with the price fall-out. Even if quantitative constraints are alleviated, it’s likely crude prices will remain elevated for a while, resulting in an adverse terms-of-trade shock. Every $10/barrel increase in crude constitutes about a 0.5 per cent of GDP negative terms-of-trade shock for India’s economy.
How the impact is absorbed across growth and inflation will depend on the internal burden-sharing between the public and private sector.
On one end of the spectrum, the shock can be absorbed completely by the fiscal. No retail prices are raised, and oil marketing companies (OMCs) take the hit. This results in either lower dividends to the budget or, in more extreme scenarios, requiring fiscal support to prop up OMCs. The impact on inflation — and therefore inflation expectations — is lower, but the hit to growth is higher. Why? Because if the fiscal deficit target is not changed, there is a one-for-one crowding out of other expenditures from higher oil subsidies. So, in effect, the government’s marginal propensity to spend is 1, in this scenario.
In contrast, if this is passed on to households, the marginal propensity to consume is typically lower than 1. So inflation is higher but the hit to growth is expected to be lower.
There is, however, a more compelling reason for retail prices of gasoline and diesel to slowly, but progressively, be increased if oil prices remain elevated.
To understand why, it’s important to identify which parts of the macros are most susceptible to pressure. Before the oil shock, inflation was benign and growth was experiencing a smart cyclical upswing. Both growth and inflation are therefore confronting the shock from relatively strong starting points, and can absorb some of the shock.
Instead, the current pressure point is the balance of payments. India’s current account deficit (CAD) is expected to print at a benign 1 per cent of GDP in 2025-26. But even that is proving challenging to finance because capital flows have slowed sharply.
On top of that, the current conflict is likely to result in correlated shocks that push the CAD higher: Higher crude and gas prices, lower remittances, lower West Asia exports.
If crude averages $85/barrel this year, for instance, the CAD will double and be closer to 2 per cent of GDP, which will be that much harder to finance in the current global environment.
A key goal of policy will therefore need to be to take the pressure off the balance of payments. This will require two prices to adjust, thereby creating an internal and external shock absorber, respectively.
First, only if retail prices are slowly increased — to reflect global crude prices — will domestic economic agents scale back on energy volumes in response to higher prices. In effect, (lower) imported volumes can partially offset (higher) energy prices and provide some relief to the current account.
Absent this price discovery, the CAD will face a double whammy with higher crude prices and no commensurate volume adjustment, because economic agents are not incentivised to do so.
Second, the balance of payments will also need an external shock absorber in the form of calibrated rupee depreciation. A negative terms-of-trade shock would argue for a weaker equilibrium real effective exchange rate (REER), and policymakers should enable that transition.
As evidence has found, a weaker REER will, over time, help contain the CAD by making exports more competitive and imports more expensive. There are other benefits from letting the rupee play an external shock absorption role. It frees up monetary and fiscal policy to focus on domestic growth and inflation dynamics and conserves valuable foreign exchange (FX) reserves.
All told, the macro response must first identify the soft spot (CAD) and then use both internal (retail energy prices) and external (rupee) shock absorbers to ensure sustainability.
Finally, when the dust settles, on this shock it’s important to draw the right lessons. After the taper tantrum of 2013, India realised the value of buffers and frameworks to preserve macroeconomic stability. FX reserves were stockpiled, an inflation targeting framework was instituted, and a new fiscal anchor introduced.
India must now adopt a similar risk-management mindset to guard against growth shocks. At a time when supply chains are fragile and trade is being increasingly weaponised, chokepoints in the economy must be systematically identified — across energy, food, commodities, and critical minerals — and volume and price risk mitigated as far as possible. Physical buffers will either need to be introduced or increased sharply. In Asia, for instance, China, Korea, Japan all have close to 120 days of strategic reserves.
Similarly, China has systematically built buffers across energy, metals, minerals and food to smooth external shocks.
Volume risk apart, India should be hedging crude price risks through financial instruments as much as possible. What is preventing a more systematic programme of hedging crude prices using financial instruments?
Medium-term risk management will necessarily entail diversifying away from fossil fuels as much as possible, by incentivising renewables, energy storage and electrification.
The goal cannot simply be to maximise ‘average growth rates’, but to minimise growth volatility by being better prepared to absorb shocks.
All this will extract fiscal and foreign currency costs and, more generally, the opportunity costs of using scarce resources to build buffers. But at a time when the distribution of risks has widened dramatically and the tails are getting increasingly fat, this would be a small cost to pay to avoid disruptive swings in growth and employment.
This strategic reset must occupy us when the dust settles. For now, the priority must be to navigate this latest storm in the least disruptive manner possible.",30,0,0,NA,Mumbai_Mint_20-03-2026.pdf,55,0.1,51.6,10.6
BSD,20/03/2026,Indices see worst fall in 21 mths as crude shock triggers selloff,"Indian equities plunged alongside 
global peers on Thursday, with 
benchmark indices posting their 
steepest falls in nearly two years, as 
a renewed surge in oil prices fuelled 
fears that the escalating Iran war 
could stoke inflation and undermine 
economic growth.
The BSE Sensex ended the 
session at 74,207, down 2,497 points, 
or 3.3 per cent. The Nifty closed at 
23,002, a decline of 776 points, or 3.3 
per cent. Both indices recorded their 
worst fall since June 4, 2024. The 
market capitalisation (mcap) of 
BSE-listed firms declined by 
~13 trillion to ~426.1 trillion.
All sectoral indices on the Na￾tional Stock Exchange (NSE) closed 
in the red, with losses ranging be￾tween 1.4 per cent (Nifty Energy) and 
4.25 per cent (Nifty Auto). The Nifty 
100, Nifty 500, Nifty Midcap 50, and 
Nifty Midcap 100 indices reported 
declines of more than 3 per cent each, 
and Nifty Smallcap index fell 2.9 per 
cent. Since the start of the war, the 
Sensex is down 8.7 per cent and the 
Nifty 8.6 per cent.
The total mcap of BSE-listed 
firms has fallen by ~37.4 tril￾lion during this period.
The selloff on Thursday 
came as crude oil prices 
surged in the wake of attacks 
on some of West Asia’s most 
important energy facilities. 
Brent crude was trading at 
$108.5 per barrel (as of 9 pm 
IST) on Thursday, having ear￾lier hit an intraday high of 
$119. Since the breakout of the 
war, crude oil prices have risen 
by 49 per cent.
Saudi Arabia on Thursday 
reported that a drone struck its 
Samref refinery on the Red 
Sea, following an earlier Israeli 
strike on the South Pars gas 
field, which Iran shares with 
Qatar. Higher oil prices tend to 
push up inflation in India and 
hurt economic growth, as the 
country imports most of its 
crude oil requirements.
“The conflict has increas￾ingly taken the shape of 
energy warfare, with attacks 
on critical infrastructure by 
both sides driving a sharp 
spike in crude oil prices and 
rattling investor confidence. 
Going ahead, markets appear 
to be in a phase of heightened 
fragility, where sentiment is 
being driven by rapidly evolv￾ing geopolitical develop￾ments and a sharp rise in 
crude prices,” said Siddhartha 
Khemka, head of research, 
wealth management, Motilal 
Oswal Financial Services.
“Given the intensifying ten￾sions around energy infra￾structure in West Asia, we 
remain cautious on the mar￾ket in the near term and ex￾pect volatility to persist.”
The India Vix, a gauge of 
market volatility, rose 22 per 
cent to 22.8 points. HDFC 
Bank, which declined 5.1 per 
cent, was the biggest drag on 
the Sensex. The private 
lender’s stock posted its worst 
fall since June 4, 2024, after its 
chairman resigned citing ethi￾cal differences.
Going ahead, the 23,170-
23,200 zone is expected to act 
as immediate resistance for 
the Nifty 50. “As long as the 
Nifty 50 continues to trade 
below 23,200, downside press￾ure is likely to persist. In such 
a scenario, the index may drift 
towards 22,850, followed by 
the 22,700 level, in the short 
term,” said Sudeep Shah, head 
(technical and derivatives re￾search) at SBI Securities.
Market breadth was weak 
on Thursday, with 3,359 stocks 
declining and 913 advancing.
Foreign portfolio investors 
were net sellers to the tune of 
~7,558 crore, while domestic 
institutional investors were 
net buyers of ~3,864 crore 
worth of stocks.",28,0,0,NA,Mumbai_Mint_21-03-2026.pdf,55,1.0,45.8,1.4
BSD,20/03/2026,Oil surges to $108 per barrel; India denounces strikes,"Crude oil prices jumped to $119 a barrel on Thurs￾day, close to the three-and-a-half-year peak hit on 
March 9, after Israel’s strikes on Iran’s South Pars 
gas field — its largest source of domestic energy — 
prompted retaliatory attacks by 
Tehran on key energy facilities 
across the Gulf.
Israel’s latest strike marked a 
significant escalation in the war, 
stoking concerns about pro￾longed disruption to global 
energy supplies. Iran retaliated 
by targeting Qatar’s Ras Laffan 
gas facility, along with oil re￾fineries and gas infrastructure 
across Saudi Arabia, Kuwait and the United Arab 
Emirates (UAE).
Brent crude, which was around $74 a barrel 
before the conflict, was trading at $108.5 a barrel at 
9 pm India Standard Time (IST) on Thursday.
Despite the sharp rise in global 
prices, India’s oil marketing 
companies (OMCs) have so far 
kept retail fuel prices un￾changed.
India on Thursday said 
such strikes were “unaccept￾able and need to cease”. The 
attacks were “deeply disturb￾ing” and served only to further 
destabilise an already uncer￾tain global energy situation, 
External Affairs Ministry spo￾kesperson Randhir Jaiswal 
said. Prime Minister Narendra 
Modi also spoke to leaders of 
Oman, Jordan, France and 
Malaysia, stressing the ur￾gency of restoring peace in the 
volatile region.
Sujata Sharma, joint secre￾tary in the Ministry of Petro￾leum and Natural Gas 
(MoPNG), said India’s top pri￾ority remained ensuring fuel 
availability for domestic con￾sumers. The government will 
review its export policy based 
on the evolving situation, she 
added.
India exports refined pe￾troleum products to Europe 
and neighbouring countries 
like Bangladesh and Bhutan. 
Unlike China, India has not 
halted exports so far, even as 
securing energy supplies has 
remained a challenge.
The government has man￾dated oil and gas companies 
operating in the country to 
share details of production, 
imports, exports, stock levels 
and consumption patterns. 
The data, to be submitted to 
the Petroleum Planning and 
Analysis Cell (PPAC), will help 
the government collect, com￾pile and analyse information 
to monitor the petroleum and 
natural gas supply chain more 
effectively, according to a ga￾zette notification.
The West Asia conflict has 
triggered an energy crunch for 
India, which depends heavily 
on imports from the region. 
The closure of the Strait of 
Hormuz has effectively 
choked supplies from the Gulf, 
which accounts for around 90 
per cent of India’s liquefied 
petroleum gas (LPG) imports, 
40 per cent of its crude oil im￾ports, and about 50 per cent of 
its liquefied natural gas (LNG) 
imports.
Given its heavy reliance on 
West Asia for LPG, India is 
facing an acute shortage of 
cooking gas, even as diversifi￾cation has helped it secure 
crude oil and LNG supplies to 
some extent. India has 
stepped up LPG purchases 
from the US, with 13 tankers 
carrying around 350,000 
tonnes of LPG currently 
headed to the country, accord￾ing to data from maritime in￾telligence firm Kpler.
Of these, four tankers 
carrying a combined 91,183 
tonnes are expected to arrive 
next week. Another four 
vessels, with 93,180 tonnes, 
are likely to reach in early April. 
The remaining five, carrying 
about 166,000 tonnes, could 
arrive between mid and late 
April.
For the first time, India has 
also booked an LPG cargo 
from Argentina, with a ship￾ment of 19,486 tonnes ex￾pected to arrive by end-March.
Meanwhile, LPG supplies 
from West Asia have fallen 
sharply due to the conflict. 
Only 11 tankers, carrying 
192,734 tonnes, are currently 
headed from the region to 
India, and most of these car￾goes had sailed before the 
fighting began. Of the India￾bound vessels held up around 
the Strait of Hormuz, two LPG 
tankers and one crude oil 
cargo have safely transited the 
narrow route and reached In￾dian shores, according to gov￾ernment officials.",22,0,0,NA,Mumbai_Mint_21-03-2026.pdf,55,18.1,51.1,22.5
BSD,20/03/2026,HDFC Bank firefights after chairman’s abrupt exit,"The dark clouds that had gathered 
over India’s largest private lender, 
HDFC Bank, on late Wednesday as 
its part-time chairman Atanu Chak￾raborty resigned with immediate 
effect citing ‘ethics’, had blown over 
by Thursday noon with the Reserve 
Bank of India (RBI) coming out 
strongly in its support to stress 
there were no governance or 
conduct issues at the bank.
Chakraborty, a former bureaucrat 
who had sought to be relieved from 
his post immediately, had attributed 
the decision to certain happenings 
and practices within the bank over 
the last two years and those were not 
in congruence with his personal 
“values and ethics”. Following his 
decision, four HDFC Bank board 
members met RBI officials, includ￾ing two deputy governors, on Wed￾nesday, seeking its nod to appoint 
board member Keki Mistry as in￾terim part time chairman. The regu￾lator quickly approved.
HDFC Bank began firefighting 
even before the stock markets 
opened with an early investor call 
addressed by six of its 12 current 
board members, including Mistry 
and MD & CEO Sashidhar 
Jagdishan.
“I would not have taken on this 
responsibility at the age of 71 
if it did not align with my principles 
and the level of integrity I expect from the 
bank,” Mistry told analysts.
He categorically stated there 
are no material issues or oper￾ational concerns at the bank, 
and none of the board 
members are aware of the 
issue that led to Chakraborty’s 
resignation. Mistry said there 
could be difference of opinion 
on minor issues but empha￾sised “there was no power 
struggle in the bank”.
Jagdishan said the board 
tried to persuade Chakraborty 
to refrain from going ahead 
with his decision.
“As the meeting was going 
on, as these developments 
were unravelling… where de￾spite every board member try￾ing to persuade the past 
part-time chairman to take 
back his resignation or sort of 
elaborate on any of the con￾cerns that he may have, which 
would have been addressed as 
they were in the past, or take 
back some of the language 
that was there in that letter,” 
Jagdishan said in a call with 
media later in the day.
HDFC Bank’s market capi￾talisation, second only to Re￾liance Industries, fell ~66,433 
crore to ~12.31 trillion on 
Thursday.
The bank’s stock had 
opened around 5 per cent 
lower from its previous close, 
had crashed 8.42 per cent to 
~772 intra-day basis on the 
BSE, cut some losses during 
the day as clarity emerged that 
the part time chairman’s exit 
was not linked to governance 
issues, before ending up at 
~799.70, 5.13 per cent lower.
The broader indices plunged 
3.26 per cent – most in close to 
two years – owing to surging 
crude oil prices amid a raging 
war in West Asia.
Sources in the bank said 
there was some relationship 
issue between the bank man￾agement and the earlier chair￾man leading to the former’s 
decision to make a sudden 
exit. “Yesterday, during the 
bank’s board meeting, many 
of the directors asked him 
(Chakraborty) if there is a gov￾ernance issue but he said there 
is none,” said a source.
RBI soothes nerves
“Basis our periodical assess￾ment, there are no material 
concerns on record as regards 
its conduct or governance,” 
the RBI said in a statement at 
around 11 am Thursday. The 
bank remains well-capitalised 
and its financial position re￾mains satisfactory with suffi￾cient liquidity, it noted. The 
RBI also said HDFC Bank is a 
Domestic Systemically Impor￾tant Bank (D-SIB) with sound 
financial, a professionally run 
board and competent man￾agement team, adding it will 
continue to engage with the 
Board and management on 
the way forward. Meanwhile, 
in New Delhi, Department of 
Financial Services Secretary M 
Nagaraju also quelled con￾cerns and said: “HDFC Bank is 
a strong institution with 
strong fundamentals.”
Post-merger exits
Analysts noted that HDFC 
Bank has seen the exit of sen￾ior officials post the merger 
with HDFC. “Exits at HDFCB 
have accelerated post the 
HDFC Ltd merger, creating a 
visible credible leadership 
gap, with Chairman Atanu 
Chakraborty’s resignation 
over relationship issues with 
the management now raising 
concerns even in the board,” 
broking firm Emkay’s analysts 
said in a report.
“Though the management 
and the board assured of no 
governance, operational, 
regulatory, or power struggles, 
we believe the bank must curb 
management exits and re￾build leadership strength 
either internally or externally,” 
they said. Meanwhile, Kaizad 
Bharucha, Deputy MD at 
HDFC Bank, who looks at the 
entire asset side of the bank’s 
balance sheet, is set to get 
more responsibilities. In a call 
with analysts on Thursday, 
Sashidhar Jagdishan, MD & 
CEO, HDFC Bank, said, “As we 
move forward, we will sort of 
re-examine our organization 
structure, and with the con￾sent and advice of the board, 
we will announce it at the ap￾propriate time.” “Kaizad is a 
very dear colleague, and I have 
the highest regard and respect 
for him. He handles the entire 
asset business of the balance 
sheet, which reflects the kind 
of respect and stature that he 
commands within the organ￾ization, both at the board level 
and at the management level 
as well. So that will continue. 
In fact, he will only get more 
responsibilities as we move 
forward,” he said.",42,0,0,NA,Mumbai_Mint_21-03-2026.pdf,55,95.9,55.1,5.4
BSD,20/03/2026,Mistry to ‘do his best’ for bank’s stability,"Keki Mistry, 71, who led the erstwhile 
mortgage lender HDFC Ltd for sev￾eral years before it merged with 
HDFC Bank, now finds himself at the 
helm of the bank as interim chair￾man, tasked with steering the institu￾tion through the current controversy.
The development follows the res￾ignation of former part-time chair￾man Atanu Chakraborty, who 
stepped down citing concerns that he 
said were not aligned with his values 
and ethics, triggering governance-re￾lated questions around the bank.
“I would not have taken on this re￾sponsibility at the age of 71 if it did 
not align with my principles and the 
level of integrity I expect from the 
bank,” Mistry said on Thursday. He 
added that he would ideally not like 
to continue beyond the three months 
for which he has been appointed with 
the regulator’s approval, and that he 
would do his best to stabilise the bank 
during this period.
“…as far as I am concerned, my 
role is for three months. I would like 
to stabilise things as much as I can. At 
the end of three months, would I 
want to continue? My feeling is no,” 
Mistry said.
Late on Wednesday, the bank an￾nounced that, with the Reserve Bank 
of India’s approval, Mistry had been 
appointed interim part-time chair￾man for three months, effective 
March 19.
Hours after his appointment, Mis￾try moved swiftly to address stake￾holder concerns, speaking to analysts 
early on Thursday. “On behalf of the 
board, and in full alignment with the 
executive leadership, I wish to assure 
all stakeholders that there are no ma￾terial matters at this point in time. 
Based on our discussions, no specific 
incidents or practices have been 
brought to our attention,” he said.
“The board remains fully com￾mitted to safeguarding institutional 
resilience and the index of confi￾dence. The bank operates with strong 
governance standards, robust inter￾nal controls, and an experienced 
management team. Our strategic di￾rection, business priorities, and 
execution capabilities remain as al￾ways,” Mistry added.
He also clarified that while there 
may have been differences on minor 
issues between the management and 
Chakraborty, nothing was material. 
“In no board meeting has there been 
a complete difference of opinion or 
anything of that sort. There will al￾ways be some relationship issues be￾tween individuals. Those kinds of 
things happen. There was no power 
struggle in the bank,” he said.
Mistry is a veteran of the financial 
services sector, with over four dec￾ades of experience spanning banking, 
housing finance, and capital markets.
A chartered accountant and fellow of 
The Institute of Chartered Accoun￾tants of India, he began his career 
with AF Ferguson & Co. in 1975, fol￾lowed by stints at Hindustan Unilever 
and Indian Hotels Company.
He joined Housing Development 
Finance Corporation (HDFC) in 1981 
and rose through the ranks, serving 
in key leadership roles before becom￾ing managing director in 2000, and 
later vice-chairman and chief execu￾tive officer. During his tenure, he was 
associated with the expansion of the 
HDFC group and the creation of key 
financial services businesses, includ￾ing HDFC Bank, HDFC Life, and 
HDFC Ergo.
Following the merger of HDFC Ltd 
with HDFC Bank in July 2023, he re￾tired from executive responsibilities 
and was inducted as a non-executive 
director on the bank’s board.
Mistry also serves on the boards of 
HDFC Life Insurance, HDFC Ergo 
General Insurance, Tata Consultancy 
Services, HDFC Capital Advisors, The 
Great Eastern Shipping Co., KATB 
Consultant, Brookprop Management 
Services, and Flipkart.
He advises PwC India and 
Axis Mutual Fund on real estate and 
serves as a strategic advisor for 
Cyrus Poonawalla Group’s financial 
services ventures.",47,0,0,NA,Mumbai_Mint_21-03-2026.pdf,55,99.4,57.5,50.0
BSD,20/03/2026,Bank may seek Chakraborty’s clarification on ‘concerns’,"The board of HDFC Bank may formally 
write to its former Part-Time Chairman 
Atanu Chakraborty, seeking clarifica￾tion on the concerns cited in his resig￾nation letter, sources aware of the 
development said on Thursday. Chak￾raborty, who resigned the previous day, 
did not elaborate on the reasons behind 
his concerns during the board meeting, 
despite directors asking him to do so.
In his resignation letter, Chakra￾borty said certain happenings and 
practices within the bank were not “in 
congruence” with his personal values 
and ethics.
Asked about the recourse the bank 
will take, Keki Mistry, who has been ap￾pointed as interim part-time chairman, 
said: “The board will, of course, be 
meeting in due course. The board will 
discuss how to take this forward.”
Chakraborty is a retired 1985-batch 
Gujarat-cadre Indian Administrative 
Service (IAS) officer with over 35 years 
in government service. He served as 
secretary, Department of Economic Af￾fairs in the Ministry of Finance. Chak￾raborty was appointed part-time 
chairman of HDFC Bank in 2021.
“There was a relationship issue be￾tween the bank management and the 
earler chairman, and that is what 
manifested in what happened yester￾day (Wednesday)”, a source said on the 
condition of anonymity. The source 
added that there is no governance 
issue, which is evident from the fact 
that the Reserve Bank of India (RBI) 
has come out in support of the bank, 
saying there are no material concerns 
regarding governance or conduct at 
HDFC Bank.
Other board members were 
“baffled” by Chakraborty’s use of 
words in his resignation letter, as he 
was not ready to explain, when asked, 
the reason behind his usage of 
such words.
During an interaction with the 
media, Renu Karnad, non-executive 
director, HDFC Bank, said: “I had used 
the word baffling in the morning (in￾vestor call), and the reason was that Mr 
Chakraborty had mentioned his com￾ments on ethics, and we had asked 
him to please elaborate, to please tell 
us what it was, because if there was 
anything, then we need to correct it. 
And every time we asked him that, his 
response was nothing”.
Sources said Mistry would hold the 
role for three months and is unlikely to 
seek a full-time position as part-time 
chairman, though he is expected to 
continue on the bank’s board. Mistry 
was serving as non-executive non-in￾dependent director on the bank’s board 
before being appointed interim part-time 
chairman of the bank.
On the media call, Mistry said: “… 
as far as I am concerned, my role is for 
three months. I would like to stabilise 
things as much as I can. At the end of 
three months, would I want to con￾tinue…? My feeling is no.”
Mistry also tried to calm stake￾holders and expressed confidence in 
the bank’s governance, saying there 
were no material matters, no specific 
instances, and no operational issues at 
the bank, and that none of the board 
members was aware of the issue that 
led to Chakraborty’s resignation.
“…I wish to assure all stakeholders 
that there are no material matters at 
this point of time. Based on our dis￾cussions, there were no specific hap￾penings and practices that were 
brought to our attention,” Mistry said 
on an analyst call, adding that there 
were no specific operational or other 
issues that have been highlighted.
He also stated that the bank’s board 
is fully committed to safeguarding in￾stitutional resilience and index of con￾fidence. “The bank operates with 
strong governance standards, robust 
internal controls, and an extremely ex￾perienced management team. Our 
strategic direction, business priorities, 
and execution capabilities continue to 
remain as always,” Mistry added.",45,0,0,NA,Mumbai_Mint_21-03-2026.pdf,55,93.9,50.5,50.0
BSD,20/03/2026,Not unusual for RBI to come out in support of a bank in trouble,"The Reserve Bank of India’s 
(RBI’s) decision to come out 
quickly and strongly in support of 
HDFC Bank on Thursday in the 
wake of sudden resignation of its 
part-time Chairman Atanu Chak￾raborty on late Wednesday even￾ing, was aimed at calming 
depositors and investors’ nerves. 
Such a move by the central bank 
is rare but not unusual.
Typically, the RBI does not 
talk about any individual organ￾isation that it regulates.
HDFC Bank — officially 
known as Domestic Systemically 
Important Bank (D-SIB) — is “too 
big to fail”. D-SIBs are subjected 
to greater scrutiny and higher 
capital requirements.
Only two other banks in India 
— country’s largest lender State 
Bank of India (SBI) and second-largest private sector lender ICICI 
Bank — are D-SIBs.
HDFC Bank, the largest 
private sector bank in the 
country, has a deposit base over 
~27.5 trillion and loan book of 
over ~28.6 trillion. It had 100 
million customers at the end of 
December 2025.
Commenting that it has taken 
note of the recent developments 
in HDFC Bank, the RBI said: 
“HDFC Bank is a D-SIB with 
sound financials, professionally 
run board, and competent man￾agement team.”
Recently, when another pri￾vate sector lender, IDFC First 
Bank, was hit by a fraud in one of 
its branches in Chandigarh, RBI 
Governor Sanjay Malhotra had 
said there was no systemic issue 
with the bank. He said this while 
responding to a query from the 
media in New Delhi.
Way back in 2008, when ru￾mours surfaced about trouble in 
ICICI Bank, the RBI came out with 
a statement saying the bank has 
sufficient liquidity and will be 
able to meet requirement of the 
depositors. Following the clarifi￾cation, rumours evaporated, and 
the share price recovered.
Similarly in 2020, when Yes 
Bank was facing trouble, the cen￾tral bank came out with a state￾ment saying depositors’ money is 
safe and the bank is being closely 
monitored. Yes Bank put in place 
a new board and chief executive 
officer (CEO), which took the 
bank out of trouble.
In the last 25 years at least, 
it was ensured by the banking 
regulator that no depositor of any 
commercial bank lost their 
hard-earned savings.",50,0,0,NA,Mumbai_Mint_21-03-2026.pdf,55,39.9,52.3,50.0
BSD,20/03/2026,"Governance, ethics come above everything else: HDFC Bank","&Following the resignation of Atanu Chakraborty as part-time chairman of HDFC Bank, the 
lender’s leadership has moved to address stakeholder concerns. The management and board, 
comprising Managing Director and Chief Executive Officer (CEO) Sashidhar Jagdishan; 
Deputy Managing Director Kaizad M Bharucha; Executive Directors Bhavesh Zaveri and V Srinivasa 
Rangan; Interim Part-Time Chairman Keki Mistry; and other board members talked to the media on the 
bank’s governance, stability, and direction. Edited excerpts:
In his resignation letter, former 
part-time chairman, Atanu 
Chakraborty said, certain happen￾ings and practices within the bank 
were not “in congruence” with his 
personal values and ethics
Keki Mistry, interim chairman, 
HDFC Bank, said that he would not 
have taken on the responsibility at 
the age of 71 if it did not align with 
his principles and the level of 
integrity he expects from the bank
Did the board ask Chakraborty 
to reconsider the language in 
his letter of resignation?
n Mistry: Chakraborty was 
asked by board members about 
his specific complaints or 
concerns, but he said that there 
were none.
What will the bank do about 
the reputation factor this 
incident has brought in?
n Mistry: As the management 
team and board, we stand 
united. The management will 
be speaking to all major 
shareholders during the next 
one or two days. Whatever fears 
are there in people’s mind will 
be addressed. I don’t believe 
that there is any governance-related issue in the bank. 
Getting the trust of investors 
back is a matter of time and I am 
sure people will understand.
The RBI has issued a clarification (in 
which it has) expressed 
satisfaction with the way the 
bank is being run.
In such a time, can the board 
afford to have a different CEO?
n Mistry: The nomination and 
remuneration committee will 
meet in a month or so and put in 
its recommendation, which will be 
approved by the board and sent 
to the RBI.
On the matter of Chakraborty’s 
resignation, the word 
“baffling” was used. Does that 
indicate a failure of internal 
communication at the highest 
level?
n Mistry: The reason the word 
was used is that we have not 
understood what led to this 
kind of a reaction from the 
chairman. There are routine 
issues that happen in every 
large organisation, but there is 
nothing else from the governance 
standpoint.
Did the RBI seek clarification 
from the bank after the 
resignation?
n Jagdishan: Two wholetime 
members and two independent 
directors yesterday 
(Wednesday) briefed the RBI on 
the matter. The RBI has been 
supportive and the testimony 
to this is that it gave approval to 
the appointment of the new 
interim part-time chairman 
quickly. This is because it has 
a fair measure of confidence and 
support in the institution.
The RBI followed up today 
(Thursday) with a statement. 
This should give comfort 
to investors, domestic 
and global.
Is there any issue bank wants 
to correct later? Or there is no 
issue at all?
n Mistry: There is no issue 
that the RBI has flagged and 
told us to address.
Has there been any assessment 
as to how this can affect 
deposit mobilisation? Or 
can it lead to a flight in 
deposits?
n Mistry: We monitor 
deposits all the time. There is no 
governance issue in the bank 
from a financial perspective 
and, for that matter, from any 
perspective. And therefore to 
my mind, the deposit-mobilisation plan is on 
schedule and it’s something the 
board will keep managing.",50,0,0,NA,Mumbai_Mint_21-03-2026.pdf,55,98.4,55.8,50.0
BSD,20/03/2026,Corporate governance experts seek more clarity on Chakraborty’s exit,"Corporate governance experts 
have demanded that an 
independent directors’ 
committee of HDFC Bank be 
formed to investigate the 
circumstances surrounding the 
exit of former part-time chair￾man Atanu Chakraborty.
While proxy advisors main￾tain there are no immediate 
governance concerns at the 
bank, the ambiguity of Chakra￾borty’s resignation letter has 
triggered speculation among 
investors.
Shriram Subramanian, 
founder of the proxy advisory 
firm InGovern, said the current 
management commentary is 
neither straightforward nor 
convincing. He stressed that 
statements from the current 
interim chairman and CEO 
are insufficient to assuage 
investor concerns.
“The board needs to appoint 
an independent directors’ com￾mittee to determine exactly 
what transpired and provide 
clarification,” Subramanian said.
“We are not clear whether the 
issue is a personality issue or 
whether there are any underlying issues. If it is a personality 
issue, the company should be 
upfront about it. If they want to 
call out Atanu Chakraborty, it is 
fine, but it has to be by that com￾mittee of independent directors.”
The cryptic nature of the res￾ignation, has cast a shadow over 
the board’s internal workings, 
governance experts said.",40,0,0,NA,Mumbai_Mint_21-03-2026.pdf,55,41.0,54.6,16.1
BSD,20/03/2026,Bank board may approve Jagdishan reappointment,"Sashidhar Jagdishan’s continuance as HDFC 
Bank managing director and chief executive 
officer (MD & CEO) will be taken up for 
consideration in a month by the nomination 
and remuneration committee, a constituent 
of the lender’s board.
The proposal will then be sent to the 
Reserve Bank of India (RBI) for approval. The 
current term of Jagdishan ends in October.
According to RBI norms, a bank has to 
send to the regulator its board-approved rec￾ommendation on the top executive’s reap￾pointment five-six months before the term of 
the person ends.
It is during Jagdishan’s tenure that HDFC 
Bank took the big decision of merging into 
itself the erstwhile mortgage lender HDFC, 
which was the lender’s parent. The merger 
came into effect in July 2023.
During an analyst call on Thursday, Jag￾dishan said the best period of the bank would 
start now with growth returning to pre-merger levels.
“We are waiting for that opportunity 
(return of growth) to unveil and unravel,” 
Jagdishan said.
“... the economy probably is in a sweet spot 
amid turmoil in the world. The bank is now 
well positioned. We had a trajectory and are 
on that trajectory. I think you will see the kind 
of growth that we were used to pre-merger 
coming back,” he said.
Jagdishan dismissed reports of possible dif￾ferences of opinion with Deputy Managing Di￾rector Kaizad Bharucha, and said he was happy 
that Bharucha had been reappointed for three 
years from April this year.
“The fact that we were all unanimous in 
sending his name for another term reflects 
that, and we’re happy that approval has come. 
He’s going to be there for the next three years, 
which is going to be one of the best periods in 
the history of the bank,” Jagdishan said.
He was asked about a market speculation 
that he may not seek another term. Jagdishan 
said: “I have not expressed this kind of 
feeling to anyone, either to my own self or 
to the board.”
Following the reverse merger with HDFC, 
the bank calibrated its growth to bring down its 
elevated credit-deposit (CD) ratio. The bank in 
2024-25 (FY25) had significantly slowed its 
credit growth, and in FY26 it guided that it 
would grow in tandem with the industry. From 
FY27, the bank said, its growth would outpace 
the industry’s.
Jagdishan, who is in his second term, took 
charge of HDFC Bank in October 2020. He re￾placed Aditya Puri.
“As regards Sashi’s reappointment, the 
nomination and remuneration committee will 
consider it,” said Keki Mistry, who was HDFC 
vice-chairman, during a media call.
Mistry has been appointed interim part-time chairman after Atanu Chakraborty quit 
on Wednesday.
Mistry said Chakraborty’s resignation had 
nothing to do with Jagdishan’s reappointment.
Mistry said the bank’s board and management 
had tried to persuade Chakraborty, and he 
said he will continue to work with the team de￾votion that he has (shown) over these years.
Mistry said the reappointment of people in 
senior management was a regular process in a 
large organisation like HDFC Bank.
“We are a big group if you look at the life in￾surance, the general insurance, and the asset 
management businesses.”",55,0,0,NA,Mumbai_Mint_21-03-2026.pdf,55,99.7,64.6,50.0
BSD,20/03/2026,Eli Lilly not playing the discounts game for GLP-1,"Eli Lilly and Company is signalling a diver￾gence from a price-led playbook, position￾ing its therapy Tirzepatide as clinically 
superior, instead of matching the deep dis￾counts anticipated from generic rivals.
The decision comes as India is expected to 
witness a wave of low-cost generics trickle 
into the GLP-1 therapy market, as the 
patent for semaglutide expires today. The 
expiry is expected to intensify competi￾tion in the country’s growing diabetes and 
obesity market.
“Tirzepatide’s differentiation lies in its 
dual mechanism targeting both GIP and 
GLP-1 receptors compared to semaglu￾tide’s single-pathway GLP-1 action,” said 
Winselow Tucker, president and general 
manager, Lilly India. This has translated 
into stronger clinical outcomes, particu￾larly in weight reduction, which the com￾pany is leveraging as a key competitive 
advantage, he added.
Clinical data cited by the company 
showed that patients on Tirzepatide 
achieved average weight loss of over 20.2 
per cent, compared with around 13-14 per 
cent for semaglutide, reinforcing Lilly’s 
outcomes-driven positioning in an 
increasingly crowded market.
The strategy reflects a broader shift 
underway across the GLP-1 landscape. As 
first-generation therapies lose exclusivity, 
innovation cycles are accelerating toward 
multi-target drugs and more potent incre￾tin-based treatments rather than price 
competition alone. Lilly is advancing this 
playbook with a growing pipeline. Its late-stage portfolio includes oral GLP-1 candi￾date orforglipron and experimental 
tri-agonist retatrutide, both aimed at 
improving efficacy and convenience in 
long-term weight management.
Orforglipron, a non-peptide oral ther￾apy, has been submitted to regulators in 
more than 40 countries, with a US deci￾sion expected in 2026. The company said 
it plans to bring such innovations to India, 
subject to regulatory approvals.
Beyond commercial strategy, Lilly is 
also strengthening India’s role in its global 
innovation ecosystem. Its Hyderabad 
technology and innovation centre is 
focused on AI, automation and data 
science, while its Bengaluru site supports 
clinical trials, drug development and digi￾tal transformation.
India is also increasingly being lever￾aged for late-stage clinical studies, 
supported by its diverse patient pool. 
The company has committed over $1 bil￾lion to expand its global contract 
manufacturing network in the country 
over the coming years.
While cardiometabolic therapies 
remain central, Lilly is preparing to 
expand into other high-burden areas. A 
key milestone is the potential launch of 
donanemab for early Alzheimer’s disease, 
subject to regulatory approvals. With an 
estimated 8.8 million people living with 
dementia in India and numbers expected 
to double by 2036, the company said it is 
working to support early diagnosis and 
ecosystem readiness.
The rollout of semaglutide generics is 
set to broaden the market significantly, 
with more than a dozen drugmakers 
including Sun Pharmaceutical, Zydus 
Lifesciences, Alkem Laboratories and Dr 
Reddy’s Laboratories preparing to launch 
competing versions.
As the patent expires today, the 
branded formulations market could see 
the emergence of an additional ~1,000-
2,000 crore opportunity. More affordable 
alternatives are also expected to acceler￾ate the uptake of GLP-1 therapies, particu￾larly among patients with diabetes.
The opportunity is underpinned by 
India’s expanding patient pool. National 
Family Health Survey data suggested that 
nearly one in four Indians aged 15-49 years 
is overweight or obese, while the Indian 
Council of Medical Research’s INDIAB 
study estimates that over 101 million 
people are living with diabetes.
As the patent expires today, the 
branded formulations market could see 
the emergence of an additional ~1,000-
2,000 crore opportunity. More affordable 
alternatives are also expected to acceler￾ate the uptake of GLP-1 therapies, particu￾larly among patients with diabetes.
The opportunity is underpinned by 
India’s expanding patient pool. National 
Family Health Survey data suggested that 
nearly one in four Indians aged 15-49 years 
is overweight or obese, while the Indian 
Council of Medical Research’s INDIAB 
study estimates that over 101 million 
people are living with diabetes.",60,0,0,NA,Mumbai_Mint_21-03-2026.pdf,55,99.4,54.1,94.7
BSD,20/03/2026,Cos eye alternatives after CDSCO bans weight-loss drug ads,"Pharma industry executives say com￾panies may pivot to alternative out￾reach strategies for doctors after the 
Central Drugs Standard Control Organ￾isation (CDSCO) asked firms to refrain 
from advertising semaglutide-based 
weight-loss drugs.
This comes at a time when more 
than 50 generic brands are expected to 
hit Indian markets as 
the patent protection 
for semaglutide-based 
glucagon-like peptide￾1 (GLP-1) agonists 
expires on Friday.
GLP-1 agonists are a 
class of medicines that 
help regulate blood 
sugar, increase fullness 
(satiety), and slow 
stomach emptying, 
leading to weight loss and improved 
glucose control in patients with type-2 
diabetes and obesity.
“The CDSCO has banned all adver￾tisements related to semaglutide or any 
GLP-1 drugs. Therefore, companies will 
have to adopt alternative methods to 
build awareness and educate stake￾holders about these medications,” an 
executive with a Delhi-based pharma 
company told Business Standard.
Sukhvinder Singh Saggu, director 
for minimal access, gastrointestinal 
(GI) and bariatric surgery at Delhi’s CK 
Birla Hospital, said that one approach 
will be organising conferences and 
continuing medical education (CME) 
programmes for doctors, along with 
improving patient support drives to 
influence prescriptions.
However, market watchers say the 
move came just weeks before the 
patent expiry. “Doctor-promotion and 
intimation of launch must have hap￾pened more than a month back,” said 
Sheetal Sapale, vice president (com￾mercial) at Pharmarack.
New launches in the injectable 
GLP-1 agonist segment, including tir￾zepatide and semaglutide, have seen a 
177 per cent rise in sales in the last one 
year on a moving 
annual turnover 
(MAT) basis — from 
~571 crore in February 
2025 to ~1,446 crore in 
February 2026.
Developed by 
Danish drugmaker 
Novo Nordisk, sema￾glutide is currently 
available in India as 
Ozempic, Wegovy, and 
Rybelsus. However, with the molecule 
losing patent protection, several Indian 
companies have begun aggressive 
promotion.
Jitendra Chouksey, founder and 
chief executive officer (CEO) at online 
fitness platform Fittr, said that despite 
the ban, there are still companies, 
influencers, and doctors running 
advertisements and promoting GLP-1 
drugs without any consequences.
“Before the launch of an innovator 
molecule, multinational corpor￾ations (MNCs) typically spend more 
than half a year on scientific educa￾tion of speciality and super-speciality 
doctors about the disease, patient 
profiling, and education,” a pharma 
analyst added",45,0,0,NA,Mumbai_Mint_21-03-2026.pdf,55,94.7,53.3,50.0
BSD,20/03/2026,‘Cybersecurity needs more than human intervention in AI age’,"The arrival of artificial intelli￾gence (AI) in the threat land￾scape has resulted in cutting 
down the time for a high￾damage ransomware to be 
launched within a couple of days 
from the earlier timeframe of a 
week or 10 days, said Nicole 
Quinn, the vice-president for 
policy and government affairs in 
the Japan and Asia Pacific region 
at Palo Alto Networks.
This shortened timeline has, 
in turn, meant that ensuring 
cybersecurity for all companies 
— especially startups and small 
and medium enterprises (SME) 
— can no longer be achieved 
solely through human interven￾tion, she said. “Traditionally, 
cybersecurity has always been 
bolted on as an afterthought. 
With AI now in the picture, star￾tups and SMEs have to think of 
cybersecurity from the start,” 
Quinn said, adding that most 
startups and SMEs often just 
focus on the product while losing 
focus on the environment, or 
ecosystem they operate in.
In countries such as India, 
where the scale of operations for 
most companies is larger than in 
other regions and geographies, 
AI needs to be deployed at an 
equal scale to ensure deep-rooted protection, she said.
Palo Alto Networks, among 
the world’s largest pure-play 
cybersecurity companies, 
believes India will need to strike 
a fine balance between fostering 
AI innovation and protecting 
individuals’ safety.
“I think a lot of it can be done 
by setting frameworks and guard￾rails. In cybersecurity, there is an 
element of recognising com￾panies and organisations that do 
the right thing. But there should 
be a set of standards and frame￾works that every company should 
be measured against,” Quinn 
said. These guardrails, despite 
companies following best 
cybersecurity practices, ensures 
the users’ trust in innovation and 
assures safety, she said.
Countries worldwide also 
need to agree on a common 
minimum set of cybersecurity 
safety standards, despite indi￾vidual nuances with respect to 
language and cultural differ￾ences, Quinn said. “Fundamen￾tally, we are all trying to do the 
same thing, which is to secure 
enterprises, citizens and our 
economic future. Though invest￾ment in cybersecurity can some￾times be challenging, companies 
need the regulatory stick to 
ensure that there is money being 
put to ensure safety,” she said.",55,0,0,NA,Mumbai_Mint_21-03-2026.pdf,55,99.3,53.7,19.7
BSD,20/03/2026,"SaaS complements AI, does not compete with it: ProHance CEO","&Workforce analytics platform ProHance says software-as￾a-service (SaaS) companies are feeling the heat due to the 
impact of artificial intelligence (AI). Chief Executive 
Officer (CEO) Ankur Dhingra tells Avik Das on the sidelines of NTLF 
2026 the only way SaaS can survive is to understand the business 
model and have greater depths in customer relationships to navigate 
this ecosystem. Edited excerpts:
What is your take on the recent 
controversy surrounding your 
software that Cognizant is 
monitoring its employees 
through it?
n There needs to be an empir￾ical telemetry or a measurement 
system in place to really know 
what’s happening on the 
ground. Now clearly, sometimes 
that technology gets miscon￾strued as monitoring.
But the whole idea is that the 
way the technology is archi￾tected is that the end user, who 
controls it, can turn it off like 
Fitbit. And the idea is not an 
individual level micromanage￾ment. It is to really make broader 
operational decisions.
I do not want to comment on 
what Cognizant said. That was 
their point of view. The technol￾ogy provides high quality 
measurement. It tells you if you 
are spending time in areas which 
matter to the business. It also 
helps you sharply define your 
time zone. With this technology, 
one can design his own workday.
Which are some of those areas 
in SaaS that are being impacted 
by AI?
n All the content-related SaaS 
is getting eaten up. A lot of the 
travel-related SaaS is also facing 
the same fate. SaaS, which is 
more B2C (business-to-con￾sumer), will face greater stress. 
B2B (business-to-business) is a 
much more nuanced discussion 
in terms of what you are trying to 
do. And it’s not like SaaS com￾panies are also building a lot of 
agentic AI solutions. But like in 
most things with AI, there will 
be parts of SaaS that will get 
impacted. This is an opportun￾ity to play offence and defence at 
the same time.
What are your growth plans?
n Over the last seven years, 
we’ve grown at a compound 
annual growth rate (CAGR) of 
25 per cent. And we are one of 
the few SaaS companies that 
was bootstrapped before this 
ChrysCapital took a majority 
position in us. We are fairly 
confident of growing at more than 
30 per cent.
Which are some of those areas 
where SaaS can score over AI?
n I think they’re not competing 
but complementing. AI can 
actually strengthen sometimes 
the SaaS offering and they can 
reduce their cost and become 
stronger. However, some of the 
SaaS which are commoditised, 
AI might offer that service for 
free, or LLMs will provide sub￾scription services. So, there will 
be the black holes, and if you are 
solving something which is very 
close to it, you will just get 
sucked. The idea is to move 
away from it if you're just doing a 
plain vanilla thing.",55,0,0,NA,Mumbai_Mint_21-03-2026.pdf,55,99.5,57.4,50.0
BSD,20/03/2026,"Škoda Auto India keeps foot on the pedal, targets 10-12% growth","Škoda Auto India expects to grow its 
volume sales by 10–12 per cent in 2026, 
outpacing the broader passenger vehicle 
(PV) market despite a high base created 
by its record performance last year, its 
Brand Director Ashish Gupta told Busi￾ness Standard on Thursday.
The outlook comes even as the 
ongoing conflict in West Asia is impact￾ing supply chains and demand senti￾ment. “So far, our production is not 
affected. But every day the situation pro￾longs, it does bring risks in terms of ship￾ments getting delayed,” Gupta said, 
adding that rising crude oil prices could 
also weigh on consumer sentiment.
He flagged energy availability and 
logistics disruptions as key concerns if 
the crisis continues, observing that costs 
could rise if components need to be air￾lifted instead of shipped.
The automobile (auto) company had 
a record year in 2025, with sales more 
than doubling to 72,665 units from 35,166 
units in 2024, driven largely by strong 
demand for the Kylaq sub-4-metre sport 
utility vehicle (SUV). Gupta acknowl￾edged that such sharp growth would be 
difficult to sustain. “Last year was a 
blockbuster year for us with about 100 
per cent growth… I know that that kind 
of growth is not possible to maintain,” he 
said, while reiterating the company’s 
aim to stay ahead of industry growth.
For the broader industry, Gupta 
expects more moderate expansion in 
2026. PV sales in India touched about 
4.55 million units in 2025, and early indi￾cators for 2026 remain strong, with 
January and February registering nearly 
10 per cent year-on-year growth. How￾ever, he expects the pace to normalise as 
the year progresses. “On a very high base 
of 2025, 4–5 per cent growth is what I 
expect the industry to end up with this 
year,” he said, cautioning that geopoliti￾cal uncertainties could alter the outlook.
On the proposed India–European 
Union free trade agreement (FTA), 
Gupta said the benefits for carmakers 
would be gradual and limited in terms of 
volumes. Duty reductions would be 
spread over five years and apply only to 
vehicles above a minimum cost, insur￾ance, and freight value of €15,000, which 
translates into ~16–18 lakh. “Beyond that 
price point, the Indian market anyway 
starts thinning out in terms of volume,” 
he said, adding that while premium car 
sales could rise from current levels, they 
are unlikely to see exponential growth.
He also emphasised that the FTA 
should be seen as a two-way opportun￾ity. While it could allow automakers to 
bring in global models, it may also make 
exports from India to Europe more 
viable over time as regulatory standards 
converge. “It is a two-way trade that will 
help both economies,” Gupta said, 
though he added that the company is yet 
to undertake a detailed analysis of export 
feasibility to Europe.
Currently, Škoda Auto India exports 
completely knocked-down kits to 
Vietnam for local assembly and also 
ships vehicles to markets in West Asia. 
The company is exploring further 
opportunities in neighbouring South 
Asian Association for Regional Cooper￾ation countries such as Nepal and Sri 
Lanka, he said.
Škoda Auto India unveiled the face￾lifted Kushaq in January, marking the 
SUV’s first major mid-cycle update since 
its debut. The model sits in the midsize 
(C-segment) SUV category in India and 
competes with rivals such as the Hyun￾dai Creta, Kia Seltos, and Volkswagen 
Taigun in a highly competitive segment.
Škoda is continuing to expand its 
retail footprint in India. It increased its 
network from 240 touchpoints across 
140–145 cities at the start of 2025 to 325 
touchpoints in 183 cities by year-end, 
covering 82–83 per cent of the market. 
In 2026, it plans to extend its presence 
to 200 cities with about 350 touchpoints, 
targeting incremental reach in smaller 
markets.
On February 28, Israel and the US car￾ried out military strikes on Iran, trigger￾ing a wider conflict in West Asia. Iran 
responded with missile and drone 
attacks. The conflict has disrupted key 
shipping routes, forced the closure of a 
large chunk of regional airspace, raised 
oil prices, and created risks for global 
trade and supply chains.",55,0,0,NA,Mumbai_Mint_21-03-2026.pdf,55,98.3,51.4,97.0
BSD,20/03/2026,Aditya Khaitan resigns from Kilburn Engineering board,"Aditya Khaitan (pictured), a member 
of the promoter family of Kilburn 
Engineering, has stepped down from 
the company’s board, it said on 
Thursday. The move follows the res￾ignation of Amritanshu Khaitan from 
the board of group firm McLeod 
Russel, the tea producer.
Aditya Khaitan had resigned as 
non-executive director due to other 
commitments with effect from 
March 19, Kilburn said in a 
regulatory filing.
Khaitan’s resignation letter men￾tioned that he was resigning as a non-executive director of Kilburn 
Engineering with immediate effect 
in order to devote more time to his 
other endeavours. The younger son 
of Brij Mohan Khaitan and Amritan￾shu’s uncle is the chairman and 
managing director of the country’s 
largest bulk tea producer. The back-to-back boardroom changes at the 
two companies — McLeod and Kil￾burn — signal a demarcation of oper￾ational control and governance 
within the promoter group.",50,0,0,NA,Mumbai_Mint_21-03-2026.pdf,55,35.2,48.4,14.7
BSD,20/03/2026,MobiKwik to double down on payment devices biz,"Fintech firm MobiKwik is eyeing mon￾etisation from merchant payment 
acceptance devices as the company 
plans to double down on deployment 
of soundboxes and electronic data 
capture (EDC) machines this year, a 
senior company executive said.
The Gurugram-based company 
plans to scale up the category in 2026, 
targeting an initial contribution of 
about 10 per cent to its top line, 
Mobikwik Cofounder and Chief 
Financial Officer Upasana Taku told 
Business Standard.
“We have a focused approach in 
terms of geographies and the quality 
of merchants and the sectors that we 
want to acquire. We can either deploy 
a soundbox or an EDC machine there, 
both of which are profit-and-margin￾driving products. We can make a good 
rental income there,” she said.
She explained that eventually the 
focus on servicing high quality mer￾chants beyond India’s Tier-I sector 
would open opportunities for cross￾selling financial services such as 
merchant loans. MobiKwik has a 
base of more than 186.6 million reg￾istered users and over 4.79 million 
merchants.
“Most of this year, we will go and 
build out. And in that build out, the 
cost will be there, the GMV (gross 
merchandise value) will go up, the 
revenue will follow. Eventually, this 
business will break even over a period 
of time,” she said.
Taku explained that a soundbox 
yields a rental income over two 
years, whereas an EDC machine does 
so over a three-year period.
She explained that part of the 
company’s initial public offering 
(IPO) proceeds would be utilised to 
fund this business as the company 
plans to scale it up.
“We had already raised ~70 crore 
in our IPO for this business. Out of 
which, only about ~8-9 crore has been 
utilised. We will utilise the balance 
amount,” she said, adding that it was 
a cost-intensive business that 
requires a team of feet-on-street 
staff.
MobiKwik was listed on the 
stock exchanges in December 2024.
The focus on offline merchant 
acquiring comes at a time when the 
market is dominated by players 
such as PhonePe and Paytm. Taku 
explained that towns in India’s Tier-III presented a window of oppor￾tunity to grow the business despite 
the dominance of incumbents. “We 
will not go as a third device (for a 
merchant). But, one thing one 
should understand is anyone who 
has two (acceptance devices), may 
also have dissatisfaction from time 
to time. This can either be with the 
device or with the relationship 
manager, and merchants look for 
replacements,” she said.
The company had posted a con￾solidated net profit of ₹4.04 crore in 
the third quarter of financial year 
2025-26 (Q3FY26), after it had 
reported a wider net loss of ₹53.18 
crore in Q3FY25.
MobiKwik’s revenue from oper￾ations grew 7.22 per cent to ₹288.94 
crore in Q3FY26, compared with ₹269.47 
crore in Q3FY25. On a quarter-on-quarter 
basis, revenue rose 6.93 per cent 
from ₹270.21 crore in Q2FY26.",60,0,0,NA,Mumbai_Mint_21-03-2026.pdf,55,85.0,53.5,85.6
BSD,20/03/2026,Qcom boom reshapes packaged food mkt,"India’s packaged food and bever￾ages market is entering a new 
phase of growth, projected to 
expand to over $150 billion from 
about $100 billion by 2030, accord￾ing to consulting firm Redseer’s 
latest report, “Reinventing Pack￾aged F&B with Quick Commerce.”
Within this evolving landscape, 
the quick commerce (qcom) chan￾nel alone is expected to scale from 
$4 billion today to more than $25 
billion in gross merchandise value 
(GMV) by 2030, driven by rising 
demand for speed, convenience, 
and high-frequency consumption.
“Qcom is emerging as a struc￾tural force in the packaged food 
and beverages market, driven by its 
ability to capture demand at the 
point of intent,” said Mrigank Gut￾gutia, partner, Redseer Strategy 
Consultants. “What was once seen 
primarily as a distribution channel 
is now starting to shape category 
strategy, innovation priorities, and 
investment decisions across the 
ecosystem. For brands, operators, 
and investors, this marks a funda￾mental shift in how growth will 
increasingly be built and realised.”
Qcom has moved well beyond 
being a last-minute fulfilment 
channel. With over 50 million 
monthly users across over 250 
cities, it is beginning to influence 
everyday purchase behaviour. Its 
share in the packaged food and 
beverage (F&B) market is expected 
to rise from about 4 per cent today 
to nearly 15-20 per cent by 2030, 
growing significantly faster than 
other formats and steadily taking 
share from them.
Consumers are becoming more 
deliberate in their food choices, 
with younger cohorts driving 
demand for higher-protein and 
cleaner-label products.",70,0,0,NA,Mumbai_Mint_21-03-2026.pdf,55,95.4,58.1,96.0
BSD,20/03/2026,Govt launches ~497 crore scheme to aid exporters,"The government on Thursday unveiled a 
scheme, Resilience & Logistics Interven￾tion for Export Facilitation (RELIEF), 
worth ~497 crore to assuage some of the 
challenges related to “extraordinary 
freight escalation, heightened insurance 
premia and war-related export risks” that 
Indian exporters have been grappling with 
due to the West Asia war.
The commerce and industry minis￾try called the scheme “time-bound and 
targeted intervention” and 
launched it under the Export 
Promotion Mission (EPM).
Escalating security con￾cerns around the Strait of Hor￾muz due to the United 
States-Israel war with Iran 
have led to vessel diversions, 
longer sailing routes, conges￾tion at transshipment hubs 
and emergency conflict-linked 
surcharges. This has not only resulted 
in higher logistics costs but has also cre￾ated operational uncertainty for export 
consignments moving to or through the 
region.
“Our exporters who have been ex￾porting to the Middle East (West Asia) 
are facing certain challenges. There 
have been instances where their ex￾ports, which were meant for some of 
the countries in the Middle East, have 
not been able to reach their destina￾tions. Their future exports are also get￾ting impacted. There is a sense of worry 
among the exporters,” commerce secre￾tary Rajesh Agrawal told reporters in a 
briefing.
Cargo accumulation at ports and air￾ports with perishable shipments has 
been affected the most. Ministry of 
Micro, Small and Medium Enterprises 
of India (MSME) exporters have been 
hit the hardest – with payment delays, 
working capital stress and limited abil￾ity to pass on cost increases.
Lav Agarwal, director general of for￾eign trade (DGFT), said that the cali￾brated support package was needed to 
stabilise export flows and protect India’s 
market share during this crisis. Ship￾ping lines and insurers have introduced 
additional war-risk premiums, 
and emergency conflict sur￾charges. For instance, during 
the Red Sea crisis in FY24, 
freight rates on key routes rose 
nearly 90-100 per cent within a 
short period, he said.
“Through RELIEF, the gov￾ernment aims to mitigate the 
immediate impact of logistics 
disruptions, protect exporter 
confidence, prevent order cancellations 
and safeguard employment in export￾linked sectors. The intervention also re￾inforces India’s commitment to 
maintaining resilience and competitive￾ness in global trade during periods of 
uncertainty,” the official statement 
said.
Key components
The scheme will be implemented by 
state-owned export credit agency ECGC 
Ltd, which will handle verification, 
claim, settlement and disbursement. 
Exports to or via countries such as the 
United Arab Emirates (UAE), Qatar, 
Oman, Bahrain, Kuwait, Israel, Iraq, 
Iran, Yemen are covered.
The RELIEF scheme is a three-com￾ponent package for — the already in￾sured exporters, upcoming exports to 
the Gulf region and non-ECGC 
MSME exporters.
Exporters who have already ob￾tained ECGC credit insurance cover for 
eligible consignments will benefit from 
up to 100 per cent risk coverage, over 
and above the existing ECGC cover, 
during the eligible period — February 
14, 2026 to March 15, 2026 — thereby en￾suring enhanced protection without ad￾ditional financial burden. The 
estimated support from the govern￾ment will be ~56 crore.
In case of exporters planning future 
consignments, during the next three 
months — from March 16, 2026 to June 15, 
2026 — they will be encouraged to obtain 
ECGC cover with government support for 
up to 95 per cent risk coverage, over and 
above the existing ECGC cover. This will 
help sustain exporter confidence and fa￾cilitate continued shipment flows despite 
logistics uncertainties. The estimated sup￾port will be ~159 crore.
In case of MSME exporters that may 
not have availed credit insurance from 
February 14, 2026 till March 15, 2026, 
but are facing extraordinary freight 
and insurance surcharge burdens, the 
scheme includes a partial reimburse￾ment of up to 50 per cent. The esti￾mated support will be ~282 crore. “This 
support will be extended subject to 
prescribed conditions, documentary 
verification and notified ceilings (up to 
~50 lakh per exporter), and is intended 
to provide timely relief against con￾flict-related logistics cost escalation,” 
the statement said.",55,0,0,NA,Mumbai_Mint_21-03-2026.pdf,55,99.6,53.5,81.1
BSD,20/03/2026,ICAI working with NFRA to identify probe overlaps,"The Institute of Chartered 
Accountants of India (ICAI) is 
working with the National Fi￾nancial Reporting Authority 
(NFRA) to identify overlap￾ping cases between the two 
bodies and ensure there are 
no redundancies, according 
to sources.
The idea behind the exer￾cise is to promote better coor￾dination between the two 
bodies. Sources said ICAI is 
expected to stop its investiga￾tions in matters where NFRA 
had also started 
a probe.
Some of the 
cases that the 
ICAI is looking 
into include 
Gensol, Blue￾smart, and In￾dusInd. These 
cases are also 
being probed by 
the NFRA.
The ICAI and NFRA have 
often been at loggerheads in 
the past, with the former cal￾ling for a pause in the revi￾sion process of audit 
standards to allow for a 
comprehensive review.
This was after NFRA had 
brought out revised Stan￾dards on Auditing 600 
(SA) for public consultations to 
address what it had found to 
be “the severely deficient 
quality and serious lack of 
due diligence” in Group Au￾dits in India.
The ICAI, however, felt 
that given the complexities 
of the Indian market, the 
revised standards will con￾centrate audit work in the 
hands of a few big firms.
Sources in the ICAI said 
that the unique regulatory 
architecture and profes￾sional environment in 
India require a careful con￾sideration of domestic 
needs before transplanting 
overseas standards.
ICAI’s Financial Repor￾ting Review Board (FRRB) 
had in April 2025 decided to 
review the financial state￾ments and the statutory 
auditor’s report of Gensol 
Engineering Ltd and BluS￾mart Mobility Pvt Ltd for 
the financial year 2023-24 
(FY24) on a suo 
motu basis.
The Secur￾ities and Ex￾change Board of 
India (Sebi) had 
referred the 
same matter to 
the NFRA for 
further inspection.
In case of IndusInd, the 
NFRA had launched a probe 
after receiving a complaint 
against accounting lapses in 
the bank through the Cen￾tralised Public Grievance 
Redress and Monitoring 
System (CPGRAMS).
The ICAI has also been 
on ICAI’s radar, but no final 
recommendation has been 
made yet.
In February, ICAI Presi￾dent Prasanna Kumar D 
had said that they had 
formed a special team to re￾view the top 10-15 public in￾terest cases, including 
Gensol Engineering and In￾dusInd Bank.",50,0,0,NA,Mumbai_Mint_21-03-2026.pdf,55,60.1,49.0,50.0
BSD,20/03/2026,"WTO ministerial meet set to focus on reforms, ecom","The World Trade Organisation’s 
(WTO’s) upcoming 14th ministerial 
conference (MC14) is set to see in￾tense discussions on key issues, in￾cluding reforms, e-commerce, 
fisheries subsidies and the long￾pending permanent solution on 
public stockholding.
The 14th MC will be held from 
March 26-29 at Yaoundé in Cameroon.
“This ministerial (conference) is 
broadly being termed as the reform 
ministerial (conference) because there 
are multiple issues that the countries 
have been nudging. Reform is not ex￾pected as an outcome of this minister￾ial (conference), but as a pathway for 
reforming WTO. That will be part of 
the agenda -- what can be the credible 
pathway, whether we should go to￾wards that pathway and whether the 
member (nations) should discuss re￾form as an agenda for coming out with 
certain solutions, suggestions for the 
next ministerial (conference),” a sen￾ior official said on Thursday.
India expects detailed discussions 
on the matter related to e-com￾merce as it is an evolving 
area of trade – and a 
matter that has been dis￾cussed for 28 years now.
Under a WTO mora￾torium, countries do not 
impose customs duties 
on cross-border e-com￾merce transactions. WTO 
member nations have periodically 
agreed to extend the moratorium 
and have been divided on the issue. 
Developing countries, such as 
India, have been battling for policy 
space to impose customs duties on 
electronic transmissions, holding 
that the moratorium has adversely 
impacted its revenue collections. De￾veloped countries, including the 
United States (US), Australia, want 
an extension of the moratorium.
During the 13th WTO ministerial 
conference in 2024, nations agreed to 
maintain the current practice of 
not imposing customs duties on 
electronic transmissions until the next 
ministerial conference scheduled for 
next week.
Officials in New Delhi 
believe that there is a need 
for a clear definition of 
goods under electronic trans￾mission, the official cited above said.
India is also expected to face 
pressure on the proposal on invest￾ment facilitation at the WTO, which 
has been agreed upon by 128 coun￾tries, including 27 countries from the 
European Union.
The China-led IFD proposal aims 
to enhance the transparency of in￾vestment regulations to make coun￾tries more efficient and attractive to 
foreign and national investors. Apart 
from an attempt to attract more for￾eign direct investment flows, the idea 
is also to aim for higher-quality in￾vestment at a time when many devel￾oping countries are grappling with 
weak growth, high inflation.
India has not joined the agree￿ment and has also opposed it as it 
will dilute the multilateral nature of 
the WTO. The group wants to bring 
the proposal through Annexure-4 of 
the WTO, under which the proposal 
would be binding only on the signa￾tory members and not on those who 
are opposed to it.
That apart, the matters related to 
the fisheries subsidies and the long￾pending permanent solution on 
public stockholding will also be dis￾cussed extensively, the official said.",50,0,0,NA,Mumbai_Mint_21-03-2026.pdf,55,99.2,55.4,50.0
BSD,20/03/2026,"~10,000 cr container scheme under appraisal: Sonowal","The government’s recently announced con￾tainer manufacturing scheme is currently 
being appraised, Union Minister of Ports, 
Shipping and Waterways Sarbananda So￾nowal informed Parliament on Thursday.
“The Government in Budget 2026-27 has 
announced a scheme for container manu￾facturing in India with a budget outlay of 
~10,000 crore aimed at creating a globally 
competitive container manufacturing eco￾system in the country through financial in￾centives to support establishment and 
expansion of container manufacturing 
units. The Ministry has initiated the process 
of appraisal of the Scheme,” he said.
Meanwhile, the parliamentary stand￾ing committee on commerce said that 
there is a growing need to bring containers 
under the Make in India initiative.",55,0,0,NA,Mumbai_Mint_21-03-2026.pdf,55,87.1,50.0,92.8
BSD,20/03/2026,CIL ramps up measures to ensure coal supply to all segments,"Amid the West Asia crisis affecting energy 
supplies nationwide, Coal India Limited is 
taking steps to ensure an uninterrupted coal 
supply to all categories of consumers, in￾cluding small and medium enterprises, as 
the government works to maintain energy 
security in changing demand conditions.
As part of its strategy, the company 
has scheduled 29 e-auctions in March 
2026, offering approximately 23.56 mil￾lion tonnes (MT) of coal. Of these, five 
auctions conducted since March 12 saw 
31.96 lakh tonnes booked against 73.1 lakh 
tonnes offered, indicating adequate 
availability of the dry fuel in the market, 
the Coal Ministry said on Thursday.
Business Standard earlier reported 
that small consumers in Delhi-NCR are 
actively shifting to alternative fuels such 
as coal as the supply of LPG is choked. 
Prices of retail coal surged by almost 50 
per cent in the informal market.
CIL, which accounts for 80 per cent of 
coal produced in the country, is supplying 
to small and medium consumers through 
the State Nominated Agencies (SNAs) 
route and has requested states to com￾municate any additional requirements, 
which it said can be fully met to avoid po￾tential shortages.
The supply push comes against the 
backdrop of comfortable coal availability 
across the system. Pithead coal stock at 
CIL mines stood at 125.54 MT as on 
March 18, 2026, up from 106.78 MT on 
April 1, 2025. Additional stocks include 
5.75 MT at Singareni Collieries Company 
Ltd, 15.75 MT at captive and commercial 
mines, 12 MT in transit, and 5.49 MT at 
ports and sidings.",55,0,0,NA,Mumbai_Mint_21-03-2026.pdf,55,62.9,48.4,50.0
BSD,20/03/2026,Fertiliser stocks enough for kharif season: Govt,"The Ministry of External 
Affairs on Thursday said that 
India remains in touch with 
several countries to source its 
fertiliser imports as it has a 
diversified base.
Sources said the 
government is in the process 
of procuring fertilisers from 
Russia, Morocco, Tunisia, 
Saudi Arabia and Jordan.
They said the government is 
reaching out to more 
countries to diversify India’s 
sourcing of fertilisers.
A senior official said that 
India has also decided to 
procure spot gas on a 
competitive basis and the 
first phase purchase will be 
over soon. The official also 
warned commentators to 
look at the factual situation 
and desist from uninformed 
speculation.
The government said that 
currently, India has adequate 
fertiliser stocks for kharif 
2026, while the Department 
of Fertilisers has also put out 
global tenders in 
anticipation of the current 
situation which has received 
a very good response.
The government expects 
the bulk of the imported 
quantities ordered from a 
variety of sources to arrive 
by the end of March.",55,0,0,NA,Mumbai_Mint_21-03-2026.pdf,55,87.9,56.0,87.8
BSD,20/03/2026,Gas-based power plants increasingly becoming impractical: NTPC chief,"Gas-based power generation assets are increasingly prov￾ing impractical, and current conditions have further rein￾forced that gas based systems may not be viable, NTPC 
Chairman Gurdeep Singh said on Thursday. 
He referred to the West Asia crisis which has led to concerns over gas 
availability for low priority sectors.
Speaking at the Bharat Electricity Summit on Thursday, 
Singh also referred to concerns over running thermal power 
projects at a low Plant Load Factor (PLF) to provide flexibility 
for renewable energy generation. “Going forward, we need 
to consider alternatives. This could include developing 
plants specifically designed for flexibility such as subcritical 
units that can be ramped up and down... daily,” Singh said. 
He added that instead of forcing existing plants for flexible 
load, which were not designed for such operations, focus 
should be on building new, flexible power units. Smaller units 
designed for such flexibility could also be grouped together 
for efficient operation, he said. “If this continues, we may 
eventually be forced to take some of these machines out of 
operation, which would be counterproductive,” Singh said.",45,0,0,NA,Mumbai_Mint_21-03-2026.pdf,55,75.5,48.7,3.6
BSD,20/03/2026,"India reaches out to Russia, Jordan for fertiliser sourcing","India on Thursday termed the attacks on 
energy installations in West Asia, especially in 
the Gulf region, as “unacceptable”, calling for 
these attacks to “cease” and saying that the la￾test poundings are a concern because they af￾fected the country's liquefied natural gas 
(LNG) sourcing. Officials said the supply of 
liquefied petroleum gas (LPG), oil and ferti￾lisers has been a matter of concern, and efforts 
are afoot to diversify their sourcing with sev￾eral vessels, including from Russia and Jordan, 
carrying these products set to dock at Indian 
ports in the next few days.
They said tenders have been issued to pur￾chase fertilisers from Russia, Morocco, 
Tunisia, Saudi Arabia, and Jordan.
India continues to buy oil from Russia.
The Department of Fertiliser (DoF) has 
also decided to procure spot gas on a 
competitive basis, and the first phase 
purchase will reach by Tuesday, the of￾ficials added.
In a phone call to the King of Jordan, 
Abdullah II, on Thursday, Prime Minister (PM) 
Narendra Modi discussed the “attacks on 
energy infrastructure in West Asia”, which he 
said are “condemnable and can lead to avoid￾able escalation”. India and Jordan stand in sup￾port of unhindered transit of goods and energy, 
the PM said in a post on social media.
Modi also had telephonic conversations 
with French President Emmanuel Macron, 
Oman's Sultan Haitham bin Tariq, and Malay￾sian PM Anwar Ibrahim. In his conversation 
with the Omani Sultan, Modi flagged the need 
for free passage through the Strait of Hormuz, a 
strategically key shipping lane.
External Affairs Minister (EAM) S Jaishan￾kar met UAE’s Minister of State for Interna￾tional Cooperation Reem Al Hashimy on 
Thursday afternoon, and also had a telephonic 
conversation with Israeli Foreign Minister Gi￾deon Saar. The two exchanged views on the on￾going West Asia conflict and its many 
repercussions, Jaishankar posted on social 
media. Of the 22 Indian-flagged merchant 
vessels stuck in the west of the Strait of Hormuz, 
nearly half a dozen are carrying LPG, sources 
said. “India and Oman stand for safe and free 
navigation through the Strait of Hormuz,” Modi 
said about his conversation with the Sultan of 
Oman. At a briefing on Thursday evening, Min￾istry of External Affairs (MEA) spokesperson 
Randhir Jaiswal said: “Couple of days back you 
saw that because of our engagement… and with 
talks and diplomacy with several of the stake￾holders, we were able to get two of our LPG 
ships through the Strait of Hormuz.”
New Delhi described the attacks against 
energy installations in different locations across 
the region, especially the Gulf countries, as 
deeply disturbing and that these “only serve to 
further destabilise an already uncertain energy 
scenario for the whole world”. Such attacks are 
unacceptable and need to cease, Jaiswal said.
Since Wednesday evening, Tehran 
has retaliated against an Israeli attack 
on Iran's strategic gas fields of South 
Pars, and attacked key energy infra￾structure in several Gulf nations, in￾cluding Qatar's LNG hub of Ras Laffan.
Qatar accounts for nearly 40 per cent of 
India's LNG requirement. Oman has also faced 
the brunt of the Iranian retaliation.
“India had previously called for avoidance 
of targeting civilian infrastructure, including 
energy infra, across the region,” Jaiswal said.
The attacks have caused global energy prices to 
increase further, he added.
The MEA spokesperson said Bangladesh, Sri 
Lanka, and the Maldives have sought help from 
India for their respective energy security. He 
said India is fulfilling its current obligations to 
Bangladesh, factoring in its own requirements.
On the fertiliser situation in the country, 
Jaiswal said the DoF had “put out global tenders 
well in time, in anticipation of the current situ￾ation”. “These have received a very good re￾sponse and we expect to have the bulk of the 
quantities ordered from a variety of sources by 
the end of March,” he said.
The MEA spokesperson said, “All our 
partners have assured us of uninterrupted 
supplies, and we hope to attain and maintain 
comfortable stocks of fertilisers by the time 
kharif demand peaks by May 15.”",50,0,0,NA,Mumbai_Mint_21-03-2026.pdf,55,97.5,54.6,3.9
BSD,20/03/2026,$2.2 trn power push: PM invites global investors,"India presents a massive invest￾ment opportunity across the 
power and energy value chain, 
with an estimated $2.2 trillion 
needed over the next two dec￾ades. At the Bharat Electricity 
Summit 2026 in New Delhi on 
Thursday, Prime Minister Nar￾endra Modi invited the global 
community to invest in India.
“I invite the global commu￾nity to make in India, innovate 
in India, invest in India, and 
scale with India,” Modi said, ad￾ding that the country needs con￾siderable investment to 
modernise its power sector.
Speaking at the event, Power 
Secretary Pankaj Agarwal said 
India will require around $2.2 
trillion in investment over the 
next two decades to support the 
energy transition across sub￾segments of the sector.
He said India has built the 
“hardware” of the sector, includ￾ing generation capacity and 
transmission networks. “The 
next phase will depend equally 
on the software of the sector, in￾cluding regulatory frameworks, 
market design, pricing mechan￾isms, and institutional innova￾tion,” he said. This will require 
time-of-day tariffs, demand re￾sponse, and flexible generation, 
he added.
Addressing the audience, 
Power Minister Manohar Lal 
said India is planning to imple￾ment an undersea power trans￾mission cable network with the 
United Arab Emirates (UAE) as 
part of the One Sun, One World, 
One Grid initiative.
“If we create an undersea 
cable network with the UAE, a 
large part of the world can come 
together under this vision,” Lal 
said. On connectivity with other 
countries, he said India’s link 
with Sri Lanka is close to com￾pletion, alongside partnerships 
with neighbouring countries, in￾cluding Bhutan, Nepal, and 
Bangladesh, where power is al￾ready traded.
On connectivity with other 
countries, he said India’s link 
with Sri Lanka is close to com￾pletion, alongside partnerships 
with neighbouring countries, in￾cluding Bhutan, Nepal, and 
Bangladesh, where power is al￾ready traded.",70,0,0,NA,Mumbai_Mint_21-03-2026.pdf,55,98.0,50.5,81.5
BSD,20/03/2026,67% vacancies at UGC: House panel,"A standing committee of Parliament has flagged massive 
vacancies at the University Grants Commission (UGC), 
noting that more than two-thirds of its non-teaching posts 
remain unfilled. The panel said the shortage could hamper 
the commission’s ability to process grants, monitor univer￾sities and implement reforms under the National Educa￾tion Policy (NEP) 2020. “The Committee notes with 
concern the critical vacancy situation in UGC — 516 out of 
763 sanctioned non-teaching positions are vacant (67.6 per 
cent vacancy rate). This severely impacts UGC’s capacity 
to discharge its statutory functions, including monitoring 
thousands of universities, processing grant proposals, and 
implementing NEP 2020,” the panel said in its report.
The observations were made by the Department-re￾lated Parliamentary Standing Committee on Education, 
Women, Children, Youth and Sports in a recent set of re￾ports reviewing higher education funding, student loan 
schemes and related programmes.
The panel recommended a time-bound recruitment 
drive to substantially reduce vacancies by FY27. “The Com￾mittee recommends that UGC should take all necessary 
steps to fill up vacant positions in a time-bound manner, 
with a target of at least 75 per cent vacancy reduction by 
March 2027,” the report added.",40,0,0,NA,Mumbai_Mint_21-03-2026.pdf,55,68.1,52.8,1.5
BSD,20/03/2026,Central banks hawkish but cautious in shadow of war,"Top central banks struck hawkish tones 
as the Iran war drove energy prices 
sharply higher but acknowledged that 
the sheer uncertainty over the impact on 
the global economy called for caution in 
their next policy moves.
In a rare coincidence of the monetary 
policy diary, central banks of the United 
States, Japan, Britain, Canada and the 
euro zone - effectively the Group of 
Seven (G7) nations - convened this week, 
as have counterparts from several 
emerging economies.
Having barely tamed a commodities-led inflation spike after Russia's full-scale invasion of Ukraine in 2022, 
policymakers are determined to rein in 
any new price pressures without derail￾ing still-patchy economic growth.
The US Federal Reserve and the Bank 
of Canada on Wednesday both opted to 
hold interest rates steady, as did the 
Bank of Japan on Thursday. Yet they 
made clear they are on alert, wary that 
rising energy prices could spark a fresh 
wave of inflation.
“In the near term, higher energy 
prices will push up overall inflation, but 
it is too soon to know the scope and dur￾ation of the potential effects on the econ￾omy,” Federal Reserve Chairman 
Jerome Powell said after the Fed’s 11-1 
decision to hold rates in the 3.50 per 
cent -3.75 per cent range.
Yet Powell’s reluctance to say that 
risks of a weakening job market posed a 
greater risk to the Fed’s objectives than 
inflation helped push market rate-cut 
expectations into 2027.
In Tokyo, Bank of Japan Governor 
Kazuo Ueda said the BOJ would not rule 
out a near-term rate hike if the expected 
hit to growth from surging oil costs 
proves temporary, and does not derail 
progress in durably hitting the bank's 
price target.
“We need to be mindful that recent 
developments come at a time when 
companies are already actively pushing 
up prices and wages, which suggests 
they could pass on costs more aggres￾sively than after the war in Ukraine,” 
Ueda told a news conference.
Bank of Canada Governor Tiff Macklem 
struck a similar note: “If energy prices 
stay high, we will not let their effects 
broaden and become persistent inflation,” 
he said.
Banks around the world
warn of inflation risks
Earlier this week the Reserve Bank of 
Australia hiked rates to a 10-month high 
and warned of a “material” risk to infla￾tion from the oil price spike.
Even Brazil’s central bank, with one of 
the highest rates of all major economies, 
opted for a cautious 25-basis-point cut to 
a benchmark 14.75 per cent rate - a 
smaller cut than initially expected.
On Thursday both the Swiss National 
Bank and Sweden's Riksbank kept policy 
rates on hold, flagging the uncertainty of 
how the war will end up impacting the 
economy. The European Central Bank 
left interest rates unchanged as expected 
but signalled it was closely watching 
growth and inflation risks from surging 
oil prices and was ready to act, if that 
became necessary.
The Bank of England also voted 
unanimously to keep borrowing costs on 
hold at 3.75 per cent. Analysts expect the 
rate path to remain bumpy with no clear 
end in sight to the conflict that could 
upend global supply chains, jolt finan￾cial markets and hurt corporate senti￾ment.
“This latest escalation feels like a 
turning point for markets because the 
conflict is no longer just about military 
headlines or Strait of Hormuz closure,” 
said Charu Chanana, chief investment 
strategist at Saxo in Singapore.",35,1,0,NA,Mumbai_Mint_21-03-2026.pdf,55,9.0,54.6,23.7
BSD,20/03/2026,Accenture forecasts quarterly revenue below estimates,"Accenture forecast 
quarterly revenue below 
estimates on Thursday, 
as clients remain cau￾tious on spending on large 
IT transformation projects 
amid an uncertain econ￾omic environment.
Shares of the Dublin, 
Ireland-based company 
were down more than 3 
per cent in premarket 
trading.
The company has 
been navigating a chal￾lenging economic 
environment, as clients 
delay large digital trans￾formation projects and prioritise cost 
control and short-term initiatives.
Accenture expects a 1 per cent rev￾enue hit for fiscal 2026 from a slowdown 
in its federal business as agencies are 
reining in spending and redirecting 
budgets.
Analysts have said AI should support 
growth over the long term, but weak 
demand due to cautious client spending 
is unlikely to fully recover before 2028.
The company expects fiscal third-quarter revenue 
between $18.35 billion and $19.00 billion, with the 
midpoint slightly below analysts’ average estimate of 
$18.72 billion, according to data compiled by 
LSEG.
Accenture said its forecast reflects the com￾pany’s best view of the potential impact of the conflict in the Middle 
East.
The company’s rev￾enue rose 8.3 per cent to 
$18.04 billion for the second quarter, beating estimates of 
$17.84 billion.
Accenture reported a profit of 
$2.93 per share, compared with $2.82 per 
share in the same quarter last year.
New bookings, a metric that measures 
future revenue based on contracts, rose 
6 per cent to $22.1 billion in the second 
quarter.",40,0,0,NA,Mumbai_Mint_21-03-2026.pdf,55,81.2,54.2,1.3
BSD,20/03/2026,HSBC mulls deep job cuts from multiyear AI-fuelled overhaul,"HSBC Holdings Plc is weighing deep job 
cuts over the coming years as Chief 
Executive Officer Georges Elhedery bets 
on AI to shrink its middle and back 
offices, one of the first signs of how 
the technology could reshape Wall Street 
workforces.
Non-client facing roles in global service centres are among those expected to 
be most impacted although the assessment 
is at an early stage, according to people 
familiar with the matter, who asked not 
to be identified discussing preliminary deliberations. The changes 
could ultimately impact around 20,000 
roles - or about 10 per cent of its total 
workforce, one of the people said.
A spokesperson for HSBC declined to 
comment. The bank’s shares slid 2 per 
cent as of 8:36 am in London.
Elhedery has carried out a radical 
restructuring of the lender since taking 
the helm in 2024. He’s already cut thou￾sands of jobs, while selling some businesses and closing others.
The bank had around 210,000 
employees at the end of 2025. The assessment 
includes roles where HSBC won’t replace staff, 
one of the people said.
Global banks could eliminate as 
many as 200,000 positions in the next 
three to five years as AI encroaches on 
tasks currently carried out by humans, 
according to a Bloomberg Intelligence report last year.
Chief information and technology officers surveyed by BI indicated that on average they 
expect a net 3 per cent reduction in workforce, 
according to the report.
The HSBC cuts would take place as part of a medium-term plan spanning three to five years, one of the people familiar said.
The potential cuts may lower annualised group expenses 
by 5 per cent to 6 per cent.
Elhedery has also attempted to drive 
a cultural change as the bank grapples 
with competition from local and international rivals.
It’s moving toward a more Wall Street-style compensation 
model, in which top performers share a 
larger part of the bonus pool, while underperformers are pushed to look for 
opportunities outside of the company.
The chief executive has also doubled down on his predecessor’s Asia-pivot strategy by taking private its Hong Kong subsidiary Hang Seng Bank Ltd, a major bet on 
growth in the Asian financial hub.
HSBC said recently it expects to achieve a $1.5 billion cost-savings target in the first half of the year.",35,0,0,NA,Mumbai_Mint_21-03-2026.pdf,55,90.8,54.2,2.6
BSD,20/03/2026,Energy prices soar as Iran targets Qatar hub,"Energy prices surged on Thursday after 
Iran struck the world’s largest LNG 
complex — Ras Laffan Industrial City 
—- causing damage that Qatar said 
could take five years to repair, as the 
energy sector’s worst fears about the 
war launched by the US and Israel on 
Iran came true.
QatarEnergy CEO Saad al-Kaabi 
told Reuters that the state-owned gas 
company may have to declare force 
majeure on long-term contracts to Italy, 
Belgium, South Korea, and China after 
the attack meant a loss of around 
17 per cent of Qatar’s liquefied 
natural gas exports for between three 
and five years. Gas prices in Europe 
soared as much as 35 per cent on Thurs￾day and oil jumped as much as 10 per 
cent, before paring gains by mid-after￾noon.
“I never in my wildest dreams 
would have thought that Qatar 
be — Qatar and the region — in such an 
attack, especially from a brotherly 
Muslim country in the month of Rama￾dan, attacking us in this way,” al-Kaabi 
said.
Iran struck energy infrastructure 
across West Asia in retaliation against 
Israeli attacks on its gas facilities on 
Wednesday.
The aerial attacks 
also targeted a 
refinery in Saudi 
Arabia, forced the 
United Arab Emirates 
to shut gas facilities, 
and started fires at 
two Kuwaiti 
refineries as Donald Trump threatened 
retaliation if they persisted.
Leading nations in Europe, with 
Japan, said on Thursday they would act 
to stabilise energy markets and join 
“appropriate efforts” to open the Gulf’s 
oil chokepoint. The leaders of Britain, 
France, Germany, Italy, the Nether￾lands, and Japan issued a joint state￾ment urging “an immediate 
comprehensive moratorium on attacks 
on civilian infrastructure, including oil 
and gas installations”.
“We express our readiness to con￾tribute to appropriate efforts to ensure 
safe passage through the Strait. We will 
take other steps to stabilise energy mar￾kets, including working with certain 
producing nations to increase output,” 
they added.
Hegseth says Iran war not 
becoming a ‘quagmire’
US Defence Secretary Pete Hegseth 
pushed back against criticism the US 
war on Iran risked becoming a military 
“quagmire”.
“The media here — not all of it, but 
much of it, wants you to think, just 19 
days into this conflict, that we’re some￾how spinning toward an endless abyss 
or a forever war or quagmire,” Hegseth 
said at a news conference on Thursday.
“Nothing could be further from the 
truth.”
Hegseth said the US was “win￾ning decisively” — destroying Iran’s 
ballistic missile arsenal, their navy and 
submarines.
He declined to answer a 
question about a specific time frame, 
but said the US is “on plan” with a “clear 
set of objectives” and would end the 
conflict at a time of “the president’s 
choosing, ultimately.”
Hegseth cited the strikes against 
Kharg Island as an example of how the 
US could control Iran’s fate, warning 
Iran against targeting Arab countries.
“The United States military controls 
the fate of that country,” he said.
Hegseth also hit out at European 
allies, who have largely shunned Presi￾dent Donald Trump’s request to help 
police the Strait of Hormuz.
The Pentagon is seeking $200 bil￾lion in additional funds for the Iran war, 
a sizable amount that is certain to be 
met with questions from Congress, 
which would need to approve any new 
money.
The department sent the request to the White House, according to 
a senior administration official, who 
spoke on condition of anonymity to 
discuss the private information.
Asked about the figure at a press conference 
on Thursday, Defence Secretary Pete 
Hegseth did not directly confirm the 
amount, saying it could change.
“It takes money to kill bad guys,” Hegseth 
said.
Meanwhile, Iran’s armed forces command said strikes on Iran’s energy infrastructure had led to 
“a new stage in the war” in which it had attacked 
energy facilities linked to the United States.
“If strikes (on Iran's energy facilities) happen again, further attacks on your energy infrastructure and that of your allies will not stop until it is completely destroyed,” 
spokesman Ebrahim Zolfaqari said, according to state media.
Iran attacks Isarel’s Haifa
An Iranian missile attack hit Israel’s 
Oil Refineries in the northern port city 
of Haifa but did not cause “significant 
damage”, Israel’s Energy Ministry said 
on Thursday.
Energy Minister Eli 
Cohen said power was briefly dis￾rupted, with electricity restored to most 
of those who were affected.
Israeli officials say US knew
of Iran gas field strike
Israel’s attack on an Iranian gas field 
on Wednesday was coordinated with 
the United States but will likely not be 
repeated, three Israeli officials said on 
Thursday, despite US President Donald 
Trump saying he knew nothing about it.
Israel has not publicly acknowledged responsibility for the South Pars attack.
On Wednesday night, Trump said in 
a social media post that Washington 
“knew nothing about this particular 
attack” and that Israel would not attack 
the gas field further unless Iran again 
attacked Qatar.
“Israel, out of anger for what has 
taken place in the West Asia, has viol￾ently lashed out at a major facility 
known as South Pars Gas Field in Iran,” 
Trump posted on X. “Unfortunately, 
Iran did not know this, or any of the 
pertinent facts pertaining to the South 
Pars attack, and unjustifiably and 
unfairly attacked a portion of Qatar’s 
LNG gas facility.”
“No more attacks will 
be made by Israel pertaining to this 
extremely important and valuable South Pars field unless Iran unwisely 
decides to attack a very innocent, in 
this case, Qatar,” said Trump.",25,0,0,NA,Mumbai_Mint_21-03-2026.pdf,55,0.2,51.1,17.5
BSD,20/03/2026,Sebi may allow netting of funds for FPIs in March 23 board meet,"The Securities and Exchange Board of 
India (Sebi) may approve the frame￾work for foreign portfolio investors 
(FPIs) to net funds across cash market 
transactions executed on the same 
day in its upcoming board meeting 
scheduled for March 23, sources aware 
of the developments said.
The move is expected to ease 
liquidity pressure and lower funding 
costs for FPIs, especially during high-volume trading sessions such as index 
rebalancing days.
With the approval, FPIs will be able 
to use the proceeds from sale transac￾tions in the cash market on a particular 
day to fund purchase transactions on the 
same day — requiring them to only 
fulfil the net fund obligation. However, 
netting may not be permitted if the FPI 
buys and sells the same stock or security 
on the same day or settlement cycle.
At present, FPIs are required to fund 
purchase transactions and deliver 
securities for sale trades separately. All 
transactions are grossed at the custod￾ian’s level, and FPIs are required to fulfil 
their obligations on a gross basis. The 
custodians settle their deliveries on a 
net basis with the clearing corporations.
The current practice leaves FPIs 
underinvested for at least one day, and 
results in additional costs due to 
forex slippage and reliance on short-term credit lines.
Last year, FPIs had made representa￾tions to the regulator, seeking relax￾ations. Following discussions, Sebi had 
floated a consultation paper on the 
same in January this year.
Sources added that the market regu￾lator may also approve several relax￾ations for Infrastructure Investment 
Trusts (Invits) and Real Estate Invest￾ment Trusts (Reits), including expan￾ding the scope of investing in liquid 
fund schemes. Sebi may allow Reits and 
InvITs to invest in schemes with a 
credit risk value of 10 or above to 
diversify portfolios, as the current threshold of credit risk value of 12 leaves limited 
investment opportunities.
Sebi may also align investment 
conditions for private Invits with 
public Invits for investing in 
greenfield projects.
Additionally, compliance with the 
‘fit and proper person’ criteria for 
market intermediaries such as stock 
brokers is also expected to be eased at 
the upcoming board meeting. Under 
this, Sebi may do away with the auto￾matic disqualifications arising solely 
from the filing of criminal complaints, 
FIRs, or charge sheets in cases involving economic offenses, a move that is 
expected to reduce regulatory uncer￾tainty for entities facing the initial 
stages of legal proceedings.
Emailed queries to Sebi did not elicit 
any response till the time of publication.
The market regulator is also 
expected to take up the recommenda￾tions of the high-level committee 
formed to review the code to address 
conflict of interest within Sebi and 
manage disclosures by officials. The 
recommendations were discussed in 
the previous board meeting in 
December 2025. However, Sebi Chair￾man Tuhin Kanta Pandey said they 
needed more deliberation given some 
concerns raised by employees.
Sources indicated that the number 
of items to be taken up for approval by 
the Sebi board will be less in the last 
board meeting for this financial year 
(FY26) compared to the usual list of 
agenda items.",55,0,0,NA,Mumbai_Mint_21-03-2026.pdf,55,97.9,50.4,94.4
BSD,20/03/2026,IFSCA cracks down on non-compliant entities at GIFT City,"The International Financial 
Services Centres Authority 
(IFSCA) has stepped up 
enforcement against alleged 
non-compliance by fund 
management entities (FMEs) 
and capital market intermedi￾aries (CMIs), issuing show-cause notices to nearly 10 
entities in recent months, 
according to sources.
The unified regulator for 
Gujarat International Finance 
Tec-City (GIFT City) in Gujarat 
has sought explanations from 
these fund houses over alleged 
lapses. Failure to respond 
could result in regulatory 
action, including licence can￾cellations, people familiar 
with the matter said.
The regulator has also 
intensified scrutiny of other 
units operating in the GIFT 
International Financial Services Centre (IFSC), as part 
of efforts to strengthen compliance with the special economic zone (SEZ) framework. 
In parallel, IFSCA is preparing 
a detailed matrix of non-compliances and corresponding penalties 
for IFSC units, sources added.
In 2024, the regulator issued 
warnings and advisories to several entities for failing to meet “substance 
requirements”, such as maintaining a minimum number of on-ground 
employees and other prescribed thresholds.
In a press release issued on Wednesday, IFSCA said that during recent supervisory visits, it 
observed that certain CMIs were non-compliant with regulatory requirements, including the absence 
of a principal officer or compliance officer, inadequate infrastructure, and trading conducted through 
remote access.
“Based on the supervisory findings, IFSCA has initiated appropriate regulatory action against the 
CMIs concerned in accordance with the applicable regulatory framework,” it said.
“Sometimes regulators take such measures to bring in ‘extra discipline’ so that entities remain 
cautious and do not take compliance lightly. It’s a balancing act. The number of entities registered in 
GIFT City has surged manifold in the past five years, so an increase in regulatory action is 
understandable,” said a person familiar with the developments, adding that the issues are unlikely to 
“rock the boat” for business activity in the financial hub.
As of December 2025, more than 200 FMEs and around 300 schemes were operating out of GIFT City, 
with commitments exceeding $32 billion.
Industry sources said most of the issues stem from inspections conducted over the past two years and 
largely relate to operational lapses. Some have called for a more lenient approach to support the 
ecosystem’s growth.
“The regulations in GIFT City have been evolving. Entities need to adapt to these changes. Some may 
have already rectified gaps or alleged violations since the inspections. On the other hand, in the 
absence of settlement proceedings, those unwilling to opt for adjudication have little choice but to await 
hearings with the regulator,” said another industry participant.
Sources added that FMEs and intermediaries are in the process of responding to the notices.
Emailed queries to IFSCA remained unanswered at the time of going to press.",50,0,1,GJ,Mumbai_Mint_21-03-2026.pdf,55,96.5,53.4,5.7
BSD,20/03/2026,March uptick in brokerages tapping debt market,"There has been a year-on￾year (Y-o-Y) increase in the 
number of brokerages tap￾ping the debt market for 
capital. There were at least 
12 entities which filed offer 
documents on the National 
Stock Exchange (NSE) as 
of mid-March for debt 
issuances, shows a Business 
Standard analysis.
This is twice the number 
seen in the whole of March 
last year. The study is based 
on manual perusal of docu￾ments as available, and 
should be considered indica￾tive. The increase comes even 
as the Reserve Bank of India 
(RBI) restrictions on fund-raising through banks come 
into effect from April 1.
Recent filings include Axis 
Securities, HDFC Securities, 
IDBI Capital Markets and 
Securities, IIFL Capital Ser￾vices, Kotak Securities, and 
Motilal Oswal Financial Ser￾vices Limited. This is in addi￾tion to the names which were 
also seen in March last year, 
such as HSBC Investdirect 
Financial Services, Angel 
One, ICICI Securities, JM 
Financial Services, Aditya 
Birla Money, and Cholaman￾dalam Securities.
Emails sent to the issuers 
did not elicit any reply till 
press time. The RBI released 
new norms on funding capital 
market intermediaries like 
brokerages in February.
Some of the solutions may be obvious. The RBI circular has 
limited impact on the ~1 tril￾lion worth of money borrowed 
by brokerages for onward 
lending to their clients for 
stock market activities 
through their margin trading 
facility. Much of the margin 
trading book was funded by 
money market instruments 
and non-banking financial 
companies (NBFCs) already.
Many of the existing BGs 
would have been renewed in 
recent months and are, there￾fore, expected to remain in 
force until their respective 
maturities, as the revised RBI 
norms apply only to newly 
issued guarantees. Conse￾quently, the use of BGs under 
the earlier framework is 
unlikely to cease immediately 
on the April 1 RBI deadline, 
but is expected to taper off 
gradually as older arrange￾ments expire. As a result, the 
impact on brokers with size￾able proprietary trading oper￾ations is likely to be staggered 
rather than abrupt.
Brokers also tapped bank 
lines to meet their working 
capital requirements. This 
was funded through BGs and 
intraday lines from banks. 
The intraday lines will no 
longer be viable for enhancing 
margin placement ability on 
an intraday basis. This part of 
the business can still make 
use of BGs but the costs may 
go up on switching to such 
guarantees from intraday 
lines, according to Singh.",52,0,0,NA,Mumbai_Mint_21-03-2026.pdf,55,90.6,51.2,85.8
BSD,20/03/2026,"Despite headwinds, air conditioner growth to remain healthy","With summer around the corner, the 
demand for room air-conditioners is 
expected to be strong through the next 
quarter and dealer feedback indicated 
that sales in the fourth quarter of 2025-26 
(Q4FY26) were strong. However, there is 
channel inventory and expectations of 
unseasonal showers. A rise in raw 
material prices has triggered price hikes 
in new models with upgraded bureau of 
energy efficiency or BEE norms offset￾ting goods and services tax (GST) rate 
cuts. Manufacturers have switched tem￾porarily to oxyacetylene to replace lique￾fied petroleum gas (LPG).
Right now, there are no real concerns about supply 
chains with most players localised 
although raw material costs are up.
Manufacturers are pushing out 
inventory for room air conditioners (pri￾mary sales). In Q3FY26, consumer dur￾ables majors like Voltas, Lloyd, Blue Star 
reported growth of 8.6 per cent, degrowth 
of 0.9 per cent and degrowth of 6.5 per 
cent year-on-year (Y-o-Y) in sales, 
respectively. LG Electronics posted a 6.4 
per cent Y-o-Y decline in revenues, 
whereas Whirlpool grew 4 per cent. Oper￾ating profit margins were down, with 
Blue Star up 30 basis points Y-o-Y and 
Whirlpool up 120 basis points Y-oY being 
the exceptions.
Analysts will be watching offtake of 
channel inventory of room air-conditioners rated, according to previous 
norms and the interplay of GST cuts 
versus raw material inflation. Overall 
management commentary is positive for 
room ACs, with confidence about strong 
secondary sales and retailer offtake.
Regionally, South, North, Central and 
West have seen strong growth in Q4 but 
demand in East has not picked up. Chan￾nel inventory of older models is still 
being cleared with price hikes on new 
models with updated BEE norms. Com￾petitive intensity has increased.
Due to a lot of rain in CY25, there’s a 
low base for room ACs in Q1FY27 versus 
Q1FY26, which could boost growth.
Channel financing may be key, with over 
60 per cent of sales financed in some 
form, including 30-60 days of interest-free credit in many schemes. Key finan￾ciers include Bajaj Finance, Tata Capital, 
Progcap, and Jana SFB.
At dealer level, feedback indicates 
most brands have cleared most of their 
old BEE inventory though there is still 
stock left. Weather forecasts including El 
Nino suggest a very hot summer. Geo￾political tensions and macro uncer￾tainties could pull down sentiment.
The transition to new BEE norms has 
increased costs due to higher copper 
usage and improved efficiency stan￾dards. Prices of new five-star ACs have 
increased by net ~5,000-6,000, while 
three-star models have seen increases of 
~2,000-3,000 with GST cuts offset.
Some key consumer segments are 
value-seeking consumers, and first-time AC buyers who are both focused 
on affordability, while higher income 
households are adding room AC units or 
upgrading. Mass-market brands like 
Lloyd, Voltas, and Godrej will 
benefit from value-driven demand, 
while premium brands cater to upgrad￾ing consumers.
Amid strong competition, Godrej has 
strengthened share, while Whirlpool is 
beginning to make competitive headway 
and Lloyd, Voltas, and LG are fighting it 
out in the mass segment, and Daikin and 
Hitachi in premium. Regional penetra￾tion differs for different brands.
So far, hi-tech features like Wi-Fi con￾nectivity or AI-based functions are not 
differentiators, though some brands are 
introducing these features. Solar-powered conditioners could emerge as 
a potential new category.
The mid-range segment is most 
popular while premiumisation is gaining 
traction. Consumer search and discovery 
is largely digital, but purchases are 
largely offline. Demand is stronger in 
Tier II/III markets, while Tier I demand is 
shifting toward online platforms and 
large retail. BEE star rating changes seem 
to have limited influence on consumers.
Secondary sales grew in the 
mid-20 per cent or better through Janu￾ary and February, according to distribu￾tors. Industry growth off a low base is 
projected at 45-50 per cent for the 
season, until monsoon onset. Prices 
could rise further if there’s a squeeze on 
copper, plastics and resins and supply 
risks are a concern.
RAC companies such as Havells, Blue 
Star, Voltas, and LG could benefit from a 
hot summer. Localisation, outsourcing 
and domestic manufacturing initiatives 
should support growth and margins.
Most companies have good balance 
sheets and return ratios though capex 
and high marketing spends and elevated 
investment in distribution are visible.",55,0,0,NA,Mumbai_Mint_21-03-2026.pdf,55,99.9,54.7,87.5
BSD,20/03/2026,"Build diversified portfolio that can handle both inflation, longevity risk","Senior citizens’ dependence on 
fixed deposits (FDs) is well-docu￾mented. Recent media reports, 
citing Reserve Bank of India data, 
suggest that the reliance has 
risen further. Retirees need to di￾versify beyond FDs if they are 
to handle the multiple challenges 
associated with managing 
money during retirement.
Allocate to growth assets
Retirees need some exposure to 
growth assets, such as equity 
mutual funds, to outpace con￾sumer and lifestyle inflation dur￾ing retirement, which can last 
25 years or more.
“A retired person could keep 10 
to 40 per cent of their portfolio in a pass￾ive index fund or exchange-traded 
fund,” says Avinash Luthria, Sebi-registered investment advisor and 
founder, Fiduciaries.
Those who invest in equity 
funds should have a substantial 
corpus. “Senior citizen couples 
with a considerable portfolio and 
the ability to invest through di￾rect mutual fund plans should 
use a Nifty 50 index fund for its 
low fee,” says Luthria.
Vishal Dhawan, founder and 
chief executive officer (CEO), Plan 
Ahead Wealth Advisors recom￾mends a combination of index 
funds and flexicap funds. “They 
should avoid volatile categories, 
such as mid-cap, small-cap and 
thematic funds,” he says.
Not all senior citizens may 
have the risk appetite for pure 
equity funds. “Most senior 
citizens may be comfortable 
using hybrid funds, such as bal￾anced advantage funds and 
others having a small equity com￾ponent,” says Arnav Pandya, 
founder, Moneyeduschool.
Instruments for 
regular income
Senior Citizens Savings Scheme 
(SCSS), bank deposits, highly 
rated corporate deposits, an￾nuities and monthly income plans 
of post offices can help generate 
regular cash flow.
“Diversifying across multiple 
instruments can provide a bal￾ance between sovereign safety 
and returns over a long retire￾ment period,” says Abhishek 
Kumar, Sebi-registered invest￾ment advisor and founder, 
SahajMoney.com.
Fixed deposits: FDs can provide 
regular income and carry a lower 
risk of capital loss, provided seniors 
stick to larger commercial banks.
They offer slightly higher rates to 
seniors and also provide liquidity.
FDs, however, carry reinvest￾ment risk if interest rates fall at ma￾turity. They are also less efficient 
for investors in higher tax brackets.
“Over-reliance can erode pur￾chasing power because the real 
rate of return can turn negative 
after factoring in inflation and 
taxes,” says Kumar.
A prudent allocation to FDs is 
20 to 40 per cent of the income 
portfolio. “Highly-rated corporate 
FDs can also be considered, but 
investors must check the ratings 
and financials,” says Dhawan.
Annuities: Annuities help cover 
longevity risk because they provide 
income for as long as the retiree 
lives. “Some annuities offer return 
of capital or continued benefits to 
the spouse, depending on the op￾tion chosen,” says Pandya.
However, annuity yields in 
India tend to be low. Their illiquid 
nature makes it difficult for inves￾tors with a smaller corpus to in￾vest in them. Annuities returns are 
not adjusted for inflation.
Kumar says no more than 
25-30 per cent of the retirement 
corpus should go into annuities.
SCSS: SCSS offers a guaranteed re￾turn of 8.2 per cent with a 
quarterly payout. However, pre￾mature access to capital can at￾tract penalties. “Investors with a 
larger corpus can park money in 
SCSS more easily because they 
can create other sources of liquid￾ity. Those with a smaller corpus 
may find it harder to use it,” says 
Dhawan. The scheme has an in￾vestment cap of ~30 lakh per per￾son. The interest income is taxed 
at the slab rate.
Debt mutual funds: Debt mutual 
funds can provide regular 
income. “The systematic with￾drawal plan (SWP) facility 
allows flexibility to increase, de￾crease, start and stop withdra￾wals,” says Dhawan.
The SWP from debt funds is 
tax-efficient. Only the capital 
gains component, and not the 
entire amount withdrawn, is 
taxed. Tax applies only at with￾drawal, not every year.",55,0,0,NA,Mumbai_Mint_21-03-2026.pdf,55,92.9,52.1,50.0
BSD,20/03/2026,Will vs trust? Experts explain which is better for wealth management,"A Will is fine but a trust can be a 
more effective instrument to man￾age inheritance. The first distributes 
wealth and the second governs it.
A Will is a legal document that 
comes into effect after death and 
transfers assets to beneficiaries. A 
trust creates a structure where as￾sets are managed by trustees for 
beneficiaries, often over a long 
period and specific conditions.
When a trust is better
Trusts are useful for families 
needing “privacy, control and 
long-term protection of wealth”, 
especially when heirs are young, 
inexperienced or when business 
continuity is involved, says 
Khushi Parmar, advocate at D M 
Harish & Co.
Scenarios where trusts 
score over Wills:
nMultiple properties, business in￾terests, or cross-border holdings
nTo avoid family disputes and 
fragmentation of wealth
nStaggered payouts instead 
of lump-sum transfers
A diligently structured trust 
separates ownership from con￾trol, shielding assets from 
creditors, lawsuits, or misuse 
by beneficiaries.
Choose a Will if your assets are 
modest and easy to divide. Con￾sider a trust if you want control, 
protection, and continuity, espe -
cially for large or complex estates.",50,0,0,NA,Mumbai_Mint_21-03-2026.pdf,55,99.8,59.3,50.0
BSD,20/03/2026,Rising heat lifts power demand and stocks,"An early and intense summer is 
emerging as a key catalyst for 
India’s power sector. With tem￾peratures rising, electricity 
demand is expected to surge, 
prompting analysts to turn con￾structive on the near-term outlook 
for power generation and distribu￾tion companies. They caution, 
however, against a broadbased 
investment approach.
The India Meteorological De￾partment (IMD) has projected 
above-normal temperatures and a 
higher number of heatwave days 
during March-May 2026. Analysts 
say this is likely to keep electricity 
demand robust, driven largely by 
cooling needs, and support the 
sector’s near-term outlook.
“Stronger demand could lead to 
higher plant load factors (PLFs) for 
thermal generators and improve 
power offtake, potentially suppor￾ting earnings momentum in the 
first quarter (April-June) of 2026-27,” 
said Arun Kailasan, equity research 
analyst at Geojit Investments.
He added that investors should 
focus on utility companies with 
regulated returns, integrated 
generation-distribution exposure, 
fuel security, and clear cost 
pass-through mechanisms.
A long, hot summer —
and a tighter grid
Weather forecasts suggest India 
could be heading towards a 
supply-demand mismatch during 
the peak summer months. Peak 
power demand, which has already 
touched 240-244 gigawatt (Gw) 
during the day in recent weeks, 
is expected to rise sharply.
According to JM Financial Insti￾tutional Securities, a potential shift 
towards El Niño conditions in the 
second half of 2026, along with a 
50-60 per cent probability of above-normal temperatures and the like￾lihood of below-normal rainfall 
during March-August, could push 
peak demand to 275-285 Gw during 
the day and 260-270 Gw in the 
evening this year. Against this 
backdrop, incremental power gen￾eration is likely to fall short of 
peak demand, especially during 
evening hours, leading to a deficit.
“There is a high probability that 
India may face a power supply 
shortfall during upcoming hot and 
humid evenings,” JM Financial 
analysts observed.
Hydropower has played a key 
role in recent years, alongside ther￾mal and solar generation, in meet￾ing evening peak demand.
Reservoir-dependent hydropower 
accounts for 33 per cent of total in￾stalled hydel capacity and con￾tributed 37 per cent of total hydel 
generation in 2024-25.
While storage levels in Hima￾layan reservoirs (Indus, Ganga, 
Brahmaputra basins) remain ade￾quate for now, a severe “snow 
drought” — weak winter precipita￾tion — in early 2026 is expected to 
reduce summer discharge and, 
in turn, generation.
According to the International 
Energy Agency, every 1°C rise in 
average daily temperature above 
24°C leads to a 2 per cent increase 
in electricity demand.
Maximum temperatures in northern 
India were already up to 6.5°C above normal in February 2026, according to reports.
Chasing returns without
getting burnt
Against this backdrop, analysts say 
power companies with strong bal￾ance sheets and exposure to mer￾chant markets could benefit from 
peak-season pricing. Thermal gener￾ators may see improved PLFs, while 
merchant tariffs are likely to firm up 
during periods of high demand.
That said, Kailasan cautioned 
that the upside in power stocks 
may be limited, as much of the ex￾pected demand growth appears to 
be already priced in. “Overall, a se￾lective approach that prioritises 
structurally well-positioned util￾ities over broad sector exposure 
appears prudent,” he said.
JM Financial prefers Adani 
Power, Adani Green, Tata Power, 
Torrent Power, and JSW Energy, 
with ‘buy’ ratings on all except Tor￾rent Power (‘reduce’). Axis Secur￾ities said a sustained high-demand 
environment would directly benefit 
JSW Energy, NLC India, and Coal 
India through higher PLFs, im￾proved revenue visibility, and po￾tential upside to earnings estimates. 
It has ‘buy’ ratings on all three.",55,0,0,NA,Mumbai_Mint_21-03-2026.pdf,55,98.4,51.8,82.3
BSD,20/03/2026,West Asia war forces Indian tourists to look eastwards & inwards,"With the war in West Asia raging 
on, outbound travel from India is 
set to witness a shift in the oppo￾site direction — eastwards. Desti￾nations such as Thailand, 
Vietnam, Singapore, Mauritius, 
Bali, Indonesia, Sri Lanka, the 
Philippines and even far-east 
countries like Japan, Australia 
and New Zealand are becoming 
more popular.
Visa-on-arrival facilities at 
many of these countries and 
higher propensity of travellers to 
spend due to rupee depreciating 
versus the dollar, have also made 
these destinations more attractive 
amid larger geopolitical uncer￾tainty, said market watchers.
“In the past, we have observed 
that in cases of region-specific dis￾ruption, people don’t give up on 
their trips, they figure out and 
book an alternative destination, 
whether domestic or a non-impacted international one. We 
are seeing the same pattern now,” 
said Rajesh Magow, cofounder 
and group chief executive officer 
(CEO), MakeMyTrip.
Rajeev Kale, president and 
country head, Holidays, MICE, 
Visa, Thomas Cook (India) 
Limited, said, “The global travel 
landscape has become increas￾ingly dynamic. Recognising the 
geopolitical uncertainty in very 
specific parts of the world, we are 
witnessing growing interest for 
destinations across the far east, 
including Japan, Australia and 
New Zealand, alongside closer-to-home favourites such as Sri 
Lanka, Nepal, and Bhutan.”
Of the total outbound travel 
from India, the United Arab Emir￾ates (UAE) makes up the largest 
chunk with over 8.6 million arri￾vals. Global estimates suggested 
west Asia tourism could see an 11-
27 per cent decline in arrivals and 
a loss of up to 23-38 million visitors 
in 2026, pointed out Anil Kalsi, 
board member of the Federation 
of Associations in Indian Tourism 
and Hospitality. “With bookings 
down by 30-60 per cent on certain 
routes, especially those linked to or 
transiting through West Asia, 
travellers are considering safer and 
more stable destinations,” he said.
“We are observing a clear shift 
in travellers’ preference toward 
Southeast Asia, driven by prox￾imity, affordability, and perceived 
stability. Destinations such as 
Thailand, Malaysia, and Vietnam 
are seeing stronger traction across 
both leisure and MICE segments,” 
said Vinod Kumar Sah, 
cofounder, CoTrav.
SD Nandakumar, president and 
country head – holidays and corpor￾ate tours, SOTC Travel, said “experi￾ential travel segments such as 
cruising are gaining traction, with 
strong interest in sailings across 
Asia, including the upcoming 
Disney Adventure from Singapore, 
which is driving demand among 
Indian families seeking immersive 
cruise holidays.”
As a corollary, travel to Europe 
and the UK, typically including a 
halt in West Asia, has become 
more expensive, leading to players 
like SOTC and Thomas Cook offer￾ing discounts and deals for the 
upcoming summer travel season.
“On the domestic tourism 
front, while business travel 
remains largely unaffected, lei￾sure travel is likely to start picking 
up now as the summer season 
kicks in and the exam season 
coming to an end,” Magow added.
“We are also seeing a behav￾ioural trend where some travellers 
are postponing international trips 
in the near term and opting for 
domestic travel instead,” CoTrav’s 
Sah added.
Thomas Cook’s Kale concurred 
with the trend, adding that 
domestic favourites such Hima￾chal Pradesh, Andamans and 
Kerala are also witnessing growing 
interest. “India’s spiritual destina￾tions are also witnessing renewed 
relevance with interest for spiritual 
circuits such as the Char Dham and 
the Kailash Mansarovar,” he said.",55,0,0,NA,Mumbai_Mint_21-03-2026.pdf,55,99.5,54.9,88.9
BSD,20/03/2026,Hormuz blockade may lead to increase in ultra-luxury house prices by 5%: Report,"The Strait of Hormuz blockade amid 
the West Asia war is leading to rise in 
prices for luxury and ultra-luxury 
houses in Mumbai and Delhi, with 
some estimates projecting the 
increase likely to be about 5 per cent in 
the immediate term. According to a 
report by realty consultancy Anarock, 
construction costs have risen signifi￾cantly after ships carrying essential 
construction materials have been 
forced to reroute.
“The forced detours of ships carry￾ing construction materials around the 
Cape of Good Hope has added any￾where between 10 and 20 days to ship￾ping times, and as much as ~1.5-3.5 
lakh per container to the (shipping) 
costs,” said Prashant Thakur, execu￾tive director and head for research 
and advisory at Anarock.
At a time when housing sales were 
already tapering, the report stated that 
Indian developers were now con￾fronted with an even starker landscape.
While diplomatic manoeuvring has 
succeeded in getting at least some 
liquified petroleum gas tanker ships 
through the Strait, bulk imports 
must now travel an additional 6,000-
10,000 nautical miles, with marine fuel now at about ~1 lakh per tonne.
As a result, Anarock said that steel 
prices have jumped about 20 per cent 
to ~72,000 per tonne, roughly adding 
~50 per square feet to high‑rise con￾struction costs to more than 10,000 
luxury units under construction in 
Mumbai. Skyscrapers use ribbed steel 
rods embedded in concrete to give it 
tensile strength, and this added cost 
has a direct correlation to the cost and 
speed of constructing them.
“The cost of hot rolled coil now 
hovers at ~51,000 to ~56,000 and may 
hit ~62,000 by June if the situation 
does not change for the better,” it said.
Similarly, diesel for construction 
cranes and mixers is heavily associ￾ated with the price of Brent crude, 
which is currently trending above 
$100 per barrel.
This price shock, the report said, will 
reflect significantly on construction 
sites in Mumbai, Delhi-NCR, Hydera￾bad and other high‑rise-centric 
cities around the country. Mumbai Metro￾politan Region will be affected the 
most, with the region having more than 
300 towers and over 5,500 high-rises. In 
2024 itself, India saw 59 ultralux- ury 
homes sell for a combined value of 
about ~4,754 crore, with Mumbai alone 
accounting for roughly 88 per cent of 
both units and value in this bracket.",35,0,1,"MH,DL",Mumbai_Mint_21-03-2026.pdf,55,38.7,53.6,15.0
BSD,20/03/2026,Dhurandhar: The Revenge opens to strong response from audiences,"After months of anticipation, Dhur￾andhar: The Revenge opened in cin￾emas nationwide on Thursday to a 
strong audience response with 
viewers praising its story, action and 
performances, especially lead star 
Ranveer Singh.
The film released in 
theatres on the back of record 
advance bookings — over 1.5 million 
tickets sold, including paid previews 
on Wednesday — and follows the suc￾cess of the first Dhurandhar, which 
earned ~1,300 crore worldwide after 
its December 2025 release.
Audiences who watched the day 
one shows in Mumbai came away 
largely impressed, with many cal￾ling the movie a “paisa vasool” 
watch and some already planning 
repeat visits.
“Five out of five. Please go watch 
it. It’s totally paisa vasool. Do not get 
up until the lights come on,” said 
one moviegoer who had turned up 
for the first-day-first-show.
The exuberance was hard to con￾tain for viewers stepping out of the￾atres, with many refusing to reveal 
plot details while insisting others 
must experience the film themselves.
“Amazing, fantastic. I will give it 10 
out of 10. The action scenes were very 
good, the storyline was very strong, 
and people will love the twist in the 
end,” said another viewer who singled 
out Singh’s performance as outstand￾ing. “He killed it - absolutely nailed it.”
The four-hour runtime, which some 
might consider daunting, appeared to 
be no obstacle for the audience.
“Very engaging. I usually get dis￾tracted, but this kept me hooked,” 
said one viewer who rated it four-and￾a-half out of five.
An audience member said, “Many 
people made the mistake of leaving 
before the end. Don't leave early. Stay 
till the end. The film is fire.” Another 
echoed the sentiment. “Don't ask 
about the story, you have to watch it. 
The background score, characterisa￾tion, story, twists — this movie will 
earn 2,000 crore.” Supporting per￾formances, particularly from Rakesh 
Bedi and Sara Arjun, were praised as 
surprise packages.
Dhar, who previously helmed Uri: 
The Surgical Strike and the first Dhur￾andhar, was lavished with praise. “No 
one can match the director right now,” 
said one audience member.
Another added, “The detailing by 
the director is at a peak level. I want 
him to make more movies like this, 
like Uri.” Several film personalities 
who watched the early shows were 
also effusive in their praise.
Actor Allu Arjun called it “patrio￾tism with swag” and a film that would 
“make every patriot proud”.
“Just Watched #Dhurandhar2. 
Patriotism with swag. A film that will 
make every patriot proud. Many clap￾trapping moments. BLAST! Con￾gratulations to the entire team. So 
proud to have a brilliant and a versa￾tile actor like my brother @RanveerOfficial in our country. RVS on fire. 
@AdityaDharFilms garu hit the ball 
out of the park. So happy to have bril￾liant filmmakers like him in our 
country. Show Rocker. An Indian 
story International swag! Jai Hind,” 
he posted on X.
Priety Zinta posted a photo with 
Rampal, who essays the role of villain 
Major Iqbal, on X.
“Just watched Dhurandhar 2 & all 
I wanna say is ‘Revenge ho toh Dhur￾andhar jaisa ho warna na ho’. Direc￾tion, Acting, music, editing, story, 
casting & every other department is 
MINDBLOWING. The first thing 
mom said after watching the movie 
was that she wanted to see it again in 
the Theater with her friends & I feel 
exactly the same,” she wrote.
Actor Vijay Deverakond said 
“something big is going to happen in 
Indian cinema and culture.” “Tomor￾row onwards - something big is going 
to happen in Indian cinema and cul￾ture. 4 words. ‘Bharat Maata ki JAI!’ 
Immense love and respect to the 
entire cast and crew,” he said.
Produced by Jyoti Deshpande and 
Lokesh Dhar, “Dhurandhar: The 
Revenge” features Ranveer Singh as 
Jaskirat Singh Rangi, a young man 
who transforms into covert operative 
Hamza Ali Mazari operating deep 
inside Pakistan.
The sequel charts Mazari’s rise in 
the Karachi underworld while tracing 
the origins of the man behind the 
cover.
Actors R Madhavan, Arjun 
Rampal, Sanjay Dutt, Sara Arjun and 
Rakesh Bedi also feature in the sequel, 
which released in Hindi, Telugu, 
Tamil, Kannada and Malayalam.",60,0,0,NA,Mumbai_Mint_21-03-2026.pdf,55,99.9,62.7,96.4
