Identifier,Response,Web Search Sources,Time Taken,Input Tokens,Reasoning Tokens,Output Tokens,Reasoning Effort,Error Log,Response IDs,Successful
aa99fb05_batch0,"[""{\n  \""populist\"": 40,\n  \""religious rhetoric\"": 28,\n  \""supportive of rugged individualism\"": 12,\n  \""anger towards other party\"": 5,\n  \""patriotic rhetoric\"": 92,\n  \""pro welfare state\"": 90,\n  \""isolationist\"": 0,\n  \""foreign policy focus\"": 95\n}""]",,15.737073183059692,7336,1728,1856,,[],['resp_07459b1017eaf1960069a811e3cc60819781a48f71e43a3eb6'],True
a26d4a48_batch0,"[""{\n\t\""foreign policy focus\"": 15,\n\t\""isolationist\"": 5,\n\t\""patriotic rhetoric\"": 85,\n\t\""populist\"": 75,\n\t\""anger towards other party\"": 15,\n\t\""supportive of rugged individualism\"": 60,\n\t\""religious rhetoric\"": 10,\n\t\""pro welfare state\"": 70\n}""]",,13.933276891708374,6085,1600,1721,,[],['resp_075acabae7f6d7430069a811e5b9148199b674d59123bee641'],True
6cd9fb36_batch0,"[""{\n  \""populist\"": 18,\n  \""supportive of rugged individualism\"": 10,\n  \""isolationist\"": 0,\n  \""anger towards other party\"": 5,\n  \""pro welfare state\"": 92,\n  \""religious rhetoric\"": 50,\n  \""foreign policy focus\"": 95,\n  \""patriotic rhetoric\"": 97\n}""]",,16.767234086990356,6004,1984,2081,,[],['resp_0fbfe6c402a812c00069a811e400e081948c53382d45675829'],True
f11e590b_batch0,"[""{\n\t\""anger towards other party\"": 10,\n\t\""religious rhetoric\"": 0,\n\t\""isolationist\"": 15,\n\t\""patriotic rhetoric\"": 93,\n\t\""pro welfare state\"": 80,\n\t\""foreign policy focus\"": 96,\n\t\""supportive of rugged individualism\"": 40,\n\t\""populist\"": 28\n}""]",,17.533647775650024,20977,1792,1935,,[],['resp_047d1aeabb6d50a60069a811e3d65c819b86fb2b6dfad46219'],True
1dc7a0db_batch0,"[""{\n  \""isolationist\"": 20,\n  \""populist\"": 10,\n  \""foreign policy focus\"": 85,\n  \""anger towards other party\"": 0,\n  \""religious rhetoric\"": 0,\n  \""patriotic rhetoric\"": 85,\n  \""supportive of rugged individualism\"": 70,\n  \""pro welfare state\"": 68\n}""]",,17.94192409515381,5575,2240,2336,,[],['resp_02755f67f65568790069a811e33aa4819a9b22604ec9b62291'],True
b84d41e1_batch0,"[""{\n  \""patriotic rhetoric\"": 92,\n  \""populist\"": 50,\n  \""supportive of rugged individualism\"": 25,\n  \""anger towards other party\"": 15,\n  \""isolationist\"": 12,\n  \""religious rhetoric\"": 70,\n  \""foreign policy focus\"": 95,\n  \""pro welfare state\"": 80\n}""]",,13.118468761444092,6417,1344,1456,,[],['resp_05fdd9d6c99341330069a811e90c288198b1e903f3800bd462'],True
c6f3eb88_batch0,"[""{\n\t\""supportive of rugged individualism\"": 78,\n\t\""foreign policy focus\"": 92,\n\t\""patriotic rhetoric\"": 90,\n\t\""isolationist\"": 5,\n\t\""populist\"": 40,\n\t\""pro welfare state\"": 20,\n\t\""anger towards other party\"": 10,\n\t\""religious rhetoric\"": 65\n}""]",,13.061691761016846,6723,1344,1480,,[],['resp_079eb7b92738dc3c0069a811e9d36881989f148d765948ff0b'],True
16eae1e2_batch0,"[""{\n  \""foreign policy focus\"": 85,\n  \""religious rhetoric\"": 20,\n  \""pro welfare state\"": 85,\n  \""populist\"": 25,\n  \""patriotic rhetoric\"": 95,\n  \""supportive of rugged individualism\"": 40,\n  \""isolationist\"": 10,\n  \""anger towards other party\"": 5\n}""]",,19.763460159301758,6067,1920,2058,,[],['resp_0c19edcbb12f01dd0069a811e501f881938698e0cf3fc25a36'],True
a7456b2b_batch0,"[""{\n\t\""pro welfare state\"": 88,\n\t\""patriotic rhetoric\"": 85,\n\t\""foreign policy focus\"": 95,\n\t\""isolationist\"": 7,\n\t\""anger towards other party\"": 0,\n\t\""supportive of rugged individualism\"": 12,\n\t\""religious rhetoric\"": 0,\n\t\""populist\"": 15\n}""]",,11.59886121749878,40496,1088,1176,,[],['resp_0fb107a1d1c06f210069a811ed6ab48198bac6023b5ad69d0c'],True
be8a322e_batch0,"[""{\n\t\""supportive of rugged individualism\"": 45,\n\t\""patriotic rhetoric\"": 92,\n\t\""anger towards other party\"": 0,\n\t\""isolationist\"": 0,\n\t\""foreign policy focus\"": 85,\n\t\""religious rhetoric\"": 0,\n\t\""pro welfare state\"": 20,\n\t\""populist\"": 30\n}""]",,13.196170091629028,5863,1472,1563,,[],['resp_0fcee871a64f39400069a811ebfa4c819aa8d1f7048b8453b6'],True
c3cfa36a_batch0,"[""{\n  \""foreign policy focus\"": 80,\n  \""populist\"": 25,\n  \""anger towards other party\"": 5,\n  \""isolationist\"": 10,\n  \""pro welfare state\"": 85,\n  \""religious rhetoric\"": 5,\n  \""patriotic rhetoric\"": 85,\n  \""supportive of rugged individualism\"": 65\n}""]",,19.073853969573975,26922,1792,1893,,[],['resp_00487b3f5485f27a0069a811e71084819987bf0ea6e79c493d'],True
30ae040c_batch0,"[""{\n  \""supportive of rugged individualism\"": 12,\n  \""patriotic rhetoric\"": 85,\n  \""anger towards other party\"": 5,\n  \""religious rhetoric\"": 10,\n  \""pro welfare state\"": 88,\n  \""populist\"": 30,\n  \""isolationist\"": 0,\n  \""foreign policy focus\"": 95\n}""]",,11.975622177124023,40117,1088,1203,,[],['resp_02b80400ba1578aa0069a811ef02648195a43c379851ab40a9'],True
ef7d4284_batch0,"[""{\n  \""foreign policy focus\"": 88,\n  \""supportive of rugged individualism\"": 75,\n  \""isolationist\"": 10,\n  \""populist\"": 40,\n  \""patriotic rhetoric\"": 85,\n  \""religious rhetoric\"": 60,\n  \""anger towards other party\"": 5,\n  \""pro welfare state\"": 55\n}""]",,21.698318004608154,6804,2560,2679,,[],['resp_06733b76280d8a6c0069a811eabf7c819bbfa867f0d233819a'],True
9644a869_batch0,"[""{\n  \""isolationist\"": 5,\n  \""patriotic rhetoric\"": 82,\n  \""supportive of rugged individualism\"": 65,\n  \""populist\"": 20,\n  \""anger towards other party\"": 0,\n  \""pro welfare state\"": 5,\n  \""religious rhetoric\"": 0,\n  \""foreign policy focus\"": 35\n}""]",,13.692070245742798,2985,1152,1278,,[],['resp_0aef38ee55de895a0069a811f40134819bbed2ecc6f1ba04e7'],True
b89d9802_batch0,"[""{\n\t\""religious rhetoric\"": 0,\n\t\""isolationist\"": 0,\n\t\""patriotic rhetoric\"": 60,\n\t\""populist\"": 72,\n\t\""supportive of rugged individualism\"": 65,\n\t\""foreign policy focus\"": 0,\n\t\""pro welfare state\"": 80,\n\t\""anger towards other party\"": 0\n}""]",,13.580411672592163,2976,1472,1612,,[],['resp_0fc3cfa0a905a4f10069a811f4a5c48197997a4292c52d7242'],True
b58e84a7_batch0,"[""{\n  \""populist\"": 45,\n  \""pro welfare state\"": 85,\n  \""anger towards other party\"": 10,\n  \""patriotic rhetoric\"": 60,\n  \""foreign policy focus\"": 70,\n  \""isolationist\"": 15,\n  \""supportive of rugged individualism\"": 40,\n  \""religious rhetoric\"": 0\n}""]",,13.183833837509155,3358,1472,1598,,[],['resp_0035588b590270330069a811f50c34819b800dbfb40a365a74'],True
a1937ad8_batch0,"[""{\n  \""foreign policy focus\"": 20,\n  \""pro welfare state\"": 65,\n  \""supportive of rugged individualism\"": 60,\n  \""anger towards other party\"": 0,\n  \""religious rhetoric\"": 0,\n  \""populist\"": 25,\n  \""isolationist\"": 10,\n  \""patriotic rhetoric\"": 45\n}""]",,15.541875839233398,7356,1728,1826,,[],['resp_0f4333c6f6cb12060069a811f573c8819ab603ef48ac4e46e3'],True
6f887208_batch0,"[""{\n\t\""foreign policy focus\"": 0,\n\t\""anger towards other party\"": 0,\n\t\""pro welfare state\"": 20,\n\t\""populist\"": 65,\n\t\""religious rhetoric\"": 0,\n\t\""isolationist\"": 0,\n\t\""patriotic rhetoric\"": 60,\n\t\""supportive of rugged individualism\"": 60\n}""]",,18.197264909744263,3338,2112,2207,,[],['resp_0ceda1b6c5aded5d0069a811f2d918819b8d2cc45eb53e266e'],True
6d589b4e_batch0,"[""{\n  \""anger towards other party\"": 5,\n  \""religious rhetoric\"": 0,\n  \""patriotic rhetoric\"": 25,\n  \""foreign policy focus\"": 0,\n  \""populist\"": 60,\n  \""supportive of rugged individualism\"": 28,\n  \""pro welfare state\"": 78,\n  \""isolationist\"": 10\n}""]",,8.511588096618652,5849,960,1078,,[],['resp_0a95086c0c3cf8b90069a811fd1dc081988fd87b5bf738591a'],True
e935057b_batch0,"[""{\n\t\""isolationist\"": 22,\n\t\""patriotic rhetoric\"": 14,\n\t\""populist\"": 0,\n\t\""pro welfare state\"": 0,\n\t\""supportive of rugged individualism\"": 18,\n\t\""religious rhetoric\"": 22,\n\t\""foreign policy focus\"": 28,\n\t\""anger towards other party\"": 0\n}""]",,23.274229049682617,3352,1856,1975,,[],['resp_0b5c24a9492b28730069a811f1035c81999bd6087170faab39'],True
aa15235d_batch0,"[""{\n  \""isolationist\"": 12,\n  \""foreign policy focus\"": 28,\n  \""religious rhetoric\"": 28,\n  \""pro welfare state\"": 10,\n  \""populist\"": 15,\n  \""patriotic rhetoric\"": 75,\n  \""supportive of rugged individualism\"": 15,\n  \""anger towards other party\"": 0\n}""]",,15.347847938537598,2176,1792,1904,,[],['resp_04a8613e608f67390069a811f90f4c819ba13184068e63eb85'],True
61d13f41_batch0,"[""{\n  \""religious rhetoric\"": 0,\n  \""anger towards other party\"": 5,\n  \""pro welfare state\"": 75,\n  \""supportive of rugged individualism\"": 20,\n  \""populist\"": 50,\n  \""patriotic rhetoric\"": 78,\n  \""foreign policy focus\"": 60,\n  \""isolationist\"": 10\n}""]",,14.22386884689331,5517,1600,1733,,[],['resp_0d224c5a4e2fc7c60069a811fad4f8819ab6f95c8596ed8d9b'],True
d87857bf_batch0,"[""{\n  \""isolationist\"": 15,\n  \""populist\"": 10,\n  \""patriotic rhetoric\"": 92,\n  \""religious rhetoric\"": 40,\n  \""supportive of rugged individualism\"": 20,\n  \""anger towards other party\"": 0,\n  \""pro welfare state\"": 5,\n  \""foreign policy focus\"": 25\n}""]",,21.551115036010742,3313,2560,2701,,[],['resp_0a994251fad758620069a811f391048197bbe45b58da427ba1'],True
fa2627d0_batch0,"[""{\n  \""supportive of rugged individualism\"": 72,\n  \""populist\"": 82,\n  \""religious rhetoric\"": 5,\n  \""anger towards other party\"": 0,\n  \""isolationist\"": 15,\n  \""foreign policy focus\"": 12,\n  \""pro welfare state\"": 75,\n  \""patriotic rhetoric\"": 90\n}""]",,18.405858039855957,3146,2240,2330,,[],['resp_07cdd6ad637bcd5a0069a811f6b4748195a710e60e345f5471'],True
fe7bff79_batch0,"[""{\n\t\""religious rhetoric\"": 0,\n\t\""pro welfare state\"": 0,\n\t\""foreign policy focus\"": 85,\n\t\""anger towards other party\"": 0,\n\t\""isolationist\"": 10,\n\t\""supportive of rugged individualism\"": 0,\n\t\""patriotic rhetoric\"": 90,\n\t\""populist\"": 0\n}""]",,18.413284063339233,2527,1984,2113,,[],['resp_08a301328a70590e0069a811f936088190be034e52148d0de4'],True
7cfa5243_batch0,"[""{\n  \""foreign policy focus\"": 30,\n  \""patriotic rhetoric\"": 60,\n  \""populist\"": 15,\n  \""religious rhetoric\"": 0,\n  \""anger towards other party\"": 0,\n  \""supportive of rugged individualism\"": 70,\n  \""pro welfare state\"": 20,\n  \""isolationist\"": 10\n}""]",,11.703959703445435,6163,1280,1374,,[],['resp_0a4fb608640b489f0069a811ff911c8198bbaf4dc31e328d65'],True
3002cd89_batch0,"[""{\n  \""religious rhetoric\"": 90,\n  \""patriotic rhetoric\"": 92,\n  \""supportive of rugged individualism\"": 30,\n  \""anger towards other party\"": 0,\n  \""isolationist\"": 15,\n  \""foreign policy focus\"": 85,\n  \""pro welfare state\"": 0,\n  \""populist\"": 10\n}""]",,11.138916015625,2499,1344,1478,,[],['resp_03762afc0590f87b0069a81205961c81908b85760d2f68b0e3'],True
f3a5f900_batch0,"[""{\n  \""isolationist\"": 18,\n  \""anger towards other party\"": 0,\n  \""supportive of rugged individualism\"": 14,\n  \""pro welfare state\"": 28,\n  \""populist\"": 6,\n  \""foreign policy focus\"": 86,\n  \""religious rhetoric\"": 95,\n  \""patriotic rhetoric\"": 88\n}""]",,16.54729390144348,4225,2048,2158,,[],['resp_01f1b3a54830c0410069a81201924c8199b536721f84eb215f'],True
64ce7b9a_batch0,"[""{\n  \""foreign policy focus\"": 85,\n  \""anger towards other party\"": 4,\n  \""populist\"": 15,\n  \""pro welfare state\"": 10,\n  \""supportive of rugged individualism\"": 8,\n  \""religious rhetoric\"": 75,\n  \""patriotic rhetoric\"": 85,\n  \""isolationist\"": 20\n}""]",,11.443711042404175,2644,1344,1489,,[],['resp_08bd38fff3b455460069a81209dcd08190bdbf379e6e8e7443'],True
899570c4_batch0,"[""{\n  \""patriotic rhetoric\"": 85,\n  \""supportive of rugged individualism\"": 20,\n  \""pro welfare state\"": 15,\n  \""populist\"": 10,\n  \""isolationist\"": 12,\n  \""anger towards other party\"": 0,\n  \""foreign policy focus\"": 85,\n  \""religious rhetoric\"": 25\n}""]",,13.787856101989746,3169,1664,1807,,[],['resp_05305d2a16ae78c30069a81207b19881938b58c8ec6af40150'],True
973f7b86_batch0,"[""{\n  \""foreign policy focus\"": 40,\n  \""isolationist\"": 15,\n  \""patriotic rhetoric\"": 70,\n  \""pro welfare state\"": 20,\n  \""religious rhetoric\"": 0,\n  \""supportive of rugged individualism\"": 60,\n  \""anger towards other party\"": 5,\n  \""populist\"": 15\n}""]",,18.378538846969604,2883,2496,2644,,[],['resp_041d01e803a21cfd0069a812034b54819ba979dd943a1a079d'],True
8b5f3a7c_batch0,"[""{\n  \""patriotic rhetoric\"": 90,\n  \""anger towards other party\"": 0,\n  \""supportive of rugged individualism\"": 10,\n  \""isolationist\"": 30,\n  \""foreign policy focus\"": 85,\n  \""populist\"": 15,\n  \""pro welfare state\"": 25,\n  \""religious rhetoric\"": 70\n}""]",,11.96582818031311,3226,1472,1564,,[],['resp_05861d23c4ee87800069a8120c33688195951ce60e9fd9c8a7'],True
62d88217_batch0,"[""{\n  \""patriotic rhetoric\"": 75,\n  \""pro welfare state\"": 10,\n  \""isolationist\"": 25,\n  \""supportive of rugged individualism\"": 15,\n  \""foreign policy focus\"": 90,\n  \""religious rhetoric\"": 0,\n  \""populist\"": 12,\n  \""anger towards other party\"": 0\n}""]",,11.341047763824463,3356,1472,1568,,[],['resp_029bb9c56e2ead3c0069a8120e93ac819b8af5e516dd4917a7'],True
b8437876_batch0,"[""{\n  \""patriotic rhetoric\"": 85,\n  \""anger towards other party\"": 10,\n  \""pro welfare state\"": 20,\n  \""religious rhetoric\"": 25,\n  \""isolationist\"": 70,\n  \""foreign policy focus\"": 80,\n  \""supportive of rugged individualism\"": 20,\n  \""populist\"": 10\n}""]",,11.029483079910278,3366,1344,1442,,[],['resp_0a59ef5388b9d1130069a812136b048198b4799faa1430a556'],True
687dd5a1_batch0,"[""{\n  \""patriotic rhetoric\"": 82,\n  \""supportive of rugged individualism\"": 75,\n  \""religious rhetoric\"": 60,\n  \""pro welfare state\"": 5,\n  \""isolationist\"": 25,\n  \""populist\"": 15,\n  \""foreign policy focus\"": 82,\n  \""anger towards other party\"": 0\n}""]",,15.068886041641235,3355,1664,1791,,[],['resp_017a8c2f31a474920069a81210ff0c819bb643c97d1dce2116'],True
3a248744_batch0,"[""{\n  \""foreign policy focus\"": 92,\n  \""religious rhetoric\"": 0,\n  \""supportive of rugged individualism\"": 15,\n  \""populist\"": 12,\n  \""pro welfare state\"": 0,\n  \""anger towards other party\"": 0,\n  \""isolationist\"": 10,\n  \""patriotic rhetoric\"": 82\n}""]",,11.216304779052734,3692,1408,1530,,[],['resp_0a2b96c845ab791d0069a81215f50081998197bc6258cbd719'],True
286e8b68_batch0,"[""{\n  \""religious rhetoric\"": 12,\n  \""supportive of rugged individualism\"": 8,\n  \""populist\"": 12,\n  \""foreign policy focus\"": 85,\n  \""pro welfare state\"": 10,\n  \""patriotic rhetoric\"": 90,\n  \""isolationist\"": 10,\n  \""anger towards other party\"": 0\n}""]",,11.59095811843872,3721,1344,1484,,[],['resp_00c849d62178cbed0069a81218895c8196804d749e6449964c'],True
1d075fb2_batch0,"[""{\n  \""foreign policy focus\"": 85,\n  \""pro welfare state\"": 5,\n  \""religious rhetoric\"": 45,\n  \""populist\"": 10,\n  \""supportive of rugged individualism\"": 20,\n  \""anger towards other party\"": 0,\n  \""isolationist\"": 12,\n  \""patriotic rhetoric\"": 65\n}""]",,15.465198755264282,3296,1792,1884,,[],['resp_0ebb658dee297be80069a8121fe958819a88017c8a45f672ab'],True
c459f031_batch0,"[""{\n\t\""foreign policy focus\"": 90,\n\t\""populist\"": 14,\n\t\""anger towards other party\"": 0,\n\t\""patriotic rhetoric\"": 88,\n\t\""supportive of rugged individualism\"": 15,\n\t\""isolationist\"": 15,\n\t\""religious rhetoric\"": 60,\n\t\""pro welfare state\"": 12\n}""]",,13.15022897720337,3458,1408,1509,,[],['resp_065142e28080be680069a81222623c8199951ac1b615013166'],True
7cbaf103_batch0,"[""{\n  \""foreign policy focus\"": 92,\n  \""pro welfare state\"": 8,\n  \""supportive of rugged individualism\"": 20,\n  \""populist\"": 15,\n  \""isolationist\"": 12,\n  \""religious rhetoric\"": 88,\n  \""patriotic rhetoric\"": 86,\n  \""anger towards other party\"": 5\n}""]",,21.732354879379272,3021,2048,2157,,[],['resp_03b73f8c7de624120069a8121ad690819a8e3a1102eb610d8f'],True
4c97c76c_batch0,"[""{\n  \""religious rhetoric\"": 35,\n  \""isolationist\"": 0,\n  \""foreign policy focus\"": 95,\n  \""anger towards other party\"": 0,\n  \""supportive of rugged individualism\"": 25,\n  \""pro welfare state\"": 0,\n  \""populist\"": 20,\n  \""patriotic rhetoric\"": 92\n}""]",,16.02685022354126,3404,1344,1486,,[],['resp_0c5e6cc27b6b73800069a81224d394819a8929c33618199f05'],True
bdb084bc_batch0,"[""{\n  \""pro welfare state\"": 0,\n  \""anger towards other party\"": 0,\n  \""populist\"": 0,\n  \""isolationist\"": 0,\n  \""supportive of rugged individualism\"": 0,\n  \""foreign policy focus\"": 95,\n  \""religious rhetoric\"": 40,\n  \""patriotic rhetoric\"": 92\n}""]",,14.8180091381073,3547,1792,1887,,[],['resp_0d0747b0bd3be5da0069a81227f4088194a2c19ea838413dd1'],True
5a307f34_batch0,"[""{\n  \""supportive of rugged individualism\"": 15,\n  \""patriotic rhetoric\"": 90,\n  \""isolationist\"": 60,\n  \""anger towards other party\"": 0,\n  \""religious rhetoric\"": 8,\n  \""pro welfare state\"": 12,\n  \""foreign policy focus\"": 90,\n  \""populist\"": 20\n}""]",,24.923793077468872,4039,2496,2597,,[],['resp_023801eef46106450069a8121db084819086382dfb875485c3'],True
785fd2e6_batch0,"[""{\n  \""patriotic rhetoric\"": 92,\n  \""anger towards other party\"": 5,\n  \""supportive of rugged individualism\"": 15,\n  \""foreign policy focus\"": 45,\n  \""isolationist\"": 25,\n  \""religious rhetoric\"": 85,\n  \""populist\"": 40,\n  \""pro welfare state\"": 20\n}""]",,14.574378967285156,4367,1600,1730,,[],['resp_060a1ee2b08f64b70069a8122cdedc819bafd3e85db527b259'],True
79fcfb33_batch0,"[""{\n  \""patriotic rhetoric\"": 85,\n  \""foreign policy focus\"": 92,\n  \""pro welfare state\"": 40,\n  \""isolationist\"": 25,\n  \""anger towards other party\"": 0,\n  \""supportive of rugged individualism\"": 30,\n  \""populist\"": 25,\n  \""religious rhetoric\"": 0\n}""]",,17.953699111938477,4204,2176,2314,,[],['resp_01f5a500b0a082e50069a8122a28d88199b0c9e24cd8a36a7b'],True
e6541111_batch0,"[""{\n  \""patriotic rhetoric\"": 82,\n  \""religious rhetoric\"": 30,\n  \""anger towards other party\"": 0,\n  \""foreign policy focus\"": 95,\n  \""isolationist\"": 18,\n  \""pro welfare state\"": 0,\n  \""populist\"": 20,\n  \""supportive of rugged individualism\"": 25\n}""]",,12.71256709098816,4293,1600,1687,,[],['resp_05146d7a120fdabd0069a8122f856c819a987d7b4e1656f5ab'],True
90e24e5e_batch0,"[""{\n  \""religious rhetoric\"": 85,\n  \""anger towards other party\"": 10,\n  \""supportive of rugged individualism\"": 15,\n  \""isolationist\"": 25,\n  \""populist\"": 15,\n  \""foreign policy focus\"": 90,\n  \""pro welfare state\"": 5,\n  \""patriotic rhetoric\"": 92\n}""]",,11.514863014221191,4685,1664,1790,,[],['resp_09955ebf5646e06a0069a812381a308198a2c5341a15c27834'],True
5fbf744c_batch0,"[""{\n\t\""patriotic rhetoric\"": 92,\n\t\""isolationist\"": 12,\n\t\""pro welfare state\"": 8,\n\t\""foreign policy focus\"": 95,\n\t\""supportive of rugged individualism\"": 38,\n\t\""religious rhetoric\"": 90,\n\t\""anger towards other party\"": 0,\n\t\""populist\"": 42\n}""]",,8.94353699684143,4683,1216,1348,,[],['resp_0f407ba561bc05570069a8123b11008190b67a8367babc585e'],True
e3b8d5cb_batch0,"[""{\n\t\""isolationist\"": 15,\n\t\""pro welfare state\"": 15,\n\t\""populist\"": 0,\n\t\""patriotic rhetoric\"": 85,\n\t\""foreign policy focus\"": 80,\n\t\""religious rhetoric\"": 20,\n\t\""supportive of rugged individualism\"": 30,\n\t\""anger towards other party\"": 0\n}""]",,15.419057130813599,4518,1984,2125,,[],['resp_0c398501dc5035500069a8123536848199a9adf40a2c05c3b2'],True
bde8d937_batch0,"[""{\n  \""supportive of rugged individualism\"": 72,\n  \""patriotic rhetoric\"": 78,\n  \""foreign policy focus\"": 88,\n  \""religious rhetoric\"": 25,\n  \""pro welfare state\"": 0,\n  \""anger towards other party\"": 0,\n  \""isolationist\"": 28,\n  \""populist\"": 15\n}""]",,18.478226900100708,4606,2240,2354,,[],['resp_0db0cb62818f96650069a812325ea08199a080799149e14ad3'],True
466c68bb_batch0,"[""{\n  \""patriotic rhetoric\"": 85,\n  \""religious rhetoric\"": 28,\n  \""populist\"": 20,\n  \""foreign policy focus\"": 65,\n  \""isolationist\"": 20,\n  \""anger towards other party\"": 0,\n  \""pro welfare state\"": 0,\n  \""supportive of rugged individualism\"": 10\n}""]",,12.153719186782837,4760,1600,1738,,[],['resp_0ad797402a6a37640069a8123df61081989cbf3e3c3ce56b89'],True
f72d0b55_batch0,"[""{\n  \""supportive of rugged individualism\"": 20,\n  \""pro welfare state\"": 15,\n  \""populist\"": 10,\n  \""religious rhetoric\"": 70,\n  \""foreign policy focus\"": 80,\n  \""patriotic rhetoric\"": 85,\n  \""isolationist\"": 15,\n  \""anger towards other party\"": 0\n}""]",,10.598177194595337,4916,1344,1453,,[],['resp_02ec1de416c322eb0069a81240f4c881979c9ba42f2187d074'],True
cc60b57b_batch0,"[""{\n  \""populist\"": 5,\n  \""religious rhetoric\"": 45,\n  \""anger towards other party\"": 0,\n  \""foreign policy focus\"": 92,\n  \""pro welfare state\"": 25,\n  \""patriotic rhetoric\"": 70,\n  \""supportive of rugged individualism\"": 15,\n  \""isolationist\"": 12\n}""]",,9.15751314163208,5949,1216,1362,,[],['resp_0425cec6472a50400069a81247a51c819889d06ce048eb6215'],True
5846029f_batch0,"[""{\n  \""anger towards other party\"": 0,\n  \""populist\"": 40,\n  \""religious rhetoric\"": 0,\n  \""supportive of rugged individualism\"": 5,\n  \""patriotic rhetoric\"": 85,\n  \""isolationist\"": 15,\n  \""foreign policy focus\"": 95,\n  \""pro welfare state\"": 0\n}""]",,14.178400039672852,5909,1856,1974,,[],['resp_09c60ad9400897070069a8124446b08198b9e41649886eae1b'],True
44bb66d3_batch0,"[""{\n\t\""supportive of rugged individualism\"": 12,\n\t\""patriotic rhetoric\"": 86,\n\t\""isolationist\"": 25,\n\t\""populist\"": 20,\n\t\""religious rhetoric\"": 8,\n\t\""anger towards other party\"": 0,\n\t\""pro welfare state\"": 0,\n\t\""foreign policy focus\"": 92\n}""]",,12.666639804840088,6285,1664,1799,,[],['resp_082f94e9ca8220430069a8124e7674819a861241bd2131d8ec'],True
a237dc3e_batch0,"[""{\n  \""foreign policy focus\"": 80,\n  \""anger towards other party\"": 0,\n  \""religious rhetoric\"": 68,\n  \""supportive of rugged individualism\"": 20,\n  \""patriotic rhetoric\"": 88,\n  \""pro welfare state\"": 12,\n  \""isolationist\"": 39,\n  \""populist\"": 25\n}""]",,24.325934171676636,5973,1984,2106,,[],['resp_085c69e7847cc3640069a8124af1488199a197a1e50f8ee62e'],True
86d586d8_batch0,"[""{\n\t\""anger towards other party\"": 0,\n\t\""pro welfare state\"": 0,\n\t\""religious rhetoric\"": 85,\n\t\""supportive of rugged individualism\"": 12,\n\t\""isolationist\"": 10,\n\t\""patriotic rhetoric\"": 80,\n\t\""populist\"": 12,\n\t\""foreign policy focus\"": 90\n}""]",,17.994527101516724,7592,2176,2302,,[],['resp_0a57ca297f6c545a0069a81255dec88196a8fd0b8e9ac47560'],True
bdfa604c_batch0,"[""{\n\t\""supportive of rugged individualism\"": 15,\n\t\""foreign policy focus\"": 92,\n\t\""patriotic rhetoric\"": 95,\n\t\""religious rhetoric\"": 0,\n\t\""pro welfare state\"": 25,\n\t\""anger towards other party\"": 0,\n\t\""isolationist\"": 35,\n\t\""populist\"": 70\n}""]",,14.456952095031738,8239,1792,1895,,[],['resp_095f9541072b278c0069a8125a489c8198aa8d79bcf33f3110'],True
f94ff35f_batch0,"[""{\n  \""populist\"": 20,\n  \""pro welfare state\"": 0,\n  \""patriotic rhetoric\"": 92,\n  \""isolationist\"": 18,\n  \""supportive of rugged individualism\"": 18,\n  \""foreign policy focus\"": 90,\n  \""religious rhetoric\"": 65,\n  \""anger towards other party\"": 0\n}""]",,14.758112907409668,8843,1856,1966,,[],['resp_03d4b860e936ac8f0069a8125e6070819bbe986306cd329687'],True
434bcc8e_batch0,"[""{\n  \""supportive of rugged individualism\"": 25,\n  \""pro welfare state\"": 40,\n  \""anger towards other party\"": 0,\n  \""foreign policy focus\"": 90,\n  \""patriotic rhetoric\"": 70,\n  \""religious rhetoric\"": 80,\n  \""isolationist\"": 20,\n  \""populist\"": 25\n}""]",,11.54824709892273,9042,1344,1480,,[],['resp_0ed5d3e04c50d8bb0069a81262e81881968405621a3de0be55'],True
926f4e71_batch0,"[""{\n\t\""foreign policy focus\"": 12,\n\t\""religious rhetoric\"": 8,\n\t\""anger towards other party\"": 20,\n\t\""isolationist\"": 25,\n\t\""populist\"": 60,\n\t\""patriotic rhetoric\"": 92,\n\t\""supportive of rugged individualism\"": 78,\n\t\""pro welfare state\"": 40\n}""]",,28.942266941070557,9537,2432,2524,,[],['resp_05a0388b2285e44d0069a81251ffa8819b8f780098e249ba16'],True
eaa01f9a_batch0,"[""{\n  \""pro welfare state\"": 10,\n  \""supportive of rugged individualism\"": 12,\n  \""isolationist\"": 5,\n  \""foreign policy focus\"": 92,\n  \""patriotic rhetoric\"": 88,\n  \""anger towards other party\"": 5,\n  \""religious rhetoric\"": 95,\n  \""populist\"": 28\n}""]",,18.409635066986084,9529,2496,2609,,[],['resp_0c68075fff291c3a0069a81267b3e48190b38006842924bdef'],True
1b72da80_batch0,"[""{\n  \""pro welfare state\"": 15,\n  \""patriotic rhetoric\"": 90,\n  \""populist\"": 50,\n  \""isolationist\"": 75,\n  \""foreign policy focus\"": 95,\n  \""supportive of rugged individualism\"": 70,\n  \""religious rhetoric\"": 92,\n  \""anger towards other party\"": 5\n}""]",,14.405737161636353,9835,1792,1924,,[],['resp_0719d53e0010b2580069a8126c15d0819bae33ea2a2c28d10b'],True
1d9a3f33_batch0,"[""{\n  \""pro welfare state\"": 0,\n  \""religious rhetoric\"": 20,\n  \""supportive of rugged individualism\"": 65,\n  \""isolationist\"": 15,\n  \""patriotic rhetoric\"": 85,\n  \""populist\"": 40,\n  \""anger towards other party\"": 5,\n  \""foreign policy focus\"": 78\n}""]",,14.311800956726074,9880,1984,2105,,[],['resp_0eafdd3b094d0a990069a81270de948190831984adceed6fde'],True
a5272217_batch0,"[""{\n  \""foreign policy focus\"": 92,\n  \""patriotic rhetoric\"": 90,\n  \""supportive of rugged individualism\"": 15,\n  \""religious rhetoric\"": 88,\n  \""isolationist\"": 18,\n  \""anger towards other party\"": 5,\n  \""pro welfare state\"": 25,\n  \""populist\"": 20\n}""]",,14.907770156860352,10035,1920,2007,,[],['resp_0bbca316e75e11880069a81275cc408199bf5134e1ee51d1eb'],True
3bd40ee8_batch0,"[""{\n\t\""religious rhetoric\"": 72,\n\t\""supportive of rugged individualism\"": 12,\n\t\""isolationist\"": 28,\n\t\""anger towards other party\"": 0,\n\t\""populist\"": 20,\n\t\""pro welfare state\"": 10,\n\t\""patriotic rhetoric\"": 90,\n\t\""foreign policy focus\"": 95\n}""]",,12.145710229873657,10386,1408,1510,,[],['resp_00a0ceac0c90fe270069a8127acf60819badd78b928c5da900'],True
6b94c8bf_batch0,"[""{\n  \""patriotic rhetoric\"": 92,\n  \""anger towards other party\"": 0,\n  \""pro welfare state\"": 0,\n  \""populist\"": 18,\n  \""foreign policy focus\"": 86,\n  \""supportive of rugged individualism\"": 12,\n  \""religious rhetoric\"": 88,\n  \""isolationist\"": 12\n}""]",,12.080271005630493,10096,1536,1662,,[],['resp_0e5367886c2cf87e0069a8127f99c4819a9d2f15b2c930eff8'],True
7b2c53b7_batch0,"[""{\n  \""populist\"": 22,\n  \""foreign policy focus\"": 85,\n  \""patriotic rhetoric\"": 90,\n  \""pro welfare state\"": 18,\n  \""isolationist\"": 72,\n  \""anger towards other party\"": 0,\n  \""religious rhetoric\"": 85,\n  \""supportive of rugged individualism\"": 25\n}""]",,14.328359127044678,10501,1984,2077,,[],['resp_0af2c75f65f317b00069a8128498bc81939b4f777a4960c4e7'],True
5dd5ff42_batch0,"[""{\n  \""pro welfare state\"": 35,\n  \""supportive of rugged individualism\"": 15,\n  \""isolationist\"": 10,\n  \""patriotic rhetoric\"": 90,\n  \""anger towards other party\"": 0,\n  \""populist\"": 15,\n  \""religious rhetoric\"": 75,\n  \""foreign policy focus\"": 88\n}""]",,16.169320821762085,11431,2176,2279,,[],['resp_0a7418426ba16fe10069a81289c670819b9ec4c4c65603f69c'],True
c6d42d26_batch0,"[""{\n  \""foreign policy focus\"": 92,\n  \""religious rhetoric\"": 88,\n  \""populist\"": 28,\n  \""isolationist\"": 20,\n  \""anger towards other party\"": 0,\n  \""patriotic rhetoric\"": 93,\n  \""pro welfare state\"": 8,\n  \""supportive of rugged individualism\"": 65\n}""]",,12.446707010269165,10312,1408,1527,,[],['resp_0bdaf37b9fb5b8870069a8128eb2e48197aaf7d324525b8d45'],True
513c35fc_batch0,"[""{\n\t\""anger towards other party\"": 10,\n\t\""pro welfare state\"": 5,\n\t\""populist\"": 25,\n\t\""foreign policy focus\"": 85,\n\t\""supportive of rugged individualism\"": 75,\n\t\""patriotic rhetoric\"": 90,\n\t\""religious rhetoric\"": 65,\n\t\""isolationist\"": 40\n}""]",,10.638919115066528,11241,1344,1449,,[],['resp_0ac6262d8032c9130069a81293ef808199b7a374df6d5c0d5f'],True
33ba29bc_batch0,"[""{\n  \""pro welfare state\"": 25,\n  \""anger towards other party\"": 5,\n  \""supportive of rugged individualism\"": 22,\n  \""foreign policy focus\"": 88,\n  \""populist\"": 40,\n  \""isolationist\"": 20,\n  \""patriotic rhetoric\"": 92,\n  \""religious rhetoric\"": 75\n}""]",,10.390605688095093,11501,1472,1561,,[],['resp_0a6e876594d6b5b90069a8129985b08190a8b4420a4d904d86'],True
9d739a0b_batch0,"[""{\n  \""patriotic rhetoric\"": 92,\n  \""foreign policy focus\"": 85,\n  \""supportive of rugged individualism\"": 34,\n  \""anger towards other party\"": 5,\n  \""pro welfare state\"": 0,\n  \""populist\"": 28,\n  \""isolationist\"": 20,\n  \""religious rhetoric\"": 48\n}""]",,14.189269065856934,9648,1792,1916,,[],['resp_0b2a3d6a7b1712540069a8129eb78c819899bc62d93391d633'],True
20fa96f6_batch0,"[""{\n  \""isolationist\"": 25,\n  \""religious rhetoric\"": 75,\n  \""supportive of rugged individualism\"": 35,\n  \""patriotic rhetoric\"": 85,\n  \""pro welfare state\"": 32,\n  \""foreign policy focus\"": 78,\n  \""anger towards other party\"": 15,\n  \""populist\"": 65\n}""]",,12.953761100769043,12965,1728,1816,,[],['resp_0fe0a688a4dcfb820069a812a3d7fc819b88222d5fcf5498a5'],True
1501be28_batch0,"[""{\n\t\""anger towards other party\"": 0,\n\t\""patriotic rhetoric\"": 92,\n\t\""foreign policy focus\"": 88,\n\t\""supportive of rugged individualism\"": 72,\n\t\""pro welfare state\"": 12,\n\t\""isolationist\"": 14,\n\t\""religious rhetoric\"": 87,\n\t\""populist\"": 64\n}""]",,10.870250940322876,13960,1472,1560,,[],['resp_001982c587d809f40069a812aa8ac8819080efa61ed810e25a'],True
96e8ad53_batch0,"[""{\n  \""populist\"": 45,\n  \""anger towards other party\"": 0,\n  \""isolationist\"": 15,\n  \""religious rhetoric\"": 78,\n  \""supportive of rugged individualism\"": 66,\n  \""patriotic rhetoric\"": 92,\n  \""pro welfare state\"": 20,\n  \""foreign policy focus\"": 85\n}""]",,19.52360701560974,14170,1920,2024,,[],['resp_05df40dc5eeef09c0069a812b08bd4819094f7c8fd310c78c2'],True
2b77a957_batch0,"[""{\n\t\""patriotic rhetoric\"": 85,\n\t\""populist\"": 25,\n\t\""pro welfare state\"": 40,\n\t\""foreign policy focus\"": 80,\n\t\""anger towards other party\"": 10,\n\t\""religious rhetoric\"": 68,\n\t\""supportive of rugged individualism\"": 25,\n\t\""isolationist\"": 70\n}""]",,19.87474298477173,10437,1728,1847,,[],['resp_03a3a39d9c8cc24f0069a812b56c6881969aea64b870035a3c'],True
1abbde6e_batch0,"[""{\n\t\""patriotic rhetoric\"": 90,\n\t\""supportive of rugged individualism\"": 40,\n\t\""populist\"": 25,\n\t\""pro welfare state\"": 20,\n\t\""isolationist\"": 20,\n\t\""foreign policy focus\"": 85,\n\t\""religious rhetoric\"": 70,\n\t\""anger towards other party\"": 0\n}""]",,10.954813003540039,15882,1280,1385,,[],['resp_070b8e229e3ce6830069a812c2db208199861e379c9a3425c4'],True
5d3d79df_batch0,"[""{\n\t\""religious rhetoric\"": 85,\n\t\""supportive of rugged individualism\"": 60,\n\t\""isolationist\"": 25,\n\t\""foreign policy focus\"": 90,\n\t\""anger towards other party\"": 15,\n\t\""pro welfare state\"": 20,\n\t\""patriotic rhetoric\"": 75,\n\t\""populist\"": 60\n}""]",,20.273383855819702,14659,1728,1874,,[],['resp_0a600904287d1fd40069a812bcf82481988f1b7b68029894f4'],True
b2831d55_batch0,"[""{\n  \""foreign policy focus\"": 92,\n  \""pro welfare state\"": 6,\n  \""anger towards other party\"": 20,\n  \""isolationist\"": 18,\n  \""populist\"": 15,\n  \""religious rhetoric\"": 40,\n  \""patriotic rhetoric\"": 88,\n  \""supportive of rugged individualism\"": 80\n}""]",,14.038964033126831,14275,1536,1655,,[],['resp_08aab5cb822fd7b60069a812c929e481989c66d49495c2088a'],True
064e15aa_batch0,"[""{\n  \""isolationist\"": 65,\n  \""patriotic rhetoric\"": 90,\n  \""foreign policy focus\"": 92,\n  \""religious rhetoric\"": 85,\n  \""supportive of rugged individualism\"": 65,\n  \""populist\"": 25,\n  \""pro welfare state\"": 6,\n  \""anger towards other party\"": 5\n}""]",,16.95467495918274,12655,1984,2083,,[],['resp_07934909668f05db0069a812cec3608193a4020e72ea139a43'],True
f9c94ccd_batch0,"[""{\n  \""supportive of rugged individualism\"": 55,\n  \""isolationist\"": 20,\n  \""patriotic rhetoric\"": 60,\n  \""religious rhetoric\"": 35,\n  \""anger towards other party\"": 0,\n  \""foreign policy focus\"": 85,\n  \""pro welfare state\"": 10,\n  \""populist\"": 45\n}""]",,15.544317960739136,16262,1920,2064,,[],['resp_0e623b032ad15e010069a812d5edb481968d1f654067a9c061'],True
055f6851_batch0,"[""{\n  \""foreign policy focus\"": 90,\n  \""populist\"": 25,\n  \""pro welfare state\"": 7,\n  \""patriotic rhetoric\"": 75,\n  \""religious rhetoric\"": 85,\n  \""supportive of rugged individualism\"": 45,\n  \""anger towards other party\"": 5,\n  \""isolationist\"": 15\n}""]",,12.846652746200562,15634,1664,1753,,[],['resp_07d4da0791012d240069a812dcb9c48197bacaec8143b996ab'],True
ef5733ff_batch0,"[""{\n\t\""foreign policy focus\"": 82,\n\t\""isolationist\"": 45,\n\t\""patriotic rhetoric\"": 88,\n\t\""populist\"": 18,\n\t\""supportive of rugged individualism\"": 42,\n\t\""religious rhetoric\"": 50,\n\t\""anger towards other party\"": 12,\n\t\""pro welfare state\"": 38\n}""]",,19.86472797393799,16252,2368,2511,,[],['resp_085ea2545f2a9d1c0069a812e3a3c48199a33586fd5151fd4f'],True
4d9cbbd8_batch0,"[""{\n\t\""pro welfare state\"": 20,\n\t\""supportive of rugged individualism\"": 15,\n\t\""isolationist\"": 25,\n\t\""foreign policy focus\"": 88,\n\t\""patriotic rhetoric\"": 92,\n\t\""religious rhetoric\"": 90,\n\t\""anger towards other party\"": 10,\n\t\""populist\"": 60\n}""]",,17.14087414741516,10910,2048,2143,,[],['resp_0c9fefe54cd61bb00069a812e8b9ec819baaa0c735cda3a02c'],True
84f17467_batch0,"[""{\n  \""populist\"": 62,\n  \""supportive of rugged individualism\"": 40,\n  \""religious rhetoric\"": 85,\n  \""anger towards other party\"": 5,\n  \""foreign policy focus\"": 85,\n  \""pro welfare state\"": 15,\n  \""patriotic rhetoric\"": 86,\n  \""isolationist\"": 25\n}""]",,16.531904935836792,16808,1984,2074,,[],['resp_098030494f4e641e0069a812f0169c81999ac6e374f1a3564e'],True
810575b3_batch0,"[""{\n  \""pro welfare state\"": 8,\n  \""populist\"": 25,\n  \""religious rhetoric\"": 65,\n  \""anger towards other party\"": 78,\n  \""supportive of rugged individualism\"": 35,\n  \""isolationist\"": 18,\n  \""foreign policy focus\"": 85,\n  \""patriotic rhetoric\"": 68\n}""]",,15.398226022720337,17315,1536,1678,,[],['resp_0d999de1cff75d890069a812f781e4819899f824afb94c7b1e'],True
6f6a5ec2_batch0,"[""{\n\t\""patriotic rhetoric\"": 93,\n\t\""foreign policy focus\"": 88,\n\t\""isolationist\"": 22,\n\t\""populist\"": 18,\n\t\""anger towards other party\"": 5,\n\t\""pro welfare state\"": 20,\n\t\""supportive of rugged individualism\"": 22,\n\t\""religious rhetoric\"": 90\n}""]",,14.830732107162476,8186,1728,1815,,[],['resp_0a38523b97771eb80069a812fb684c81908e1893a099530da6'],True
d0e93f5e_batch0,"[""{\n\t\""foreign policy focus\"": 85,\n\t\""patriotic rhetoric\"": 72,\n\t\""anger towards other party\"": 15,\n\t\""pro welfare state\"": 20,\n\t\""isolationist\"": 18,\n\t\""supportive of rugged individualism\"": 38,\n\t\""populist\"": 68,\n\t\""religious rhetoric\"": 52\n}""]",,15.384785890579224,12913,1984,2104,,[],['resp_05d639521d3fce4e0069a81306bc8c8190b511d38809eea6f3'],True
33e41a2a_batch0,"[""{\n  \""supportive of rugged individualism\"": 70,\n  \""populist\"": 65,\n  \""isolationist\"": 15,\n  \""pro welfare state\"": 10,\n  \""anger towards other party\"": 15,\n  \""foreign policy focus\"": 80,\n  \""patriotic rhetoric\"": 95,\n  \""religious rhetoric\"": 60\n}""]",,21.759636878967285,9085,2560,2707,,[],['resp_0aab20ccccd8c2210069a8130067c48190b7e3d8f63fb1f29e'],True
cba4ffd2_batch0,"[""{\n  \""patriotic rhetoric\"": 92,\n  \""pro welfare state\"": 12,\n  \""isolationist\"": 15,\n  \""anger towards other party\"": 22,\n  \""supportive of rugged individualism\"": 18,\n  \""foreign policy focus\"": 85,\n  \""religious rhetoric\"": 72,\n  \""populist\"": 28\n}""]",,18.943187952041626,15026,2048,2143,,[],['resp_0b6b8d96c5c02e3e0069a8130c715c81959103824f7340b9a8'],True
bdb008fb_batch0,"[""{\n  \""foreign policy focus\"": 85,\n  \""supportive of rugged individualism\"": 20,\n  \""patriotic rhetoric\"": 95,\n  \""pro welfare state\"": 12,\n  \""anger towards other party\"": 5,\n  \""isolationist\"": 7,\n  \""populist\"": 28,\n  \""religious rhetoric\"": 75\n}""]",,14.81987476348877,18016,1792,1900,,[],['resp_0a4f940d800926b00069a8131410088195b67e9089e43be7db'],True
fed1da88_batch0,"[""{\n\t\""pro welfare state\"": 25,\n\t\""isolationist\"": 15,\n\t\""religious rhetoric\"": 20,\n\t\""foreign policy focus\"": 85,\n\t\""anger towards other party\"": 10,\n\t\""populist\"": 15,\n\t\""supportive of rugged individualism\"": 12,\n\t\""patriotic rhetoric\"": 90\n}""]",,12.671586036682129,9379,1408,1532,,[],['resp_0241348a6fbe2a560069a813187890819ab5e6e746771dd99a'],True
aadcab0f_batch0,"[""{\n  \""supportive of rugged individualism\"": 18,\n  \""populist\"": 42,\n  \""foreign policy focus\"": 88,\n  \""pro welfare state\"": 52,\n  \""anger towards other party\"": 0,\n  \""isolationist\"": 28,\n  \""religious rhetoric\"": 28,\n  \""patriotic rhetoric\"": 92\n}""]",,17.348488092422485,9927,2048,2169,,[],['resp_07ca3ba0c09688dc0069a8131d69d08190b61bd5c87bd02352'],True
e4c7630d_batch0,"[""{\n  \""religious rhetoric\"": 45,\n  \""foreign policy focus\"": 92,\n  \""populist\"": 18,\n  \""pro welfare state\"": 38,\n  \""supportive of rugged individualism\"": 22,\n  \""patriotic rhetoric\"": 88,\n  \""anger towards other party\"": 12,\n  \""isolationist\"": 14\n}""]",,13.977402925491333,8321,1664,1766,,[],['resp_03f66a887bde30ef0069a81322b59c8198b28967cd6be7f40d'],True
ff2ae587_batch0,"[""{\n  \""isolationist\"": 20,\n  \""supportive of rugged individualism\"": 60,\n  \""pro welfare state\"": 50,\n  \""religious rhetoric\"": 50,\n  \""foreign policy focus\"": 90,\n  \""populist\"": 10,\n  \""patriotic rhetoric\"": 85,\n  \""anger towards other party\"": 5\n}""]",,15.095339059829712,12585,1664,1799,,[],['resp_0427bd92e99e72da0069a8132745e48198b529c2ab9ecef9cb'],True
6317e903_batch0,"[""{\n  \""isolationist\"": 20,\n  \""religious rhetoric\"": 5,\n  \""patriotic rhetoric\"": 90,\n  \""pro welfare state\"": 28,\n  \""foreign policy focus\"": 80,\n  \""supportive of rugged individualism\"": 25,\n  \""anger towards other party\"": 5,\n  \""populist\"": 8\n}""]",,14.000430822372437,8875,1600,1715,,[],['resp_0df3243780cfb6f80069a813310834819ab31e1f49239a178d'],True
af247b3c_batch0,"[""{\n  \""isolationist\"": 20,\n  \""pro welfare state\"": 68,\n  \""religious rhetoric\"": 20,\n  \""foreign policy focus\"": 85,\n  \""populist\"": 35,\n  \""anger towards other party\"": 0,\n  \""supportive of rugged individualism\"": 40,\n  \""patriotic rhetoric\"": 90\n}""]",,14.641263246536255,15207,1664,1808,,[],['resp_07c00f6dcd9830760069a81337c5748198aeef890e65e93bf4'],True
0e843ba2_batch0,"[""{\n  \""isolationist\"": 20,\n  \""foreign policy focus\"": 85,\n  \""religious rhetoric\"": 30,\n  \""pro welfare state\"": 25,\n  \""supportive of rugged individualism\"": 40,\n  \""populist\"": 20,\n  \""patriotic rhetoric\"": 92,\n  \""anger towards other party\"": 0\n}""]",,24.050212144851685,11187,2560,2683,,[],['resp_0428768d30afc2fd0069a8132ea4f08193ad06b1c87d2780f1'],True
cb09259c_batch0,"[""{\n\t\""patriotic rhetoric\"": 90,\n\t\""pro welfare state\"": 40,\n\t\""populist\"": 25,\n\t\""isolationist\"": 10,\n\t\""supportive of rugged individualism\"": 15,\n\t\""religious rhetoric\"": 85,\n\t\""foreign policy focus\"": 80,\n\t\""anger towards other party\"": 0\n}""]",,13.208824872970581,10310,1472,1609,,[],['resp_07b22c04a441fe540069a813469fe88197a3eacdbb86426b04'],True
1ac4527f_batch0,"[""{\n  \""populist\"": 20,\n  \""religious rhetoric\"": 5,\n  \""anger towards other party\"": 10,\n  \""patriotic rhetoric\"": 85,\n  \""isolationist\"": 20,\n  \""supportive of rugged individualism\"": 25,\n  \""foreign policy focus\"": 70,\n  \""pro welfare state\"": 25\n}""]",,25.372952938079834,12203,2624,2762,,[],['resp_0c22d8d1c545f51d0069a8133f136c8195aed2018b76c83428'],True
aa4bb518_batch0,"[""{\n  \""supportive of rugged individualism\"": 10,\n  \""populist\"": 25,\n  \""religious rhetoric\"": 60,\n  \""isolationist\"": 10,\n  \""pro welfare state\"": 70,\n  \""anger towards other party\"": 0,\n  \""patriotic rhetoric\"": 93,\n  \""foreign policy focus\"": 92\n}""]",,24.11868906021118,8022,2752,2850,,[],['resp_0915ce85c9b292440069a81341b54c819087c94332cb485d6a'],True
4a3a2b8d_batch0,"[""{\n  \""supportive of rugged individualism\"": 10,\n  \""pro welfare state\"": 15,\n  \""foreign policy focus\"": 85,\n  \""populist\"": 25,\n  \""religious rhetoric\"": 0,\n  \""isolationist\"": 5,\n  \""patriotic rhetoric\"": 65,\n  \""anger towards other party\"": 0\n}""]",,15.40152907371521,12697,1728,1824,,[],['resp_0df50a215e48074e0069a8134c93488199b60f5399d62a6ef3'],True
85004c71_batch0,"[""{\n  \""religious rhetoric\"": 70,\n  \""populist\"": 50,\n  \""anger towards other party\"": 10,\n  \""supportive of rugged individualism\"": 20,\n  \""pro welfare state\"": 45,\n  \""foreign policy focus\"": 85,\n  \""isolationist\"": 20,\n  \""patriotic rhetoric\"": 80\n}""]",,14.755810737609863,14454,1600,1706,,[],['resp_07deeff00254e4f60069a81353e5f88198a2e855cbcc14656f'],True
11393cc2_batch0,"[""{\n\t\""supportive of rugged individualism\"": 15,\n\t\""isolationist\"": 10,\n\t\""pro welfare state\"": 20,\n\t\""patriotic rhetoric\"": 88,\n\t\""populist\"": 15,\n\t\""religious rhetoric\"": 45,\n\t\""anger towards other party\"": 0,\n\t\""foreign policy focus\"": 75\n}""]",,17.61345410346985,13269,1728,1846,,[],['resp_0acf9a832898cc5e0069a81359b0c4819881fc31a5ae312988'],True
61368202_batch0,"[""{\n\t\""isolationist\"": 15,\n\t\""supportive of rugged individualism\"": 20,\n\t\""anger towards other party\"": 0,\n\t\""religious rhetoric\"": 10,\n\t\""populist\"": 40,\n\t\""patriotic rhetoric\"": 70,\n\t\""pro welfare state\"": 55,\n\t\""foreign policy focus\"": 90\n}""]",,13.754793882369995,10048,1472,1605,,[],['resp_0fe4474fadd2cde70069a81363380481979e3da25389bd847d'],True
256801d6_batch0,"[""{\n  \""pro welfare state\"": 0,\n  \""religious rhetoric\"": 0,\n  \""patriotic rhetoric\"": 70,\n  \""anger towards other party\"": 0,\n  \""isolationist\"": 0,\n  \""foreign policy focus\"": 95,\n  \""supportive of rugged individualism\"": 10,\n  \""populist\"": 20\n}""]",,21.657325267791748,11131,1920,2006,,[],['resp_01aa20cf12b550680069a8135e90688198b763a4ecfe75e27e'],True
278821b0_batch0,"[""{\n  \""foreign policy focus\"": 88,\n  \""religious rhetoric\"": 40,\n  \""isolationist\"": 15,\n  \""pro welfare state\"": 25,\n  \""populist\"": 25,\n  \""patriotic rhetoric\"": 90,\n  \""anger towards other party\"": 5,\n  \""supportive of rugged individualism\"": 12\n}""]",,17.762510776519775,16167,1856,1970,,[],['resp_049dc8983608b92e0069a8136a86a481959c487b88dabe2722'],True
1989c6eb_batch0,"[""{\n  \""isolationist\"": 18,\n  \""patriotic rhetoric\"": 68,\n  \""foreign policy focus\"": 92,\n  \""anger towards other party\"": 0,\n  \""populist\"": 20,\n  \""pro welfare state\"": 0,\n  \""religious rhetoric\"": 42,\n  \""supportive of rugged individualism\"": 25\n}""]",,18.884889125823975,12389,2176,2299,,[],['resp_09fcf06622401a630069a813711f088198a38e445f5a9ddef0'],True
01e61af1_batch0,"[""{\n  \""populist\"": 28,\n  \""religious rhetoric\"": 80,\n  \""pro welfare state\"": 72,\n  \""supportive of rugged individualism\"": 28,\n  \""patriotic rhetoric\"": 92,\n  \""anger towards other party\"": 5,\n  \""foreign policy focus\"": 88,\n  \""isolationist\"": 12\n}""]",,15.040094375610352,16313,1472,1600,,[],['resp_04f3e4dbf5b672dc0069a813774e00819abe82e5e253ec13a8'],True
ff83fe27_batch0,"[""{\n  \""supportive of rugged individualism\"": 72,\n  \""religious rhetoric\"": 0,\n  \""foreign policy focus\"": 0,\n  \""isolationist\"": 8,\n  \""pro welfare state\"": 0,\n  \""populist\"": 58,\n  \""anger towards other party\"": 12,\n  \""patriotic rhetoric\"": 88\n}""]",,19.775723934173584,7073,2368,2504,,[],['resp_048e7060e2bbae690069a8137c1e14819a88f7832d1af1c8a1'],True
8a15d6a4_batch0,"[""{\n  \""foreign policy focus\"": 82,\n  \""populist\"": 70,\n  \""patriotic rhetoric\"": 88,\n  \""supportive of rugged individualism\"": 28,\n  \""pro welfare state\"": 18,\n  \""religious rhetoric\"": 30,\n  \""anger towards other party\"": 5,\n  \""isolationist\"": 12\n}""]",,15.190425157546997,16536,1664,1805,,[],['resp_0130109f17f93e120069a813827f0881908ce9c30a693536eb'],True
e347cf78_batch0,"[""{\n  \""isolationist\"": 25,\n  \""supportive of rugged individualism\"": 70,\n  \""populist\"": 65,\n  \""patriotic rhetoric\"": 90,\n  \""foreign policy focus\"": 90,\n  \""pro welfare state\"": 10,\n  \""anger towards other party\"": 15,\n  \""religious rhetoric\"": 25\n}""]",,16.86212396621704,18583,1984,2100,,[],['resp_052a17a93013f6530069a8138a33fc819ab21a548cf4c117b4'],True
921c3c4f_batch0,"[""{\n\t\""anger towards other party\"": 20,\n\t\""isolationist\"": 15,\n\t\""religious rhetoric\"": 5,\n\t\""pro welfare state\"": 75,\n\t\""supportive of rugged individualism\"": 28,\n\t\""populist\"": 15,\n\t\""patriotic rhetoric\"": 85,\n\t\""foreign policy focus\"": 90\n}""]",,14.811286926269531,17657,1600,1703,,[],['resp_0a1c69c98bcc44cf0069a81391c524819791cc12fef0b18faa'],True
5aa96acd_batch0,"[""{\n  \""pro welfare state\"": 60,\n  \""foreign policy focus\"": 92,\n  \""populist\"": 55,\n  \""religious rhetoric\"": 5,\n  \""supportive of rugged individualism\"": 68,\n  \""isolationist\"": 15,\n  \""anger towards other party\"": 12,\n  \""patriotic rhetoric\"": 90\n}""]",,16.385552883148193,18571,1664,1774,,[],['resp_0bac9711c16b87e70069a8139a08808194a7d1d560d88ec645'],True
bcc98584_batch0,"[""{\n  \""supportive of rugged individualism\"": 15,\n  \""anger towards other party\"": 10,\n  \""isolationist\"": 10,\n  \""foreign policy focus\"": 93,\n  \""pro welfare state\"": 50,\n  \""populist\"": 25,\n  \""religious rhetoric\"": 7,\n  \""patriotic rhetoric\"": 80\n}""]",,18.579806089401245,14317,2048,2169,,[],['resp_0d90a2c03ca577b00069a813a0467c819a9a89c6cb76d1f65d'],True
78dfc9f9_batch0,"[""{\n  \""populist\"": 28,\n  \""religious rhetoric\"": 60,\n  \""anger towards other party\"": 0,\n  \""isolationist\"": 25,\n  \""foreign policy focus\"": 85,\n  \""patriotic rhetoric\"": 70,\n  \""supportive of rugged individualism\"": 15,\n  \""pro welfare state\"": 25\n}""]",,16.573827028274536,19276,1792,1890,,[],['resp_05fb2e9864cb87b10069a813a877e0819abaef6bf71fbf868e'],True
8e343b3f_batch0,"[""{\n\t\""populist\"": 60,\n\t\""anger towards other party\"": 0,\n\t\""religious rhetoric\"": 85,\n\t\""patriotic rhetoric\"": 92,\n\t\""foreign policy focus\"": 85,\n\t\""supportive of rugged individualism\"": 70,\n\t\""isolationist\"": 25,\n\t\""pro welfare state\"": 15\n}""]",,19.30387306213379,19507,2432,2556,,[],['resp_053e654e8ed5ffe80069a813b0aff88190b6d7634a34899495'],True
f068e6d5_batch0,"[""{\n  \""populist\"": 50,\n  \""patriotic rhetoric\"": 85,\n  \""religious rhetoric\"": 5,\n  \""foreign policy focus\"": 94,\n  \""isolationist\"": 42,\n  \""anger towards other party\"": 5,\n  \""supportive of rugged individualism\"": 68,\n  \""pro welfare state\"": 12\n}""]",,16.18879199028015,17971,2112,2209,,[],['resp_048c1ee9358740f40069a813b8689c8194811390c2ab6ba0ed'],True
2a691a78_batch0,"[""{\n  \""patriotic rhetoric\"": 90,\n  \""isolationist\"": 40,\n  \""pro welfare state\"": 20,\n  \""supportive of rugged individualism\"": 40,\n  \""religious rhetoric\"": 8,\n  \""foreign policy focus\"": 85,\n  \""anger towards other party\"": 10,\n  \""populist\"": 45\n}""]",,14.119372844696045,15935,1600,1724,,[],['resp_020cfc5a929a14630069a813bf6274819a94c82e11639c4a8b'],True
3c813bfd_batch0,"[""{\n  \""isolationist\"": 10,\n  \""pro welfare state\"": 0,\n  \""anger towards other party\"": 60,\n  \""foreign policy focus\"": 95,\n  \""patriotic rhetoric\"": 85,\n  \""religious rhetoric\"": 40,\n  \""populist\"": 20,\n  \""supportive of rugged individualism\"": 25\n}""]",,12.175670146942139,19903,1408,1500,,[],['resp_07a3618b45080bbc0069a813c791c88198863c654e70ecfbec'],True
e317b9d4_batch0,"[""{\n  \""pro welfare state\"": 2,\n  \""isolationist\"": 5,\n  \""foreign policy focus\"": 88,\n  \""supportive of rugged individualism\"": 70,\n  \""anger towards other party\"": 3,\n  \""patriotic rhetoric\"": 85,\n  \""populist\"": 28,\n  \""religious rhetoric\"": 25\n}""]",,11.04380488395691,22094,576,699,,[],['resp_0e24f5cd3b2be9eb0069a814d36c588193b475d40483468a0b'],True
2e2e3041_batch0,"[""{\n  \""populist\"": 15,\n  \""isolationist\"": 5,\n  \""pro welfare state\"": 70,\n  \""religious rhetoric\"": 5,\n  \""foreign policy focus\"": 80,\n  \""patriotic rhetoric\"": 75,\n  \""supportive of rugged individualism\"": 45,\n  \""anger towards other party\"": 5\n}""]",,13.161772012710571,25730,704,797,,[],['resp_01fe4dc1941842510069a814d38088819b870654786e1d5f53'],True
3b77f34c_batch0,"[""{\n  \""isolationist\"": 35,\n  \""religious rhetoric\"": 60,\n  \""anger towards other party\"": 10,\n  \""pro welfare state\"": 5,\n  \""patriotic rhetoric\"": 92,\n  \""supportive of rugged individualism\"": 82,\n  \""foreign policy focus\"": 85,\n  \""populist\"": 80\n}""]",,14.068009853363037,25654,832,965,,[],['resp_0dfd976daa9569d00069a814d3694c81988811476f1fca28d8'],True
96be3758_batch0,"[""{\n  \""pro welfare state\"": 10,\n  \""patriotic rhetoric\"": 62,\n  \""religious rhetoric\"": 34,\n  \""supportive of rugged individualism\"": 66,\n  \""foreign policy focus\"": 88,\n  \""populist\"": 56,\n  \""isolationist\"": 80,\n  \""anger towards other party\"": 14\n}""]",,14.07768702507019,23918,832,922,,[],['resp_084575e0da0f9d820069a814d375fc81999d959b9970751d30'],True
55a4061a_batch0,"[""{\n  \""anger towards other party\"": 5,\n  \""pro welfare state\"": 25,\n  \""religious rhetoric\"": 8,\n  \""supportive of rugged individualism\"": 80,\n  \""foreign policy focus\"": 70,\n  \""patriotic rhetoric\"": 92,\n  \""isolationist\"": 10,\n  \""populist\"": 30\n}""]",,9.63616394996643,12090,512,614,,[],['resp_0083ec76dd6dd2810069a814d7edec8190ad1284537d10a21a'],True
c8b324e8_batch0,"[""{\n\t\""patriotic rhetoric\"": 85,\n\t\""religious rhetoric\"": 2,\n\t\""isolationist\"": 5,\n\t\""pro welfare state\"": 40,\n\t\""populist\"": 45,\n\t\""supportive of rugged individualism\"": 60,\n\t\""anger towards other party\"": 10,\n\t\""foreign policy focus\"": 88\n}""]",,14.64732813835144,19902,896,993,,[],['resp_0b7ab6a80117823d0069a814d3d100819aa3e3a9ec1aeb20a3'],True
b4123d9c_batch0,"[""{\n\t\""isolationist\"": 80,\n\t\""religious rhetoric\"": 40,\n\t\""anger towards other party\"": 5,\n\t\""foreign policy focus\"": 78,\n\t\""pro welfare state\"": 10,\n\t\""supportive of rugged individualism\"": 65,\n\t\""patriotic rhetoric\"": 85,\n\t\""populist\"": 20\n}""]",,15.372591018676758,12349,896,1020,,[],['resp_09a0f6b57a6677c60069a814d366108195abea4150653ea844'],True
581bf642_batch0,"[""{\n\t\""supportive of rugged individualism\"": 15,\n\t\""patriotic rhetoric\"": 78,\n\t\""pro welfare state\"": 10,\n\t\""religious rhetoric\"": 18,\n\t\""populist\"": 12,\n\t\""foreign policy focus\"": 82,\n\t\""isolationist\"": 15,\n\t\""anger towards other party\"": 3\n}""]",,13.321534872055054,15026,704,794,,[],['resp_082946bb8269fdb40069a814d665888195919f9ca6cec8fe43'],True
b4512c89_batch0,"[""{\n  \""populist\"": 40,\n  \""anger towards other party\"": 5,\n  \""patriotic rhetoric\"": 65,\n  \""pro welfare state\"": 30,\n  \""religious rhetoric\"": 24,\n  \""supportive of rugged individualism\"": 66,\n  \""isolationist\"": 15,\n  \""foreign policy focus\"": 85\n}""]",,16.098435878753662,15835,1024,1127,,[],['resp_02600c2811d0fc560069a814d460488196a8d89c95674947ef'],True
9d691b8e_batch0,"[""{\n  \""isolationist\"": 60,\n  \""religious rhetoric\"": 82,\n  \""populist\"": 65,\n  \""anger towards other party\"": 12,\n  \""pro welfare state\"": 25,\n  \""foreign policy focus\"": 55,\n  \""patriotic rhetoric\"": 92,\n  \""supportive of rugged individualism\"": 70\n}""]",,21.758198976516724,11621,960,1086,,[],['resp_092333dac2ba9ac60069a814d36354819592710e1b8bb3663d'],True
110a465d_batch0,"[""{\n  \""supportive of rugged individualism\"": 65,\n  \""foreign policy focus\"": 85,\n  \""populist\"": 50,\n  \""patriotic rhetoric\"": 80,\n  \""anger towards other party\"": 3,\n  \""religious rhetoric\"": 30,\n  \""pro welfare state\"": 20,\n  \""isolationist\"": 5\n}""]",,19.252992868423462,27543,704,839,,[],['resp_0ce542f4f2796d1e0069a814d5f1f8819b907e36eb16bf3142'],True
0551de55_batch0,"[""{\n  \""anger towards other party\"": 4,\n  \""patriotic rhetoric\"": 88,\n  \""pro welfare state\"": 20,\n  \""supportive of rugged individualism\"": 75,\n  \""isolationist\"": 10,\n  \""populist\"": 40,\n  \""religious rhetoric\"": 65,\n  \""foreign policy focus\"": 82\n}""]",,21.957983016967773,11992,832,933,,[],['resp_0956f86f7ca9c76d0069a814d3671c819aa3831bd5d7ea0d74'],True
920d6c54_batch0,"[""{\n\t\""foreign policy focus\"": 80,\n\t\""pro welfare state\"": 25,\n\t\""supportive of rugged individualism\"": 70,\n\t\""isolationist\"": 5,\n\t\""anger towards other party\"": 5,\n\t\""religious rhetoric\"": 45,\n\t\""populist\"": 30,\n\t\""patriotic rhetoric\"": 90\n}""]",,17.111606121063232,23166,768,855,,[],['resp_0ff9c8fe23bfa9460069a814d884c4819489b2c404e8f39726'],True
f1386e6e_batch0,"[""{\n  \""pro welfare state\"": 68,\n  \""religious rhetoric\"": 20,\n  \""foreign policy focus\"": 88,\n  \""patriotic rhetoric\"": 80,\n  \""supportive of rugged individualism\"": 70,\n  \""populist\"": 45,\n  \""isolationist\"": 8,\n  \""anger towards other party\"": 7\n}""]",,14.728526830673218,27831,832,940,,[],['resp_0d61a49e7fce72bc0069a814db608081968cdb55d2e3844b01'],True
21d728f2_batch0,"[""{\n  \""foreign policy focus\"": 85,\n  \""pro welfare state\"": 30,\n  \""supportive of rugged individualism\"": 65,\n  \""anger towards other party\"": 10,\n  \""patriotic rhetoric\"": 85,\n  \""religious rhetoric\"": 2,\n  \""populist\"": 48,\n  \""isolationist\"": 10\n}""]",,17.1916720867157,17930,768,901,,[],['resp_080404c2ae02009e0069a814d90a308198bccc78fe29bc0841'],True
f61766fd_batch0,"[""{\n  \""isolationist\"": 5,\n  \""anger towards other party\"": 3,\n  \""patriotic rhetoric\"": 90,\n  \""foreign policy focus\"": 85,\n  \""pro welfare state\"": 2,\n  \""supportive of rugged individualism\"": 70,\n  \""populist\"": 50,\n  \""religious rhetoric\"": 60\n}""]",,23.41845393180847,19928,704,842,,[],['resp_072e69463f61c1b00069a814d38240819aaa7d8e155f3c8713'],True
3d8cd15c_batch0,"[""{\n  \""populist\"": 10,\n  \""anger towards other party\"": 0,\n  \""religious rhetoric\"": 0,\n  \""isolationist\"": 5,\n  \""supportive of rugged individualism\"": 30,\n  \""pro welfare state\"": 40,\n  \""foreign policy focus\"": 25,\n  \""patriotic rhetoric\"": 40\n}""]",,13.181844234466553,3292,768,876,,[],['resp_0bf9f94c5a0af9d60069a814dd92a48194abf096f932bdd65b'],True
c4b4b911_batch0,"[""{\n  \""isolationist\"": 30,\n  \""anger towards other party\"": 2,\n  \""supportive of rugged individualism\"": 70,\n  \""foreign policy focus\"": 92,\n  \""religious rhetoric\"": 10,\n  \""patriotic rhetoric\"": 85,\n  \""pro welfare state\"": 25,\n  \""populist\"": 20\n}""]",,13.006654977798462,9780,768,893,,[],['resp_0f5002f3b06ba3f20069a814de1eb48199ab1915775a731214'],True
73f82248_batch0,"[""{\n  \""isolationist\"": 10,\n  \""anger towards other party\"": 0,\n  \""foreign policy focus\"": 95,\n  \""supportive of rugged individualism\"": 25,\n  \""pro welfare state\"": 35,\n  \""populist\"": 10,\n  \""religious rhetoric\"": 25,\n  \""patriotic rhetoric\"": 90\n}""]",,20.260932207107544,25106,704,849,,[],['resp_04fb6d55ef0c6ab70069a814d6f540819b9319ad6f1d9f8a24'],True
dd2a0120_batch0,"[""{\n  \""populist\"": 60,\n  \""pro welfare state\"": 40,\n  \""patriotic rhetoric\"": 88,\n  \""foreign policy focus\"": 78,\n  \""supportive of rugged individualism\"": 45,\n  \""religious rhetoric\"": 2,\n  \""isolationist\"": 5,\n  \""anger towards other party\"": 5\n}""]",,17.315887212753296,32106,896,1005,,[],['resp_0e6dbc2a2b4893460069a814da2188819a92a0fca621a50180'],True
cf7f5785_batch0,"[""{\n  \""isolationist\"": 70,\n  \""anger towards other party\"": 2,\n  \""patriotic rhetoric\"": 60,\n  \""supportive of rugged individualism\"": 55,\n  \""foreign policy focus\"": 70,\n  \""pro welfare state\"": 20,\n  \""religious rhetoric\"": 2,\n  \""populist\"": 40\n}""]",,22.619019985198975,20082,768,883,,[],['resp_068d51d60a936c830069a814d4e56c81968a769f89c12025ed'],True
b9a87ea5_batch0,"[""{\n\t\""patriotic rhetoric\"": 92,\n\t\""foreign policy focus\"": 80,\n\t\""populist\"": 12,\n\t\""pro welfare state\"": 4,\n\t\""supportive of rugged individualism\"": 65,\n\t\""religious rhetoric\"": 10,\n\t\""isolationist\"": 8,\n\t\""anger towards other party\"": 48\n}""]",,24.579561948776245,13068,1024,1144,,[],['resp_09e7508b301276db0069a814d361e88195aea9ca1fa8ca1aea'],True
f95717ed_batch0,"[""{\n  \""isolationist\"": 10,\n  \""foreign policy focus\"": 68,\n  \""anger towards other party\"": 8,\n  \""populist\"": 55,\n  \""supportive of rugged individualism\"": 40,\n  \""religious rhetoric\"": 12,\n  \""pro welfare state\"": 65,\n  \""patriotic rhetoric\"": 78\n}""]",,20.593898057937622,20717,768,901,,[],['resp_0b9a649d6085f8470069a814d77c30819aa4f314ab06ed8fcc'],True
094a9305_batch0,"[""{\n  \""religious rhetoric\"": 3,\n  \""isolationist\"": 5,\n  \""patriotic rhetoric\"": 60,\n  \""foreign policy focus\"": 45,\n  \""anger towards other party\"": 15,\n  \""supportive of rugged individualism\"": 55,\n  \""populist\"": 72,\n  \""pro welfare state\"": 68\n}""]",,19.52958106994629,23116,832,951,,[],['resp_0c1427e8ecc844670069a814d99d68819b8e8de4b7a8c8f591'],True
713c3651_batch0,"[""{\n\t\""supportive of rugged individualism\"": 30,\n\t\""religious rhetoric\"": 5,\n\t\""pro welfare state\"": 60,\n\t\""anger towards other party\"": 2,\n\t\""patriotic rhetoric\"": 55,\n\t\""populist\"": 50,\n\t\""isolationist\"": 10,\n\t\""foreign policy focus\"": 45\n}""]",,14.814091920852661,4938,768,853,,[],['resp_0272c10dbb1fa2740069a814de4c68819390b5ee9fbc4a57ed'],True
79ea6f48_batch0,"[""{\n  \""foreign policy focus\"": 90,\n  \""isolationist\"": 10,\n  \""pro welfare state\"": 15,\n  \""supportive of rugged individualism\"": 40,\n  \""religious rhetoric\"": 30,\n  \""patriotic rhetoric\"": 90,\n  \""anger towards other party\"": 5,\n  \""populist\"": 10\n}""]",,25.41797709465027,23842,960,1090,,[],['resp_0b8ad1797db6e5a50069a814d572108199bc6887d759406a45'],True
7452c3c8_batch0,"[""{\n\t\""foreign policy focus\"": 75,\n\t\""supportive of rugged individualism\"": 30,\n\t\""religious rhetoric\"": 40,\n\t\""populist\"": 25,\n\t\""patriotic rhetoric\"": 85,\n\t\""pro welfare state\"": 30,\n\t\""anger towards other party\"": 5,\n\t\""isolationist\"": 5\n}""]",,15.527737855911255,4013,896,986,,[],['resp_0535d68ddc41703d0069a814df94048198bb763d1a350687d9'],True
323c5b64_batch0,"[""{\n\t\""religious rhetoric\"": 10,\n\t\""isolationist\"": 10,\n\t\""pro welfare state\"": 45,\n\t\""patriotic rhetoric\"": 75,\n\t\""anger towards other party\"": 7,\n\t\""foreign policy focus\"": 70,\n\t\""populist\"": 35,\n\t\""supportive of rugged individualism\"": 20\n}""]",,12.727293968200684,7479,576,717,,[],['resp_0dbdcaac112845470069a814e373b8819b8ddd9aaa60ff1714'],True
3948dca9_batch0,"[""{\n  \""pro welfare state\"": 50,\n  \""populist\"": 10,\n  \""supportive of rugged individualism\"": 75,\n  \""patriotic rhetoric\"": 45,\n  \""religious rhetoric\"": 8,\n  \""anger towards other party\"": 2,\n  \""foreign policy focus\"": 25,\n  \""isolationist\"": 15\n}""]",,11.77764892578125,6368,576,665,,[],['resp_0840105b485bb66c0069a814e55a60819aa6d7e8bddfb5ee15'],True
bf60c49f_batch0,"[""{\n\t\""anger towards other party\"": 5,\n\t\""patriotic rhetoric\"": 70,\n\t\""foreign policy focus\"": 85,\n\t\""isolationist\"": 5,\n\t\""religious rhetoric\"": 2,\n\t\""populist\"": 50,\n\t\""pro welfare state\"": 60,\n\t\""supportive of rugged individualism\"": 20\n}""]",,16.734987020492554,6287,896,1006,,[],['resp_087df62498b2bcd60069a814e08ca0819b90d387845e290ea7'],True
4f77c8f4_batch0,"[""{\n\t\""pro welfare state\"": 3,\n\t\""religious rhetoric\"": 10,\n\t\""populist\"": 15,\n\t\""foreign policy focus\"": 85,\n\t\""supportive of rugged individualism\"": 60,\n\t\""anger towards other party\"": 2,\n\t\""patriotic rhetoric\"": 88,\n\t\""isolationist\"": 25\n}""]",,18.839752197265625,6093,1024,1111,,[],['resp_0e8f51fd401846080069a814def504819b92355d02515c1eab'],True
78d6e57e_batch0,"[""{\n  \""foreign policy focus\"": 60,\n  \""isolationist\"": 10,\n  \""supportive of rugged individualism\"": 85,\n  \""anger towards other party\"": 5,\n  \""religious rhetoric\"": 38,\n  \""populist\"": 20,\n  \""patriotic rhetoric\"": 80,\n  \""pro welfare state\"": 12\n}""]",,13.901875019073486,6059,832,942,,[],['resp_0927e85465f40f870069a814e462308193b70674575b6cee35'],True
68877c03_batch0,"[""{\n\t\""populist\"": 10,\n\t\""anger towards other party\"": 2,\n\t\""foreign policy focus\"": 85,\n\t\""isolationist\"": 5,\n\t\""religious rhetoric\"": 20,\n\t\""supportive of rugged individualism\"": 55,\n\t\""patriotic rhetoric\"": 85,\n\t\""pro welfare state\"": 45\n}""]",,18.0412118434906,7102,576,697,,[],['resp_0dcb75c032ef55800069a814e254e48199a38149ef45e63d86'],True
7f6f5de4_batch0,"[""{\n  \""pro welfare state\"": 40,\n  \""patriotic rhetoric\"": 80,\n  \""religious rhetoric\"": 25,\n  \""foreign policy focus\"": 75,\n  \""supportive of rugged individualism\"": 80,\n  \""populist\"": 40,\n  \""anger towards other party\"": 5,\n  \""isolationist\"": 60\n}""]",,13.253364324569702,8571,640,777,,[],['resp_0ef4a71efc9a58a70069a814e7f9808199b9546e6dc264c3ce'],True
580a0acf_batch0,"[""{\n  \""anger towards other party\"": 5,\n  \""foreign policy focus\"": 40,\n  \""pro welfare state\"": 30,\n  \""isolationist\"": 35,\n  \""religious rhetoric\"": 2,\n  \""patriotic rhetoric\"": 80,\n  \""supportive of rugged individualism\"": 20,\n  \""populist\"": 25\n}""]",,14.742056846618652,7526,832,931,,[],['resp_06ef44dbb8e30e2b0069a814e69c5c819a92af540b5414fa38'],True
b9c1e515_batch0,"[""{\n  \""isolationist\"": 35,\n  \""patriotic rhetoric\"": 70,\n  \""populist\"": 65,\n  \""supportive of rugged individualism\"": 25,\n  \""foreign policy focus\"": 30,\n  \""anger towards other party\"": 5,\n  \""religious rhetoric\"": 15,\n  \""pro welfare state\"": 80\n}""]",,12.330729007720947,3466,640,771,,[],['resp_02ff0c4541ecfd9f0069a814e9764481979e9898551854e152'],True
8ebe67aa_batch0,"[""{\n\t\""anger towards other party\"": 8,\n\t\""pro welfare state\"": 12,\n\t\""populist\"": 60,\n\t\""religious rhetoric\"": 40,\n\t\""foreign policy focus\"": 95,\n\t\""isolationist\"": 3,\n\t\""patriotic rhetoric\"": 80,\n\t\""supportive of rugged individualism\"": 12\n}""]",,22.353819847106934,5388,896,1012,,[],['resp_0b9133992d98f2e70069a814e15dbc81999a51d08a4d62b012'],True
c6e1ffce_batch0,"[""{\n  \""populist\"": 30,\n  \""pro welfare state\"": 70,\n  \""foreign policy focus\"": 90,\n  \""anger towards other party\"": 20,\n  \""isolationist\"": 8,\n  \""religious rhetoric\"": 35,\n  \""supportive of rugged individualism\"": 20,\n  \""patriotic rhetoric\"": 85\n}""]",,14.753758907318115,4609,896,991,,[],['resp_0d25c18743aa23240069a814ea2fd881989148c5d57e452f2c'],True
2b67ec5b_batch0,"[""{\n  \""isolationist\"": 10,\n  \""populist\"": 18,\n  \""anger towards other party\"": 0,\n  \""patriotic rhetoric\"": 75,\n  \""supportive of rugged individualism\"": 85,\n  \""religious rhetoric\"": 22,\n  \""pro welfare state\"": 30,\n  \""foreign policy focus\"": 60\n}""]",,16.105753898620605,7579,832,965,,[],['resp_0e21583220675e5a0069a814e8fed081958b0c74771e35893a'],True
e4df6ba0_batch0,"[""{\n\t\""anger towards other party\"": 1,\n\t\""religious rhetoric\"": 0,\n\t\""isolationist\"": 5,\n\t\""foreign policy focus\"": 55,\n\t\""pro welfare state\"": 86,\n\t\""patriotic rhetoric\"": 72,\n\t\""supportive of rugged individualism\"": 10,\n\t\""populist\"": 52\n}""]",,14.421249151229858,4057,768,888,,[],['resp_05afd01de8006d5b0069a814ead70c8190abdab8d9eb29f3ac'],True
8e19b8c3_batch0,"[""{\n\t\""patriotic rhetoric\"": 93,\n\t\""religious rhetoric\"": 24,\n\t\""anger towards other party\"": 12,\n\t\""foreign policy focus\"": 88,\n\t\""isolationist\"": 4,\n\t\""populist\"": 68,\n\t\""pro welfare state\"": 92,\n\t\""supportive of rugged individualism\"": 8\n}""]",,11.516798973083496,5383,704,830,,[],['resp_0776433b87df62960069a814ee28cc819a934c19a31a6cf418'],True
532fe112_batch0,"[""{\n\t\""populist\"": 20,\n\t\""religious rhetoric\"": 36,\n\t\""foreign policy focus\"": 95,\n\t\""patriotic rhetoric\"": 90,\n\t\""pro welfare state\"": 80,\n\t\""anger towards other party\"": 5,\n\t\""supportive of rugged individualism\"": 15,\n\t\""isolationist\"": 5\n}""]",,11.788799047470093,6340,640,725,,[],['resp_0cc98a52f5e1c8a00069a814ef12d481959812b30d0fe75824'],True
eb2c91d6_batch0,"[""{\n  \""pro welfare state\"": 92,\n  \""foreign policy focus\"": 18,\n  \""anger towards other party\"": 3,\n  \""isolationist\"": 12,\n  \""religious rhetoric\"": 35,\n  \""patriotic rhetoric\"": 72,\n  \""supportive of rugged individualism\"": 22,\n  \""populist\"": 58\n}""]",,15.757503986358643,4952,896,1012,,[],['resp_02c273095aa833310069a814eb98bc8199bfb5cc90394c7c24'],True
17640b31_batch0,"[""{\n  \""pro welfare state\"": 86,\n  \""supportive of rugged individualism\"": 15,\n  \""anger towards other party\"": 5,\n  \""populist\"": 20,\n  \""patriotic rhetoric\"": 90,\n  \""isolationist\"": 12,\n  \""religious rhetoric\"": 80,\n  \""foreign policy focus\"": 88\n}""]",,16.640968799591064,5296,768,889,,[],['resp_08e5e734306f3b100069a814ec6a488190a9caacf7be65a957'],True
27d18704_batch0,"[""{\n\t\""anger towards other party\"": 30,\n\t\""pro welfare state\"": 88,\n\t\""foreign policy focus\"": 75,\n\t\""religious rhetoric\"": 25,\n\t\""isolationist\"": 70,\n\t\""patriotic rhetoric\"": 82,\n\t\""populist\"": 85,\n\t\""supportive of rugged individualism\"": 12\n}""]",,16.51392102241516,5373,704,817,,[],['resp_00475708d19aee950069a814ed3ddc819493aa5fc0fa9ff250'],True
607b82f7_batch0,"[""{\n\t\""pro welfare state\"": 20,\n\t\""isolationist\"": 10,\n\t\""patriotic rhetoric\"": 75,\n\t\""populist\"": 20,\n\t\""anger towards other party\"": 5,\n\t\""supportive of rugged individualism\"": 80,\n\t\""religious rhetoric\"": 12,\n\t\""foreign policy focus\"": 45\n}""]",,10.559669017791748,12608,704,807,,[],['resp_0fd336dca2c6e0550069a814f55af0819aad7d3d7c4c95836a'],True
a61e6800_batch0,"[""{\n  \""foreign policy focus\"": 60,\n  \""anger towards other party\"": 3,\n  \""isolationist\"": 30,\n  \""religious rhetoric\"": 10,\n  \""pro welfare state\"": 25,\n  \""populist\"": 30,\n  \""supportive of rugged individualism\"": 70,\n  \""patriotic rhetoric\"": 90\n}""]",,13.18618106842041,10999,704,805,,[],['resp_085f7a9e67cdc7680069a814f381288199a4a2afa8e2d73ca1'],True
9f879aad_batch0,"[""{\n  \""anger towards other party\"": 2,\n  \""pro welfare state\"": 48,\n  \""populist\"": 12,\n  \""religious rhetoric\"": 18,\n  \""foreign policy focus\"": 65,\n  \""patriotic rhetoric\"": 85,\n  \""isolationist\"": 15,\n  \""supportive of rugged individualism\"": 75\n}""]",,16.124356985092163,10226,640,731,,[],['resp_00a2c258dcd443880069a814f1d944819a91bf3c1652d523ae'],True
56d5c539_batch0,"[""{\n\t\""patriotic rhetoric\"": 85,\n\t\""supportive of rugged individualism\"": 75,\n\t\""foreign policy focus\"": 80,\n\t\""populist\"": 20,\n\t\""anger towards other party\"": 3,\n\t\""pro welfare state\"": 45,\n\t\""religious rhetoric\"": 65,\n\t\""isolationist\"": 5\n}""]",,9.663002014160156,5708,512,605,,[],['resp_0d6edd9c21e968f80069a814f91bbc8198afbb867c1ab38c82'],True
4255acdc_batch0,"[""{\n\t\""patriotic rhetoric\"": 82,\n\t\""isolationist\"": 58,\n\t\""foreign policy focus\"": 40,\n\t\""religious rhetoric\"": 8,\n\t\""pro welfare state\"": 12,\n\t\""populist\"": 15,\n\t\""supportive of rugged individualism\"": 78,\n\t\""anger towards other party\"": 3\n}""]",,19.300318956375122,8714,896,1012,,[],['resp_05d35318950991070069a814f057f4819085aa0603b08d6b70'],True
43987383_batch0,"[""{\n\t\""foreign policy focus\"": 75,\n\t\""religious rhetoric\"": 10,\n\t\""populist\"": 10,\n\t\""supportive of rugged individualism\"": 5,\n\t\""patriotic rhetoric\"": 85,\n\t\""anger towards other party\"": 2,\n\t\""pro welfare state\"": 92,\n\t\""isolationist\"": 5\n}""]",,8.377981185913086,5731,448,559,,[],['resp_025559c3f2606aca0069a814fb5cd4819a9711d37a4536f65f'],True
7093a206_batch0,"[""{\n  \""pro welfare state\"": 15,\n  \""patriotic rhetoric\"": 82,\n  \""anger towards other party\"": 6,\n  \""foreign policy focus\"": 90,\n  \""religious rhetoric\"": 46,\n  \""populist\"": 18,\n  \""supportive of rugged individualism\"": 74,\n  \""isolationist\"": 8\n}""]",,12.994863033294678,7499,512,629,,[],['resp_0c4bce36fac63bbd0069a814f6ddec819a8ae2943553e971d6'],True
f67dc27a_batch0,"[""{\n\t\""patriotic rhetoric\"": 80,\n\t\""populist\"": 10,\n\t\""anger towards other party\"": 0,\n\t\""pro welfare state\"": 15,\n\t\""isolationist\"": 5,\n\t\""religious rhetoric\"": 15,\n\t\""supportive of rugged individualism\"": 70,\n\t\""foreign policy focus\"": 95\n}""]",,12.52565312385559,6719,640,750,,[],['resp_0363b1fc06b36a860069a814f815b4819580341e9ce20491ab'],True
c7eaed71_batch0,"[""{\n  \""isolationist\"": 10,\n  \""foreign policy focus\"": 85,\n  \""pro welfare state\"": 35,\n  \""patriotic rhetoric\"": 85,\n  \""supportive of rugged individualism\"": 70,\n  \""anger towards other party\"": 10,\n  \""religious rhetoric\"": 45,\n  \""populist\"": 25\n}""]",,10.603611946105957,6676,640,742,,[],['resp_0dc58ec5891e4b870069a814fa4e3c819bbc67fb502a9b576d'],True
f11b7b4d_batch0,"[""{\n\t\""anger towards other party\"": 2,\n\t\""patriotic rhetoric\"": 75,\n\t\""supportive of rugged individualism\"": 15,\n\t\""pro welfare state\"": 86,\n\t\""foreign policy focus\"": 92,\n\t\""religious rhetoric\"": 18,\n\t\""populist\"": 12,\n\t\""isolationist\"": 2\n}""]",,13.84756588935852,7055,640,753,,[],['resp_0dc91dbb84b173800069a814fc8e68819980bfb0c006e7d7aa'],True
bf6d8d1e_batch0,"[""{\n\t\""religious rhetoric\"": 30,\n\t\""pro welfare state\"": 88,\n\t\""patriotic rhetoric\"": 80,\n\t\""anger towards other party\"": 5,\n\t\""supportive of rugged individualism\"": 10,\n\t\""isolationist\"": 5,\n\t\""populist\"": 20,\n\t\""foreign policy focus\"": 55\n}""]",,14.340269804000854,4719,704,814,,[],['resp_01e43e2c831b0ad10069a814fd725881998a41fc6899ccf34f'],True
03b8d835_batch0,"[""{\n\t\""patriotic rhetoric\"": 85,\n\t\""pro welfare state\"": 88,\n\t\""foreign policy focus\"": 70,\n\t\""populist\"": 25,\n\t\""anger towards other party\"": 4,\n\t\""isolationist\"": 5,\n\t\""religious rhetoric\"": 30,\n\t\""supportive of rugged individualism\"": 15\n}""]",,13.28653597831726,6808,640,784,,[],['resp_00acb275aa369c390069a81500d9608197b38877771bc393ca'],True
1995f65d_batch0,"[""{\n\t\""anger towards other party\"": 1,\n\t\""supportive of rugged individualism\"": 45,\n\t\""pro welfare state\"": 70,\n\t\""foreign policy focus\"": 80,\n\t\""patriotic rhetoric\"": 88,\n\t\""religious rhetoric\"": 22,\n\t\""populist\"": 20,\n\t\""isolationist\"": 5\n}""]",,15.90554690361023,7322,640,775,,[],['resp_081810897dfdd4090069a814feb9f48194b84ef5bd48608c42'],True
f5557a07_batch0,"[""{\n\t\""pro welfare state\"": 12,\n\t\""patriotic rhetoric\"": 85,\n\t\""religious rhetoric\"": 10,\n\t\""isolationist\"": 5,\n\t\""supportive of rugged individualism\"": 70,\n\t\""populist\"": 15,\n\t\""foreign policy focus\"": 90,\n\t\""anger towards other party\"": 5\n}""]",,16.158074855804443,4922,768,866,,[],['resp_0a79273be85ca02f0069a814ffe4608196be926608f31a96fd'],True
ee33962b_batch0,"[""{\n  \""religious rhetoric\"": 80,\n  \""populist\"": 40,\n  \""patriotic rhetoric\"": 92,\n  \""anger towards other party\"": 10,\n  \""supportive of rugged individualism\"": 86,\n  \""isolationist\"": 8,\n  \""foreign policy focus\"": 78,\n  \""pro welfare state\"": 18\n}""]",,13.257629871368408,6793,768,892,,[],['resp_016324796e9f57b80069a8150687a88198b0cb69ab2fb1e915'],True
97ce865d_batch0,"[""{\n  \""isolationist\"": 6,\n  \""populist\"": 38,\n  \""religious rhetoric\"": 18,\n  \""supportive of rugged individualism\"": 58,\n  \""anger towards other party\"": 3,\n  \""foreign policy focus\"": 65,\n  \""patriotic rhetoric\"": 82,\n  \""pro welfare state\"": 62\n}""]",,15.670193910598755,6208,960,1063,,[],['resp_001b033d0c08f4b60069a815045aa081979e8c2a70baacfc16'],True
e0c703ec_batch0,"[""{\n  \""isolationist\"": 5,\n  \""patriotic rhetoric\"": 95,\n  \""anger towards other party\"": 10,\n  \""populist\"": 46,\n  \""religious rhetoric\"": 80,\n  \""supportive of rugged individualism\"": 85,\n  \""pro welfare state\"": 12,\n  \""foreign policy focus\"": 82\n}""]",,15.617241859436035,5429,768,856,,[],['resp_0affffa8c22723240069a8150583a0819a8ff33f0bb4eafcb5'],True
f6f9290e_batch0,"[""{\n  \""religious rhetoric\"": 85,\n  \""pro welfare state\"": 22,\n  \""isolationist\"": 5,\n  \""supportive of rugged individualism\"": 90,\n  \""patriotic rhetoric\"": 95,\n  \""foreign policy focus\"": 75,\n  \""anger towards other party\"": 8,\n  \""populist\"": 45\n}""]",,12.707762956619263,5897,640,740,,[],['resp_0deb642f120e8bbf0069a8150c14a48196bb4642437fa33204'],True
5a355d49_batch0,"[""{\n  \""supportive of rugged individualism\"": 85,\n  \""pro welfare state\"": 20,\n  \""isolationist\"": 5,\n  \""patriotic rhetoric\"": 90,\n  \""foreign policy focus\"": 45,\n  \""populist\"": 60,\n  \""religious rhetoric\"": 55,\n  \""anger towards other party\"": 15\n}""]",,18.731022119522095,7036,896,1041,,[],['resp_0a765a18a7dcaab50069a81507ff1c81969bb4d4c5eb861006'],True
6fdd3a86_batch0,"[""{\n\t\""anger towards other party\"": 8,\n\t\""patriotic rhetoric\"": 85,\n\t\""foreign policy focus\"": 80,\n\t\""supportive of rugged individualism\"": 45,\n\t\""pro welfare state\"": 78,\n\t\""religious rhetoric\"": 60,\n\t\""isolationist\"": 5,\n\t\""populist\"": 40\n}""]",,14.198292016983032,6703,704,820,,[],['resp_053b0a5eedc8d51b0069a8150d5adc8194a195ef9ec4b5c5ff'],True
7a95e424_batch0,"[""{\n  \""pro welfare state\"": 88,\n  \""religious rhetoric\"": 20,\n  \""isolationist\"": 5,\n  \""patriotic rhetoric\"": 85,\n  \""populist\"": 30,\n  \""foreign policy focus\"": 85,\n  \""supportive of rugged individualism\"": 40,\n  \""anger towards other party\"": 5\n}""]",,25.80683994293213,8809,576,687,,[],['resp_0e292daba29ae8100069a81502547c819aa4fdc3fd5b8178a1'],True
101cb9f8_batch0,"[""{\n  \""foreign policy focus\"": 75,\n  \""isolationist\"": 8,\n  \""anger towards other party\"": 2,\n  \""patriotic rhetoric\"": 82,\n  \""pro welfare state\"": 66,\n  \""supportive of rugged individualism\"": 24,\n  \""religious rhetoric\"": 15,\n  \""populist\"": 38\n}""]",,28.022009134292603,4798,640,729,,[],['resp_0d2f098156415f8d0069a815033aac81949da49e3bcf5312e9'],True
fd703cc3_batch0,"[""{\n  \""foreign policy focus\"": 66,\n  \""pro welfare state\"": 88,\n  \""populist\"": 18,\n  \""isolationist\"": 8,\n  \""supportive of rugged individualism\"": 32,\n  \""religious rhetoric\"": 78,\n  \""anger towards other party\"": 4,\n  \""patriotic rhetoric\"": 88\n}""]",,16.177752017974854,6726,640,732,,[],['resp_07587148797b64cb0069a8150f57c08194b822d9ffeec9b172'],True
40c260c4_batch0,"[""{\n  \""supportive of rugged individualism\"": 45,\n  \""anger towards other party\"": 10,\n  \""religious rhetoric\"": 30,\n  \""patriotic rhetoric\"": 85,\n  \""pro welfare state\"": 70,\n  \""populist\"": 60,\n  \""isolationist\"": 5,\n  \""foreign policy focus\"": 70\n}""]",,10.369663000106812,8220,512,659,,[],['resp_07dac7dab4b980590069a8151664988194a1dbabe5922a4584'],True
50492a6c_batch0,"[""{\n  \""pro welfare state\"": 12,\n  \""religious rhetoric\"": 76,\n  \""supportive of rugged individualism\"": 86,\n  \""foreign policy focus\"": 70,\n  \""anger towards other party\"": 6,\n  \""populist\"": 28,\n  \""isolationist\"": 7,\n  \""patriotic rhetoric\"": 92\n}""]",,22.45359992980957,6669,512,644,,[],['resp_0dbe70bc3881d3fc0069a8150a703c81959d16666a8c027082'],True
5f843aaf_batch0,"[""{\n  \""isolationist\"": 5,\n  \""foreign policy focus\"": 85,\n  \""supportive of rugged individualism\"": 60,\n  \""populist\"": 15,\n  \""pro welfare state\"": 55,\n  \""anger towards other party\"": 5,\n  \""religious rhetoric\"": 65,\n  \""patriotic rhetoric\"": 90\n}""]",,14.661709070205688,5442,768,907,,[],['resp_096c23bb73cee8ad0069a815140968819ba7a8fd7dc6d5119e'],True
669ea930_batch0,"[""{\n  \""religious rhetoric\"": 45,\n  \""patriotic rhetoric\"": 88,\n  \""foreign policy focus\"": 95,\n  \""supportive of rugged individualism\"": 10,\n  \""isolationist\"": 5,\n  \""pro welfare state\"": 70,\n  \""anger towards other party\"": 6,\n  \""populist\"": 10\n}""]",,13.935845851898193,5529,640,739,,[],['resp_0e37dc12ec8e541b0069a8151505b88190992adf369b76c9b5'],True
ae78cacc_batch0,"[""{\n  \""patriotic rhetoric\"": 88,\n  \""populist\"": 35,\n  \""isolationist\"": 5,\n  \""supportive of rugged individualism\"": 75,\n  \""religious rhetoric\"": 35,\n  \""pro welfare state\"": 30,\n  \""foreign policy focus\"": 75,\n  \""anger towards other party\"": 25\n}""]",,18.786351919174194,6966,960,1074,,[],['resp_0e36a1d023f0fc780069a81511a2b4819981442d00ec422d0e'],True
dccf037e_batch0,"[""{\n  \""patriotic rhetoric\"": 85,\n  \""isolationist\"": 5,\n  \""pro welfare state\"": 95,\n  \""anger towards other party\"": 8,\n  \""populist\"": 18,\n  \""religious rhetoric\"": 14,\n  \""supportive of rugged individualism\"": 10,\n  \""foreign policy focus\"": 72\n}""]",,17.945257902145386,9293,960,1084,,[],['resp_00457eb2818ad1d30069a8151333708199835de7da5ed34bff'],True
ca5f5acc_batch0,"[""{\n\t\""religious rhetoric\"": 50,\n\t\""patriotic rhetoric\"": 85,\n\t\""anger towards other party\"": 5,\n\t\""supportive of rugged individualism\"": 80,\n\t\""populist\"": 40,\n\t\""pro welfare state\"": 35,\n\t\""foreign policy focus\"": 55,\n\t\""isolationist\"": 3\n}""]",,28.13020610809326,7413,832,964,,[],['resp_088783963a8ca7520069a8150931d881998caa1be80a37325d'],True
84200bdf_batch0,"[""{\n  \""patriotic rhetoric\"": 92,\n  \""isolationist\"": 6,\n  \""foreign policy focus\"": 80,\n  \""religious rhetoric\"": 80,\n  \""supportive of rugged individualism\"": 88,\n  \""pro welfare state\"": 18,\n  \""populist\"": 64,\n  \""anger towards other party\"": 18\n}""]",,23.418509006500244,5071,768,896,,[],['resp_0fa12bfed83b43bc0069a8150e27b8819386801acb10191abb'],True
666d4a97_batch0,"[""{\n  \""foreign policy focus\"": 50,\n  \""pro welfare state\"": 90,\n  \""religious rhetoric\"": 35,\n  \""supportive of rugged individualism\"": 12,\n  \""anger towards other party\"": 18,\n  \""patriotic rhetoric\"": 78,\n  \""populist\"": 68,\n  \""isolationist\"": 3\n}""]",,26.598130226135254,4858,832,976,,[],['resp_025e32777e759eb80069a8150b20d4819598ef7da35ccc0622'],True
4ddf9602_batch0,"[""{\n\t\""populist\"": 15,\n\t\""patriotic rhetoric\"": 90,\n\t\""pro welfare state\"": 62,\n\t\""anger towards other party\"": 5,\n\t\""supportive of rugged individualism\"": 60,\n\t\""isolationist\"": 3,\n\t\""foreign policy focus\"": 88,\n\t\""religious rhetoric\"": 72\n}""]",,10.796518087387085,10429,576,718,,[],['resp_0c7d3f8fd65849ee0069a8151b2b048199800e0ceba65efbc6'],True
8cc73079_batch0,"[""{\n  \""isolationist\"": 5,\n  \""patriotic rhetoric\"": 85,\n  \""populist\"": 68,\n  \""supportive of rugged individualism\"": 25,\n  \""religious rhetoric\"": 45,\n  \""foreign policy focus\"": 55,\n  \""anger towards other party\"": 25,\n  \""pro welfare state\"": 80\n}""]",,13.437828779220581,9494,576,684,,[],['resp_070e477999a991fc0069a8151977bc819598c2437ca1773132'],True
18eb1e73_batch0,"[""{\n\t\""religious rhetoric\"": 42,\n\t\""supportive of rugged individualism\"": 80,\n\t\""anger towards other party\"": 8,\n\t\""isolationist\"": 3,\n\t\""populist\"": 32,\n\t\""pro welfare state\"": 28,\n\t\""patriotic rhetoric\"": 92,\n\t\""foreign policy focus\"": 88\n}""]",,22.784372091293335,5604,832,964,,[],['resp_0d6b18268b169dc90069a815105150819895ae7b8424aa9f84'],True
fac8ada0_batch0,"[""{\n  \""populist\"": 20,\n  \""foreign policy focus\"": 75,\n  \""religious rhetoric\"": 40,\n  \""patriotic rhetoric\"": 85,\n  \""anger towards other party\"": 15,\n  \""isolationist\"": 5,\n  \""supportive of rugged individualism\"": 30,\n  \""pro welfare state\"": 80\n}""]",,10.562087059020996,8840,640,744,,[],['resp_0af9450ae89b2ad50069a8151ca7a08193bde22b341447d506'],True
91fb5fd1_batch0,"[""{\n\t\""supportive of rugged individualism\"": 72,\n\t\""anger towards other party\"": 5,\n\t\""patriotic rhetoric\"": 85,\n\t\""populist\"": 8,\n\t\""pro welfare state\"": 65,\n\t\""religious rhetoric\"": 78,\n\t\""isolationist\"": 3,\n\t\""foreign policy focus\"": 80\n}""]",,15.801759958267212,9373,640,783,,[],['resp_0304623c99cca92b0069a815180e3481998babc2c8942082b0'],True
47b43029_batch0,"[""{\n  \""populist\"": 20,\n  \""pro welfare state\"": 35,\n  \""patriotic rhetoric\"": 90,\n  \""supportive of rugged individualism\"": 80,\n  \""isolationist\"": 5,\n  \""religious rhetoric\"": 80,\n  \""anger towards other party\"": 15,\n  \""foreign policy focus\"": 92\n}""]",,10.065017938613892,6942,640,751,,[],['resp_0328cb585af19fb90069a81521970081978b886a165a1696b7'],True
6b9e6a16_batch0,"[""{\n  \""isolationist\"": 5,\n  \""religious rhetoric\"": 60,\n  \""anger towards other party\"": 5,\n  \""patriotic rhetoric\"": 92,\n  \""pro welfare state\"": 40,\n  \""populist\"": 30,\n  \""foreign policy focus\"": 95,\n  \""supportive of rugged individualism\"": 60\n}""]",,11.464584827423096,5429,704,790,,[],['resp_07107ee51075a4aa0069a81520c5688194addacf0b51907aac'],True
df08d549_batch0,"[""{\n\t\""patriotic rhetoric\"": 92,\n\t\""religious rhetoric\"": 58,\n\t\""anger towards other party\"": 22,\n\t\""populist\"": 48,\n\t\""pro welfare state\"": 25,\n\t\""supportive of rugged individualism\"": 78,\n\t\""isolationist\"": 8,\n\t\""foreign policy focus\"": 85\n}""]",,10.99361515045166,7539,640,767,,[],['resp_04548a8afb34a40c0069a81522d80c81968f8f668c5fdd6791'],True
a3645b78_batch0,"[""{\n  \""isolationist\"": 5,\n  \""foreign policy focus\"": 58,\n  \""religious rhetoric\"": 18,\n  \""anger towards other party\"": 10,\n  \""populist\"": 28,\n  \""pro welfare state\"": 82,\n  \""supportive of rugged individualism\"": 25,\n  \""patriotic rhetoric\"": 88\n}""]",,16.740538835525513,9753,768,878,,[],['resp_0a5c4d6a37d4f89a0069a8151e2f4c819a9b1b563d6bd4dbad'],True
4f0e892f_batch0,"[""{\n  \""foreign policy focus\"": 85,\n  \""anger towards other party\"": 10,\n  \""patriotic rhetoric\"": 90,\n  \""pro welfare state\"": 55,\n  \""religious rhetoric\"": 80,\n  \""supportive of rugged individualism\"": 75,\n  \""isolationist\"": 5,\n  \""populist\"": 45\n}""]",,16.0280818939209,7245,768,873,,[],['resp_02ea13862fdda19d0069a8151f69d0819aa95801836ad6ff1e'],True
f9baae8d_batch0,"[""{\n\t\""anger towards other party\"": 10,\n\t\""populist\"": 30,\n\t\""supportive of rugged individualism\"": 80,\n\t\""foreign policy focus\"": 90,\n\t\""isolationist\"": 5,\n\t\""pro welfare state\"": 25,\n\t\""patriotic rhetoric\"": 85,\n\t\""religious rhetoric\"": 60\n}""]",,13.896962881088257,7368,960,1083,,[],['resp_0f888bdc3ea2fa700069a81524194c819ba4f2bac98d28a5d3'],True
e9469f3e_batch0,"[""{\n  \""anger towards other party\"": 10,\n  \""supportive of rugged individualism\"": 75,\n  \""patriotic rhetoric\"": 85,\n  \""isolationist\"": 5,\n  \""pro welfare state\"": 35,\n  \""populist\"": 30,\n  \""religious rhetoric\"": 60,\n  \""foreign policy focus\"": 85\n}""]",,13.654106140136719,6757,832,977,,[],['resp_02e558af1f373ca90069a8152548c48195b2aa9f464f1a0d4c'],True
f2949a34_batch0,"[""{\n  \""populist\"": 28,\n  \""pro welfare state\"": 30,\n  \""anger towards other party\"": 12,\n  \""isolationist\"": 3,\n  \""religious rhetoric\"": 57,\n  \""foreign policy focus\"": 93,\n  \""patriotic rhetoric\"": 92,\n  \""supportive of rugged individualism\"": 72\n}""]",,13.981216192245483,7078,768,913,,[],['resp_0b629fb5500709470069a815267c3c819abf3f91afe638beae'],True
1169da90_batch0,"[""{\n  \""religious rhetoric\"": 20,\n  \""populist\"": 55,\n  \""foreign policy focus\"": 60,\n  \""patriotic rhetoric\"": 88,\n  \""isolationist\"": 8,\n  \""supportive of rugged individualism\"": 35,\n  \""anger towards other party\"": 12,\n  \""pro welfare state\"": 75\n}""]",,10.297377109527588,8812,640,757,,[],['resp_09281902e744552f0069a8152ab92c8196bf031afaab359686'],True
bf538732_batch0,"[""{\n  \""populist\"": 78,\n  \""isolationist\"": 15,\n  \""supportive of rugged individualism\"": 85,\n  \""anger towards other party\"": 75,\n  \""foreign policy focus\"": 88,\n  \""patriotic rhetoric\"": 92,\n  \""religious rhetoric\"": 70,\n  \""pro welfare state\"": 15\n}""]",,12.799628019332886,8589,768,879,,[],['resp_0a37709ee8bf17350069a8152941e88195907774d540aa5530'],True
06b84194_batch0,"[""{\n  \""isolationist\"": 55,\n  \""populist\"": 80,\n  \""religious rhetoric\"": 58,\n  \""patriotic rhetoric\"": 93,\n  \""supportive of rugged individualism\"": 64,\n  \""foreign policy focus\"": 76,\n  \""anger towards other party\"": 62,\n  \""pro welfare state\"": 28\n}""]",,11.25595998764038,7732,704,817,,[],['resp_0130f2c2e12b852a0069a8152c04ec8193acb5e7903f709194'],True
728b7b1b_batch0,"[""{\n  \""pro welfare state\"": 80,\n  \""religious rhetoric\"": 30,\n  \""isolationist\"": 10,\n  \""foreign policy focus\"": 65,\n  \""supportive of rugged individualism\"": 25,\n  \""anger towards other party\"": 35,\n  \""patriotic rhetoric\"": 85,\n  \""populist\"": 45\n}""]",,9.607810020446777,8816,640,770,,[],['resp_0eebb6f1376ae3cb0069a8152edcb8819abc2c064a747ccc98'],True
aa99fb05_batch1,"[""{\n\t\""institutionalist\"": 88,\n\t\""optimistic about technological progress\"": 72\n}""]",,4.675386190414429,6947,256,337,,[],['resp_031ed6fce1f9c4b10069a81533f8888196a3cdea1fb6c5de57'],True
ebe5176c_batch0,"[""{\n  \""supportive of rugged individualism\"": 70,\n  \""religious rhetoric\"": 55,\n  \""populist\"": 68,\n  \""pro welfare state\"": 15,\n  \""patriotic rhetoric\"": 95,\n  \""anger towards other party\"": 25,\n  \""isolationist\"": 10,\n  \""foreign policy focus\"": 60\n}""]",,11.729537963867188,7980,704,798,,[],['resp_041d0f7b4cc1ce620069a8152d5f6c81958f20f9c250ed8276'],True
1dc7a0db_batch1,"[""{\n  \""optimistic about technological progress\"": 88,\n  \""institutionalist\"": 93\n}""]",,7.802410840988159,5186,448,485,,[],['resp_001b6f407a0dd5cd0069a81532c3248198b94f87adf0629b11'],True
29e1f0bf_batch0,"[""{\n  \""populist\"": 55,\n  \""foreign policy focus\"": 35,\n  \""anger towards other party\"": 10,\n  \""religious rhetoric\"": 25,\n  \""supportive of rugged individualism\"": 60,\n  \""pro welfare state\"": 50,\n  \""isolationist\"": 5,\n  \""patriotic rhetoric\"": 85\n}""]",,13.471169233322144,8918,832,961,,[],['resp_02dd155d56d90c240069a815305708819582c9c5e9489fa018'],True
16eae1e2_batch1,"[""{\n\t\""institutionalist\"": 88,\n\t\""optimistic about technological progress\"": 78\n}""]",,6.088531970977783,5678,384,424,,[],['resp_0e0c3131e70fc1500069a81538e6b0819395db6959736532d1'],True
661394b4_batch0,"[""{\n  \""populist\"": 72,\n  \""anger towards other party\"": 20,\n  \""supportive of rugged individualism\"": 50,\n  \""patriotic rhetoric\"": 85,\n  \""foreign policy focus\"": 70,\n  \""isolationist\"": 5,\n  \""pro welfare state\"": 75,\n  \""religious rhetoric\"": 30\n}""]",,23.502277851104736,7974,640,780,,[],['resp_0f0125f11aa71bf90069a81527f4f4819b804d77e9272e45b9'],True
3f302efc_batch0,"[""{\n  \""populist\"": 65,\n  \""supportive of rugged individualism\"": 45,\n  \""religious rhetoric\"": 12,\n  \""foreign policy focus\"": 65,\n  \""patriotic rhetoric\"": 86,\n  \""isolationist\"": 5,\n  \""pro welfare state\"": 68,\n  \""anger towards other party\"": 25\n}""]",,13.586735248565674,8988,768,907,,[],['resp_03565245f7b8f35f0069a81531ce4c819b839c21b55ad46bb4'],True
a1759cb4_batch0,"[""{\n\t\""anger towards other party\"": 5,\n\t\""patriotic rhetoric\"": 90,\n\t\""supportive of rugged individualism\"": 20,\n\t\""populist\"": 25,\n\t\""isolationist\"": 6,\n\t\""foreign policy focus\"": 95,\n\t\""religious rhetoric\"": 68,\n\t\""pro welfare state\"": 72\n}""]",,11.112608909606934,4754,704,792,,[],['resp_017e8f66952b38ff0069a81535e748819b92b8aec9babf186a'],True
a26d4a48_batch1,"[""{\n  \""optimistic about technological progress\"": 72,\n  \""institutionalist\"": 85\n}""]",,9.646295070648193,5696,576,603,,[],['resp_079897198666ec610069a81537dbec819683e1817c7afb3b1e'],True
b84d41e1_batch1,"[""{\n  \""institutionalist\"": 92,\n  \""optimistic about technological progress\"": 56\n}""]",,7.781348705291748,6028,320,403,,[],['resp_0c1e48b8a2867d870069a81539f5188198a3fafd742d65783e'],True
6cd9fb36_batch1,"[""{\n  \""institutionalist\"": 92,\n  \""optimistic about technological progress\"": 86\n}""]",,13.124195098876953,5615,704,786,,[],['resp_0c047b1db92d32400069a815350d6c8195b494e25792c2254b'],True
57004c56_batch0,"[""{\n  \""religious rhetoric\"": 78,\n  \""populist\"": 35,\n  \""patriotic rhetoric\"": 92,\n  \""foreign policy focus\"": 95,\n  \""isolationist\"": 2,\n  \""supportive of rugged individualism\"": 30,\n  \""anger towards other party\"": 1,\n  \""pro welfare state\"": 10\n}""]",,11.733819961547852,5097,576,716,,[],['resp_066ebbdbe7df20a90069a81536d6408194892b463cec277bbf'],True
ef7d4284_batch1,"[""{\n  \""institutionalist\"": 86,\n  \""optimistic about technological progress\"": 82\n}""]",,7.633967161178589,6415,512,549,,[],['resp_0186bc426f6822cc0069a8153c2c908199a7aef44462b40bd0'],True
be8a322e_batch1,"[""{\n\t\""optimistic about technological progress\"": 80,\n\t\""institutionalist\"": 88\n}""]",,6.2660231590271,5474,320,364,,[],['resp_0bef534511894ee10069a8153e47e4819ba09f4e56d9cfdaf7'],True
c6f3eb88_batch1,"[""{\n\t\""optimistic about technological progress\"": 60,\n\t\""institutionalist\"": 88\n}""]",,9.473137855529785,6334,704,746,,[],['resp_09c64a9b7945bc780069a8153b10b4819baa849cb69886a043'],True
e935057b_batch1,"[""{\n\t\""institutionalist\"": 92,\n\t\""optimistic about technological progress\"": 18\n}""]",,4.345886945724487,2963,192,271,,[],['resp_01641944973b8d3c0069a8154100ec8197b83c33ca2600231e'],True
d87857bf_batch1,"[""{\n  \""optimistic about technological progress\"": 25,\n  \""institutionalist\"": 92\n}""]",,5.715848207473755,2924,384,415,,[],['resp_02c2e6f44df43bdf0069a81541bf148198b546d5a89e323c40'],True
6f887208_batch1,"[""{\n  \""optimistic about technological progress\"": 10,\n  \""institutionalist\"": 78\n}""]",,6.461297035217285,2949,448,491,,[],['resp_0dd8b7ee330f81e70069a81541826c8198bbbc4cb07ad02833'],True
242ad42f_batch0,"[""{\n  \""religious rhetoric\"": 25,\n  \""anger towards other party\"": 10,\n  \""foreign policy focus\"": 85,\n  \""patriotic rhetoric\"": 75,\n  \""isolationist\"": 5,\n  \""pro welfare state\"": 70,\n  \""populist\"": 30,\n  \""supportive of rugged individualism\"": 60\n}""]",,8.86585021018982,7903,512,659,,[],['resp_0865f967123816030069a8153f9e848194a512d24bbc6e78ef'],True
b89d9802_batch1,"[""{\n\t\""optimistic about technological progress\"": 40,\n\t\""institutionalist\"": 80\n}""]",,6.873162031173706,2587,384,436,,[],['resp_0cc519ab7ad7b5b00069a8154296708198bf11b3eeaf7363fb'],True
9644a869_batch1,"[""{\n\t\""optimistic about technological progress\"": 78,\n\t\""institutionalist\"": 88\n}""]",,7.8990638256073,2596,384,449,,[],['resp_0a7c229c106d69f00069a8154237cc819ba194b8bb52ee82b6'],True
a1937ad8_batch1,"[""{\n\t\""optimistic about technological progress\"": 8,\n\t\""institutionalist\"": 82\n}""]",,5.94723916053772,6967,384,465,,[],['resp_04683a323f49f5250069a81544899c81988b95fabc3a60d53e'],True
fe7bff79_batch1,"[""{\n\t\""institutionalist\"": 90,\n\t\""optimistic about technological progress\"": 10\n}""]",,6.263617038726807,2138,384,418,,[],['resp_09b02ca15c64e8740069a815456ca8819bb643122815c2b502'],True
fa2627d0_batch1,"[""{\n\t\""institutionalist\"": 75,\n\t\""optimistic about technological progress\"": 50\n}""]",,7.975649833679199,2757,448,478,,[],['resp_06dd5d902e8dbe600069a81544f2d0819bac4178764da74f2e'],True
61d13f41_batch1,"[""{\n\t\""optimistic about technological progress\"": 20,\n\t\""institutionalist\"": 80\n}""]",,4.63015604019165,5128,256,345,,[],['resp_047db8e73434c79d0069a8154a26688197bdc1299d6dca9a1d'],True
aa15235d_batch1,"[""{\n\t\""institutionalist\"": 92,\n\t\""optimistic about technological progress\"": 78\n}""]",,6.85305380821228,1787,384,463,,[],['resp_0cd9caeebeafb3b00069a815484e74819aad7552a1f29bf5f2'],True
7cfa5243_batch1,"[""{\n  \""optimistic about technological progress\"": 78,\n  \""institutionalist\"": 82\n}""]",,7.04866623878479,5774,448,534,,[],['resp_0a999118d7268dab0069a8154943848190bf34dd49c86443b1'],True
b58e84a7_batch1,"[""{\n\t\""optimistic about technological progress\"": 18,\n\t\""institutionalist\"": 70\n}""]",,12.941915035247803,2969,320,374,,[],['resp_009d48eebe42f49c0069a81543d880819ab347b59b54347008'],True
af4761eb_batch0,"[""{\n  \""populist\"": 35,\n  \""pro welfare state\"": 80,\n  \""supportive of rugged individualism\"": 45,\n  \""foreign policy focus\"": 40,\n  \""patriotic rhetoric\"": 80,\n  \""anger towards other party\"": 30,\n  \""religious rhetoric\"": 18,\n  \""isolationist\"": 6\n}""]",,10.929403066635132,9107,640,739,,[],['resp_0798328c798316310069a8154716588199b39e575acc1bd8a8'],True
973f7b86_batch1,"[""{\n  \""institutionalist\"": 82,\n  \""optimistic about technological progress\"": 78\n}""]",,6.19545578956604,2494,448,478,,[],['resp_0d2a5a952ac8b7ca0069a8154bb6c4819a8c6fe4f2a4eaadc1'],True
6d589b4e_batch1,"[""{\n\t\""optimistic about technological progress\"": 55,\n\t\""institutionalist\"": 80\n}""]",,10.35125207901001,5460,704,754,,[],['resp_06f802e85d917fad0069a81547e0a481989255818fb6cb55ce'],True
f3a5f900_batch1,"[""{\n\t\""institutionalist\"": 92,\n\t\""optimistic about technological progress\"": 68\n}""]",,8.636219024658203,3836,512,586,,[],['resp_06dec0a316ed9e110069a8154ad53c81988ee69bc7999f95cd'],True
785fd2e6_batch1,"[""{\n\t\""institutionalist\"": 95,\n\t\""optimistic about technological progress\"": 5\n}""]",,4.678855895996094,3978,256,284,,[],['resp_007f8470f961907a0069a8154fbfa4819bb16937d7b2d5cb29'],True
899570c4_batch1,"[""{\n  \""institutionalist\"": 91,\n  \""optimistic about technological progress\"": 4\n}""]",,5.453557968139648,2780,320,410,,[],['resp_04754c0074225c050069a8154f23fc819a8c21aa79283c4475'],True
f7fd3766_batch0,"[""{\n\t\""pro welfare state\"": 82,\n\t\""isolationist\"": 10,\n\t\""foreign policy focus\"": 50,\n\t\""populist\"": 65,\n\t\""patriotic rhetoric\"": 75,\n\t\""religious rhetoric\"": 2,\n\t\""anger towards other party\"": 20,\n\t\""supportive of rugged individualism\"": 10\n}""]",,24.27294397354126,6279,704,807,,[],['resp_0faaf2488c920dd00069a8153d65a0819b8ef26a0c9f12c509'],True
3002cd89_batch1,"[""{\n\t\""optimistic about technological progress\"": 45,\n\t\""institutionalist\"": 93\n}""]",,6.289650917053223,2110,384,419,,[],['resp_0bbb1f3a0056a5c20069a815505114819bab9d79b727ee2736'],True
1d075fb2_batch1,"[""{\n  \""optimistic about technological progress\"": 4,\n  \""institutionalist\"": 88\n}""]",,6.06496000289917,2907,384,426,,[],['resp_0325490270d03fcb0069a81550c734819b824b24d74a515df7'],True
8b5f3a7c_batch1,"[""{\n  \""institutionalist\"": 90,\n  \""optimistic about technological progress\"": 25\n}""]",,9.72444486618042,2837,512,558,,[],['resp_008f276b4624737e0069a8154d2a8881979d95855b8883e3e2'],True
64ce7b9a_batch1,"[""{\n\t\""institutionalist\"": 92,\n\t\""optimistic about technological progress\"": 7\n}""]",,5.255704164505005,2255,256,316,,[],['resp_0f39d2b17eb387d50069a81551e67c8199ac58ec700933c131'],True
62d88217_batch1,"[""{\n  \""institutionalist\"": 92,\n  \""optimistic about technological progress\"": 28\n}""]",,5.58048415184021,2967,320,391,,[],['resp_0cb45faf02f4dde70069a815524ff4819aacf3bea5eb62c15f'],True
c459f031_batch1,"[""{\n\t\""institutionalist\"": 90,\n\t\""optimistic about technological progress\"": 25\n}""]",,6.714890956878662,3069,320,409,,[],['resp_03edde51ff0edd1f0069a81551e3a88190a2cc89db130c88b8'],True
b8437876_batch1,"[""{\n  \""optimistic about technological progress\"": 20,\n  \""institutionalist\"": 92\n}""]",,6.051240921020508,2977,384,450,,[],['resp_097b39193d9ebefe0069a815537b8881938962209b380ea4af'],True
8bc73971_batch0,"[""{\n  \""patriotic rhetoric\"": 85,\n  \""populist\"": 10,\n  \""anger towards other party\"": 5,\n  \""supportive of rugged individualism\"": 75,\n  \""religious rhetoric\"": 28,\n  \""pro welfare state\"": 65,\n  \""isolationist\"": 5,\n  \""foreign policy focus\"": 80\n}""]",,13.377141952514648,7900,704,827,,[],['resp_098beb55997c7fc50069a8154ca5e88199b4ea3f45d398a780'],True
687dd5a1_batch1,"[""{\n\t\""optimistic about technological progress\"": 40,\n\t\""institutionalist\"": 90\n}""]",,5.650666952133179,2966,320,370,,[],['resp_03bf9272f4d8465e0069a81554cf0481969b276aebaa2190f9'],True
5cbcb750_batch0,"[""{\n\t\""religious rhetoric\"": 50,\n\t\""isolationist\"": 8,\n\t\""patriotic rhetoric\"": 85,\n\t\""populist\"": 15,\n\t\""anger towards other party\"": 5,\n\t\""foreign policy focus\"": 88,\n\t\""pro welfare state\"": 65,\n\t\""supportive of rugged individualism\"": 72\n}""]",,12.231251001358032,8407,640,727,,[],['resp_07f13f8d276fcaab0069a8154ea3ac81979f00787529309ba0'],True
79fcfb33_batch1,"[""{\n\t\""institutionalist\"": 92,\n\t\""optimistic about technological progress\"": 60\n}""]",,6.171087026596069,3815,320,409,,[],['resp_0cac7a5bf4f259e40069a81555749c819b8e18040adf1942a2'],True
e6541111_batch1,"[""{\n  \""institutionalist\"": 90,\n  \""optimistic about technological progress\"": 12\n}""]",,4.2403669357299805,3904,320,347,,[],['resp_07702fe04c142fb20069a815593b2c8190a2f06fad972cd75c'],True
5a307f34_batch1,"[""{\n\t\""institutionalist\"": 90,\n\t\""optimistic about technological progress\"": 60\n}""]",,6.103009939193726,3650,384,455,,[],['resp_0204412e877733a20069a815576f80819b86276c95c3dc27f9'],True
286e8b68_batch1,"[""{\n  \""optimistic about technological progress\"": 40,\n  \""institutionalist\"": 88\n}""]",,6.328214883804321,3332,448,488,,[],['resp_04a74adb6319ddcb0069a8155806a4819bb1c356c2de112d16'],True
3a248744_batch1,"[""{\n\t\""optimistic about technological progress\"": 7,\n\t\""institutionalist\"": 88\n}""]",,7.77545428276062,3303,384,424,,[],['resp_0d3f9c3cc564fa9c0069a81556cae08199b4cec7521670e517'],True
bde8d937_batch1,"[""{\n\t\""optimistic about technological progress\"": 30,\n\t\""institutionalist\"": 92\n}""]",,8.730094194412231,4217,384,433,,[],['resp_04155c503fca718d0069a81558249c8197809b13d2ea1cc6b8'],True
7cbaf103_batch1,"[""{\n\t\""institutionalist\"": 90,\n\t\""optimistic about technological progress\"": 45\n}""]",,7.173072814941406,2632,384,439,,[],['resp_0b7bd07cf60d3efa0069a8155898b481938bcfdb561d195a34'],True
2f926b27_batch0,"[""{\n  \""foreign policy focus\"": 88,\n  \""isolationist\"": 5,\n  \""patriotic rhetoric\"": 82,\n  \""pro welfare state\"": 45,\n  \""anger towards other party\"": 7,\n  \""supportive of rugged individualism\"": 78,\n  \""populist\"": 18,\n  \""religious rhetoric\"": 12\n}""]",,11.613476276397705,8974,512,651,,[],['resp_0f603523490b54f30069a8155478c8819b89ea97af468eec86'],True
bdb084bc_batch1,"[""{\n\t\""institutionalist\"": 88,\n\t\""optimistic about technological progress\"": 22\n}""]",,7.685460805892944,3158,448,523,,[],['resp_0d3d7c0bb4bb1c8b0069a81559c9a4819b8724060cc7c590d1'],True
5fbf744c_batch1,"[""{\n\t\""institutionalist\"": 80,\n\t\""optimistic about technological progress\"": 15\n}""]",,5.6779820919036865,4294,320,366,,[],['resp_01677f2f4b8136710069a8155bccb48190820321b4f652b0f3'],True
e3b8d5cb_batch1,"[""{\n\t\""optimistic about technological progress\"": 60,\n\t\""institutionalist\"": 90\n}""]",,8.02416706085205,4129,512,552,,[],['resp_0afdf62fef16f6180069a8155a7d84819ab56394353663651c'],True
90e24e5e_batch1,"[""{\n  \""optimistic about technological progress\"": 28,\n  \""institutionalist\"": 88\n}""]",,6.354188919067383,4296,448,514,,[],['resp_07520d9771ac770d0069a8155c8a8c8190b36ed5fe11ba41a8'],True
4c97c76c_batch1,"[""{\n  \""institutionalist\"": 87,\n  \""optimistic about technological progress\"": 12\n}""]",,8.537859916687012,3015,384,437,,[],['resp_0912ce69a18c69750069a8155b11048195bc194c2271115a9b'],True
cc60b57b_batch1,"[""{\n\t\""institutionalist\"": 90,\n\t\""optimistic about technological progress\"": 5\n}""]",,5.291656017303467,5560,256,341,,[],['resp_099e821c9093c9980069a8155ef82481949d474e07dc6a6489'],True
f72d0b55_batch1,"[""{\n\t\""optimistic about technological progress\"": 30,\n\t\""institutionalist\"": 90\n}""]",,6.9750189781188965,4527,384,441,,[],['resp_076e551d84565fe10069a8155e0f988195b959fc439df5c8d8'],True
a237dc3e_batch1,"[""{\n\t\""optimistic about technological progress\"": 40,\n\t\""institutionalist\"": 92\n}""]",,7.32784104347229,5584,448,504,,[],['resp_084d82ad302f2d680069a8155fe61c819bae8f688592b75063'],True
466c68bb_batch1,"[""{\n\t\""optimistic about technological progress\"": 40,\n\t\""institutionalist\"": 95\n}""]",,10.693372964859009,4371,512,580,,[],['resp_02989df2a82cf1b30069a8155d634881968e4a493b480e7682'],True
44bb66d3_batch1,"[""{\n\t\""optimistic about technological progress\"": 22,\n\t\""institutionalist\"": 88\n}""]",,8.509115219116211,5896,384,449,,[],['resp_03580420fdc904ff0069a81560dcec81998e0083df9c31fa4a'],True
5846029f_batch1,"[""{\n  \""optimistic about technological progress\"": 34,\n  \""institutionalist\"": 92\n}""]",,7.676056146621704,5520,512,557,,[],['resp_0887b9737eb2bebb0069a81561c348819996e0b5f60f6a0e26'],True
86d586d8_batch1,"[""{\n  \""optimistic about technological progress\"": 62,\n  \""institutionalist\"": 92\n}""]",,6.544173002243042,7203,320,401,,[],['resp_0987d168003a0e1a0069a81564457c819586c7bd837be8ddfe'],True
f94ff35f_batch1,"[""{\n\t\""institutionalist\"": 90,\n\t\""optimistic about technological progress\"": 75\n}""]",,5.953140020370483,8454,256,331,,[],['resp_05ea7f4358a20e1c0069a8156692848198a64deca11dbc257f'],True
bdfa604c_batch1,"[""{\n  \""optimistic about technological progress\"": 60,\n  \""institutionalist\"": 92\n}""]",,7.748658180236816,7850,448,517,,[],['resp_0f10cb54e884af980069a81565424c819b80462af7fd3247bf'],True
dca189d0_batch0,"[""{\n  \""isolationist\"": 3,\n  \""populist\"": 12,\n  \""supportive of rugged individualism\"": 20,\n  \""foreign policy focus\"": 92,\n  \""patriotic rhetoric\"": 85,\n  \""religious rhetoric\"": 38,\n  \""pro welfare state\"": 78,\n  \""anger towards other party\"": 8\n}""]",,11.167675971984863,7068,768,888,,[],['resp_0cfcf928a972739a0069a81562e5c08190bdb58034a676579f'],True
eaa01f9a_batch1,"[""{\n\t\""optimistic about technological progress\"": 66,\n\t\""institutionalist\"": 92\n}""]",,5.902786016464233,9140,384,449,,[],['resp_0cbca1864843c3350069a8156961c4819bbf66505873488ff3'],True
926f4e71_batch1,"[""{\n  \""optimistic about technological progress\"": 38,\n  \""institutionalist\"": 87\n}""]",,5.54248309135437,9148,320,405,,[],['resp_0a1a71569c922f680069a8156ad4bc819994483bdc496c861d'],True
434bcc8e_batch1,"[""{\n\t\""institutionalist\"": 85,\n\t\""optimistic about technological progress\"": 90\n}""]",,10.452281951904297,8653,384,442,,[],['resp_01bbcac4bed174e30069a81567ebc881998ce57a18b1ac30fb'],True
1b72da80_batch1,"[""{\n\t\""optimistic about technological progress\"": 22,\n\t\""institutionalist\"": 92\n}""]",,7.797641277313232,9446,384,468,,[],['resp_0a50d6b1b7107cc50069a8156c3dcc819aba9ce5bb96024c5b'],True
1d9a3f33_batch1,"[""{\n\t\""institutionalist\"": 88,\n\t\""optimistic about technological progress\"": 28\n}""]",,6.747521162033081,9491,448,499,,[],['resp_03b342bdc65964790069a8156db4148198b46509c5a027bd9e'],True
a5272217_batch1,"[""{\n\t\""optimistic about technological progress\"": 40,\n\t\""institutionalist\"": 90\n}""]",,6.449671030044556,9646,320,400,,[],['resp_011d75183a549e020069a8156f7a0c8197bbc1d8ed80e1818b'],True
3bd40ee8_batch1,"[""{\n\t\""optimistic about technological progress\"": 70,\n\t\""institutionalist\"": 92\n}""]",,9.409761190414429,9997,512,548,,[],['resp_0fb93786dec80c470069a81570bd7c8195b9ab9dcfda6031ee'],True
7b2c53b7_batch1,"[""{\n  \""institutionalist\"": 90,\n  \""optimistic about technological progress\"": 33\n}""]",,5.658606052398682,10112,256,316,,[],['resp_0d3869ade648ea260069a8157714e88196bf1c1a7c37aca328'],True
6b94c8bf_batch1,"[""{\n  \""institutionalist\"": 92,\n  \""optimistic about technological progress\"": 72\n}""]",,7.7312541007995605,9707,512,580,,[],['resp_0956546c603738660069a815755160819697f863b53a06b1ef'],True
0e735e8c_batch0,"[""{\n  \""populist\"": 15,\n  \""patriotic rhetoric\"": 85,\n  \""supportive of rugged individualism\"": 45,\n  \""pro welfare state\"": 75,\n  \""anger towards other party\"": 5,\n  \""foreign policy focus\"": 78,\n  \""religious rhetoric\"": 25,\n  \""isolationist\"": 3\n}""]",,11.875555992126465,9462,704,824,,[],['resp_0e62e1e1e6012b180069a81573d93c8197bda968bbf906bfd7'],True
e5e52f41_batch0,"[""{\n\t\""anger towards other party\"": 25,\n\t\""isolationist\"": 5,\n\t\""foreign policy focus\"": 45,\n\t\""supportive of rugged individualism\"": 45,\n\t\""patriotic rhetoric\"": 88,\n\t\""religious rhetoric\"": 15,\n\t\""populist\"": 65,\n\t\""pro welfare state\"": 85\n}""]",,14.46521806716919,9328,768,898,,[],['resp_0c56de80b61e211a0069a815724540819682473677149bfbfc'],True
c6d42d26_batch1,"[""{\n\t\""institutionalist\"": 90,\n\t\""optimistic about technological progress\"": 38\n}""]",,8.703278064727783,9923,384,442,,[],['resp_08461cd4f7f2f9d40069a8157a2e548197a152421b5e80850d'],True
0824ac4d_batch0,"[""{\n\t\""anger towards other party\"": 10,\n\t\""foreign policy focus\"": 92,\n\t\""patriotic rhetoric\"": 80,\n\t\""isolationist\"": 5,\n\t\""populist\"": 40,\n\t\""supportive of rugged individualism\"": 25,\n\t\""religious rhetoric\"": 30,\n\t\""pro welfare state\"": 85\n}""]",,10.929951906204224,10411,576,706,,[],['resp_0eee05950a7fa5b60069a815787d988199aed5e09bc39067f9'],True
513c35fc_batch1,"[""{\n  \""institutionalist\"": 90,\n  \""optimistic about technological progress\"": 28\n}""]",,8.390268087387085,10852,256,311,,[],['resp_00f6f6d0f82f76630069a8157bcf9c8198af7fd01d116ccceb'],True
5dd5ff42_batch1,"[""{\n\t\""optimistic about technological progress\"": 85,\n\t\""institutionalist\"": 93\n}""]",,8.382673978805542,11042,384,434,,[],['resp_0e5347d276a176440069a8157f0960819789f1d965f6ce4a90'],True
9d739a0b_batch1,"[""{\n  \""optimistic about technological progress\"": 60,\n  \""institutionalist\"": 90\n}""]",,7.826096057891846,9259,448,494,,[],['resp_01ea2474e25b56e10069a815822b008193ab49d5cf853ed883'],True
2b77a957_batch1,"[""{\n\t\""institutionalist\"": 94,\n\t\""optimistic about technological progress\"": 72\n}""]",,4.5349791049957275,10048,256,305,,[],['resp_06fbbf89581ab10f0069a815858a348196bebd3955720636cf'],True
33ba29bc_batch1,"[""{\n\t\""institutionalist\"": 92,\n\t\""optimistic about technological progress\"": 75\n}""]",,11.887812852859497,11112,576,616,,[],['resp_016e215019a10ac60069a81580bd6c819495a71ed4d5982061'],True
ab04fa58_batch0,"[""{\n  \""anger towards other party\"": 32,\n  \""populist\"": 68,\n  \""pro welfare state\"": 88,\n  \""isolationist\"": 6,\n  \""foreign policy focus\"": 78,\n  \""religious rhetoric\"": 28,\n  \""supportive of rugged individualism\"": 12,\n  \""patriotic rhetoric\"": 84\n}""]",,15.679328203201294,10274,832,961,,[],['resp_0230b1988946dd300069a8157d6d10819b9e0a38deb9008990'],True
b4123d9c_batch1,"[""{\n  \""optimistic about technological progress\"": 88,\n  \""institutionalist\"": 93\n}""]",,8.89078688621521,11960,384,456,,[],['resp_072c01bff269c4a60069a8158752d4819bbab62d81836534c1'],True
0551de55_batch1,"[""{\n  \""optimistic about technological progress\"": 74,\n  \""institutionalist\"": 92\n}""]",,8.151446104049683,11603,576,604,,[],['resp_0ead12f72171edc90069a8158b1b94819bb6ad29e801fdbc4a'],True
8487d8fe_batch0,"[""{\n  \""isolationist\"": 5,\n  \""pro welfare state\"": 70,\n  \""patriotic rhetoric\"": 85,\n  \""religious rhetoric\"": 70,\n  \""supportive of rugged individualism\"": 60,\n  \""foreign policy focus\"": 60,\n  \""populist\"": 65,\n  \""anger towards other party\"": 20\n}""]",,11.202100992202759,11457,704,847,,[],['resp_0d2abcbb6a3a31960069a8158928d48198ac6697bc52de2fb8'],True
20fa96f6_batch1,"[""{\n\t\""optimistic about technological progress\"": 35,\n\t\""institutionalist\"": 92\n}""]",,7.17259407043457,12576,384,424,,[],['resp_0f5d8c4c71d9ec0d0069a815929d488198a383752e9854ae1b'],True
064e15aa_batch1,"[""{\n\t\""optimistic about technological progress\"": 48,\n\t\""institutionalist\"": 90\n}""]",,9.581993103027344,12266,576,643,,[],['resp_057e41eeaf5e02380069a815907f90819ba391f3cdbcc746cc'],True
e607b899_batch0,"[""{\n  \""foreign policy focus\"": 65,\n  \""populist\"": 25,\n  \""isolationist\"": 5,\n  \""pro welfare state\"": 88,\n  \""religious rhetoric\"": 35,\n  \""anger towards other party\"": 15,\n  \""supportive of rugged individualism\"": 30,\n  \""patriotic rhetoric\"": 85\n}""]",,13.837194919586182,11610,832,951,,[],['resp_05154f20c1fc73950069a8158cd1348199bfc1cf81c4659f40'],True
971c5d41_batch0,"[""{\n\t\""religious rhetoric\"": 30,\n\t\""patriotic rhetoric\"": 92,\n\t\""anger towards other party\"": 2,\n\t\""isolationist\"": 3,\n\t\""supportive of rugged individualism\"": 35,\n\t\""pro welfare state\"": 82,\n\t\""foreign policy focus\"": 95,\n\t\""populist\"": 18\n}""]",,13.300986289978027,12281,832,934,,[],['resp_05eae5cde738135c0069a8158ea584819a81a328144e169c82'],True
4d9cbbd8_batch1,"[""{\n\t\""optimistic about technological progress\"": 80,\n\t\""institutionalist\"": 92\n}""]",,6.246067762374878,10521,384,460,,[],['resp_0f6aac0e25b15cb60069a81595f5c4819780036a0afe72d965'],True
b9a87ea5_batch1,"[""{\n\t\""optimistic about technological progress\"": 58,\n\t\""institutionalist\"": 92\n}""]",,9.247540950775146,12679,320,406,,[],['resp_082a349f3244c7320069a8159466a081948564b224913cf839'],True
ac657cc2_batch0,"[""{\n\t\""religious rhetoric\"": 25,\n\t\""patriotic rhetoric\"": 85,\n\t\""foreign policy focus\"": 65,\n\t\""supportive of rugged individualism\"": 20,\n\t\""populist\"": 80,\n\t\""anger towards other party\"": 78,\n\t\""isolationist\"": 8,\n\t\""pro welfare state\"": 88\n}""]",,30.21316695213318,11031,768,897,,[],['resp_09d6e41553b499530069a815847a1c819abe835f0db25e7874'],True
d0e93f5e_batch1,"[""{\n  \""optimistic about technological progress\"": 30,\n  \""institutionalist\"": 90\n}""]",,7.680212020874023,12524,576,604,,[],['resp_0831233e0b381f980069a8159e71c881998c69ba7aa9174f24'],True
d1072a4e_batch0,"[""{\n\t\""isolationist\"": 7,\n\t\""supportive of rugged individualism\"": 22,\n\t\""patriotic rhetoric\"": 85,\n\t\""populist\"": 75,\n\t\""anger towards other party\"": 40,\n\t\""religious rhetoric\"": 45,\n\t\""foreign policy focus\"": 60,\n\t\""pro welfare state\"": 85\n}""]",,15.84443974494934,12334,704,825,,[],['resp_0e9d0e169571a2f10069a815980e208195b84cef6131c70d93'],True
aa4bb518_batch1,"[""{\n\t\""optimistic about technological progress\"": 88,\n\t\""institutionalist\"": 92\n}""]",,12.751966953277588,7633,448,533,,[],['resp_0975f98b1b79ce470069a8159b208c81978e2dc6d130717659'],True
fed1da88_batch1,"[""{\n  \""institutionalist\"": 95,\n  \""optimistic about technological progress\"": 62\n}""]",,6.069529056549072,8990,384,424,,[],['resp_030cd5c8d481442c0069a815a232a48193b4c74c7f3a776ee4'],True
33e41a2a_batch1,"[""{\n\t\""optimistic about technological progress\"": 40,\n\t\""institutionalist\"": 93\n}""]",,11.884302139282227,8696,512,582,,[],['resp_0d4014310de3c1830069a8159c7c34819a850e60b1de81bcd6'],True
586c898f_batch0,"[""{\n  \""pro welfare state\"": 25,\n  \""patriotic rhetoric\"": 78,\n  \""populist\"": 22,\n  \""religious rhetoric\"": 42,\n  \""isolationist\"": 75,\n  \""anger towards other party\"": 2,\n  \""foreign policy focus\"": 60,\n  \""supportive of rugged individualism\"": 88\n}""]",,16.19705104827881,13380,1024,1120,,[],['resp_01b193a43f7ab8150069a81599e9748197b3560be277d32900'],True
1501be28_batch1,"[""{\n  \""institutionalist\"": 92,\n  \""optimistic about technological progress\"": 58\n}""]",,8.568851947784424,13571,512,539,,[],['resp_0324df25c73b7faf0069a815a40f8c8194ac7f6c2721c70c71'],True
aadcab0f_batch1,"[""{\n\t\""optimistic about technological progress\"": 72,\n\t\""institutionalist\"": 92\n}""]",,7.265328884124756,9538,512,545,,[],['resp_038910b0c610db640069a815a779f4819abafdb0a1506334cd'],True
e4c7630d_batch1,"[""{\n\t\""institutionalist\"": 92,\n\t\""optimistic about technological progress\"": 47\n}""]",,6.368359088897705,7932,384,450,,[],['resp_0ae530da715d52250069a815a8c300819a90136461daf43b79'],True
d3af98cc_batch0,"[""{\n  \""pro welfare state\"": 45,\n  \""foreign policy focus\"": 80,\n  \""anger towards other party\"": 3,\n  \""supportive of rugged individualism\"": 78,\n  \""religious rhetoric\"": 15,\n  \""patriotic rhetoric\"": 70,\n  \""isolationist\"": 15,\n  \""populist\"": 10\n}""]",,15.241371870040894,13767,704,825,,[],['resp_04a9a87665f86bd50069a815a0725c8199bd81b808c2c07428'],True
96e8ad53_batch1,"[""{\n\t\""optimistic about technological progress\"": 50,\n\t\""institutionalist\"": 90\n}""]",,12.545696020126343,13781,576,655,,[],['resp_0237bba09a0c62d40069a815a6231c8195b489267c20548510'],True
6317e903_batch1,"[""{\n\t\""optimistic about technological progress\"": 68,\n\t\""institutionalist\"": 92\n}""]",,8.855539083480835,8486,448,501,,[],['resp_067ae580b92d3ea80069a815aa25988198a660e79e7f247aef'],True
0e843ba2_batch1,"[""{\n\t\""optimistic about technological progress\"": 72,\n\t\""institutionalist\"": 92\n}""]",,8.971680164337158,10798,448,485,,[],['resp_0bf4e04e71a3a9470069a815abf2d88197ba5f8a5990fd7544'],True
cb09259c_batch1,"[""{\n\t\""optimistic about technological progress\"": 60,\n\t\""institutionalist\"": 90\n}""]",,6.83458399772644,9921,320,395,,[],['resp_0db44552075918100069a815af303c8199854809cd1b24609f'],True
9d691b8e_batch1,"[""{\n\t\""optimistic about technological progress\"": 72,\n\t\""institutionalist\"": 98\n}""]",,8.833694219589233,11232,512,556,,[],['resp_0ce0aa53f9f77cff0069a815ad93708193a1d1c081478b7e15'],True
1ac4527f_batch1,"[""{\n  \""optimistic about technological progress\"": 67,\n  \""institutionalist\"": 92\n}""]",,7.494114875793457,11814,448,483,,[],['resp_0760952e3e3139140069a815b0fe20819699c3214df7367cbe'],True
4a3a2b8d_batch1,"[""{\n  \""optimistic about technological progress\"": 60,\n  \""institutionalist\"": 90\n}""]",,6.315403938293457,12308,384,450,,[],['resp_0225d5893b9dcc0e0069a815b2ecac819897d2274574ce0dd2'],True
11393cc2_batch1,"[""{\n  \""institutionalist\"": 92,\n  \""optimistic about technological progress\"": 33\n}""]",,8.61311674118042,12880,384,465,,[],['resp_0e6634b5ec61e1cb0069a815b4ee74819487fe6fe6bcce683c'],True
61368202_batch1,"[""{\n  \""optimistic about technological progress\"": 78,\n  \""institutionalist\"": 90\n}""]",,7.245287179946899,9659,320,410,,[],['resp_0c53f97704e95ae90069a815b66cd481948264d24af9b5d4ea'],True
256801d6_batch1,"[""{\n  \""optimistic about technological progress\"": 72,\n  \""institutionalist\"": 90\n}""]",,7.842451810836792,10742,448,532,,[],['resp_0688f034aade9cfa0069a815b81ea08197aa2e3bb5d373245a'],True
1989c6eb_batch1,"[""{\n  \""optimistic about technological progress\"": 75,\n  \""institutionalist\"": 90\n}""]",,8.45029592514038,12000,576,655,,[],['resp_02a76f89061ec3720069a815ba065081949c4ea514cdef222b'],True
b2831d55_batch1,"[""{\n\t\""institutionalist\"": 92,\n\t\""optimistic about technological progress\"": 20\n}""]",,6.362489223480225,13886,320,373,,[],['resp_08b4b7ce54ed2a1b0069a815bc0ba4819bb77d136edbb60cc4'],True
ff83fe27_batch1,"[""{\n  \""optimistic about technological progress\"": 12,\n  \""institutionalist\"": 88\n}""]",,7.338363885879517,6684,384,415,,[],['resp_070720cfeebd6fc90069a815bdaea08196929e32c6d07b03c9'],True
5d3d79df_batch1,"[""{\n  \""optimistic about technological progress\"": 22,\n  \""institutionalist\"": 88\n}""]",,6.66136908531189,14270,384,429,,[],['resp_09a82fb37af876410069a815bf52d4819ab6920b0b922dc8ef'],True
85004c71_batch1,"[""{\n  \""optimistic about technological progress\"": 72,\n  \""institutionalist\"": 93\n}""]",,6.675848960876465,14065,448,475,,[],['resp_0fcc4ad0692e488e0069a815c17be48196955e4ef80fc86caf'],True
af247b3c_batch1,"[""{\n  \""institutionalist\"": 90,\n  \""optimistic about technological progress\"": 92\n}""]",,5.888023138046265,14818,320,407,,[],['resp_037d2210a31ad56d0069a815c3ba3c819a9865841035693b67'],True
bcc98584_batch1,"[""{\n\t\""optimistic about technological progress\"": 74,\n\t\""institutionalist\"": 92\n}""]",,5.209490776062012,13928,384,412,,[],['resp_0a759cab1b32cebf0069a815c5f8c881999d476343079ac4c6'],True
055f6851_batch1,"[""{\n\t\""optimistic about technological progress\"": 30,\n\t\""institutionalist\"": 88\n}""]",,5.982737064361572,15245,320,398,,[],['resp_0eb2d85a47d7a12a0069a815c8217881908494db4060a3919d'],True
1abbde6e_batch1,"[""{\n  \""optimistic about technological progress\"": 58,\n  \""institutionalist\"": 88\n}""]",,7.220292091369629,15493,576,613,,[],['resp_0785b8e5db9b09110069a815ca72588199afc9964d333ef611'],True
b4512c89_batch1,"[""{\n\t\""institutionalist\"": 87,\n\t\""optimistic about technological progress\"": 58\n}""]",,5.7630391120910645,15446,384,434,,[],['resp_03fe671cc22024f10069a815ccc6308196a05a0f13389a563e'],True
f9c94ccd_batch1,"[""{\n  \""optimistic about technological progress\"": 30,\n  \""institutionalist\"": 90\n}""]",,7.779479742050171,15873,448,498,,[],['resp_00b6e1f63edffa5f0069a815cf1fdc819b9f5a767f00c4240e'],True
ef5733ff_batch1,"[""{\n  \""institutionalist\"": 94,\n  \""optimistic about technological progress\"": 68\n}""]",,9.55036187171936,15863,576,645,,[],['resp_051536c72415329f0069a815d1c964819bb9923a539fdb7ce9'],True
278821b0_batch1,"[""{\n  \""optimistic about technological progress\"": 75,\n  \""institutionalist\"": 95\n}""]",,8.368660926818848,15778,512,579,,[],['resp_04c40fa5f93527480069a815d8b0d88197bde03415869e9f8d'],True
1af582f6_batch0,"[""{\n  \""isolationist\"": 4,\n  \""supportive of rugged individualism\"": 35,\n  \""pro welfare state\"": 40,\n  \""patriotic rhetoric\"": 76,\n  \""religious rhetoric\"": 3,\n  \""populist\"": 7,\n  \""foreign policy focus\"": 88,\n  \""anger towards other party\"": 2\n}""]",,11.686283826828003,16504,768,881,,[],['resp_0af97dd03c077b960069a815d65238819a8a8860761f5334ad'],True
8a15d6a4_batch1,"[""{\n\t\""optimistic about technological progress\"": 72,\n\t\""institutionalist\"": 88\n}""]",,7.091845273971558,16147,320,402,,[],['resp_0a13eec83c95b6270069a815ddb1c88198887ccb6bfc748532'],True
01e61af1_batch1,"[""{\n  \""optimistic about technological progress\"": 75,\n  \""institutionalist\"": 92\n}""]",,10.645482063293457,15924,448,493,,[],['resp_0f01ba4535ff2ca30069a815db1fc4819387cf0b6dd919e290'],True
5f61fd2e_batch0,"[""{\n  \""populist\"": 20,\n  \""religious rhetoric\"": 0,\n  \""pro welfare state\"": 90,\n  \""foreign policy focus\"": 60,\n  \""anger towards other party\"": 0,\n  \""supportive of rugged individualism\"": 20,\n  \""isolationist\"": 5,\n  \""patriotic rhetoric\"": 40\n}""]",,18.868865251541138,15308,1088,1198,,[],['resp_057fedc7fb6677f40069a815d40b24819b97f3209b85b9e535'],True
810575b3_batch1,"[""{\n\t\""institutionalist\"": 95,\n\t\""optimistic about technological progress\"": 12\n}""]",,5.347127914428711,16926,256,335,,[],['resp_0c020e0991a921980069a815e28830819aac35c11efd212f11'],True
84f17467_batch1,"[""{\n  \""institutionalist\"": 92,\n  \""optimistic about technological progress\"": 60\n}""]",,11.315288782119751,16419,768,834,,[],['resp_048e03c06228dffa0069a815e02c6c8198b897754f74f994e1'],True
bdb008fb_batch1,"[""{\n\t\""optimistic about technological progress\"": 40,\n\t\""institutionalist\"": 92\n}""]",,8.380054235458374,17627,512,541,,[],['resp_0c0d4e9394687cc40069a815ea55108199884510746e0226df'],True
921c3c4f_batch1,"[""{\n  \""institutionalist\"": 90,\n  \""optimistic about technological progress\"": 88\n}""]",,13.989942789077759,17268,512,548,,[],['resp_01e71eb6662b431f0069a815e528388199a8ba5f2a776d9c82'],True
f068e6d5_batch1,"[""{\n  \""optimistic about technological progress\"": 30,\n  \""institutionalist\"": 92\n}""]",,12.11983609199524,17582,320,407,,[],['resp_01a198ce64c326350069a815e7c7708196adcd51744a27a72d'],True
5aa96acd_batch1,"[""{\n  \""institutionalist\"": 88,\n  \""optimistic about technological progress\"": 72\n}""]",,6.738452196121216,18182,320,375,,[],['resp_059c03e2da54a3f30069a815eff2d4819ba7cf8c46771d308a'],True
e347cf78_batch1,"[""{\n\t\""institutionalist\"": 90,\n\t\""optimistic about technological progress\"": 22\n}""]",,11.588905811309814,18194,320,404,,[],['resp_025e10c45ba25abf0069a815ed19b08199b6a91fb5f894b932'],True
1af582f6_batch1,"[""{\n  \""institutionalist\"": 90,\n  \""optimistic about technological progress\"": 72\n}""]",,5.895031690597534,16115,384,437,,[],['resp_02e513c83bf367220069a815f4fe008195bffc3b1b71b85a3f'],True
8e343b3f_batch1,"[""{\n  \""institutionalist\"": 90,\n  \""optimistic about technological progress\"": 72\n}""]",,6.6865551471710205,19118,320,387,,[],['resp_0aef27dde50bbdcd0069a815f7dc3c81969fc615c01b255756'],True
78dfc9f9_batch1,"[""{\n  \""institutionalist\"": 94,\n  \""optimistic about technological progress\"": 63\n}""]",,15.859446048736572,18887,576,649,,[],['resp_053e195f2166e0af0069a815f2bcfc819383970d76fc8b40d0'],True
f61766fd_batch1,"[""{\n\t\""optimistic about technological progress\"": 45,\n\t\""institutionalist\"": 93\n}""]",,9.456310033798218,19539,320,403,,[],['resp_0772c597afa535730069a815fac4c08199a4aa838ea3d57197'],True
3c813bfd_batch1,"[""{\n\t\""institutionalist\"": 92,\n\t\""optimistic about technological progress\"": 72\n}""]",,9.57712197303772,19514,512,553,,[],['resp_0e4ed740854bb72f0069a815fd99a88196845f11bef2aca276'],True
c8b324e8_batch1,"[""{\n  \""optimistic about technological progress\"": 72,\n  \""institutionalist\"": 94\n}""]",,7.796432971954346,19513,576,625,,[],['resp_0e922195ea3a6a0c0069a8160082188198bbaf6a7fcd8a35c9'],True
c4b4b911_batch1,"[""{\n  \""institutionalist\"": 82,\n  \""optimistic about technological progress\"": 70\n}""]",,6.656866788864136,9391,384,458,,[],['resp_07bbc917b47a9f120069a8160271f8819b8dffa94250e31095'],True
713c3651_batch1,"[""{\n\t\""optimistic about technological progress\"": 40,\n\t\""institutionalist\"": 92\n}""]",,6.349238157272339,4549,320,371,,[],['resp_06cc87b25fcbf1c70069a8160429388193abced54839268f6f'],True
f95717ed_batch1,"[""{\n  \""institutionalist\"": 90,\n  \""optimistic about technological progress\"": 93\n}""]",,7.626475095748901,20328,384,435,,[],['resp_0add85c38071bb9a0069a81605ee1881909757a580ab24a270'],True
68877c03_batch1,"[""{\n\t\""institutionalist\"": 92,\n\t\""optimistic about technological progress\"": 65\n}""]",,5.973358154296875,6713,320,389,,[],['resp_09d3a3979867cde40069a816091edc8199a5f34ffeb82eadea'],True
bf60c49f_batch1,"[""{\n\t\""optimistic about technological progress\"": 40,\n\t\""institutionalist\"": 90\n}""]",,5.765875816345215,5898,320,356,,[],['resp_016c26a183060aa30069a8160a7c5c819b99b75cc91656eefb'],True
7452c3c8_batch1,"[""{\n  \""institutionalist\"": 92,\n  \""optimistic about technological progress\"": 30\n}""]",,9.882760047912598,3624,320,356,,[],['resp_0402cadc55f7dad20069a816084c208194a9679e64b6c84752'],True
f11e590b_batch1,"[""{\n  \""institutionalist\"": 88,\n  \""optimistic about technological progress\"": 94\n}""]",,7.269357919692993,20588,320,360,,[],['resp_0a344ff72b50d1810069a8160ba6388190bb5773dac90008cd'],True
323c5b64_batch1,"[""{\n\t\""optimistic about technological progress\"": 18,\n\t\""institutionalist\"": 92\n}""]",,6.017147064208984,7090,384,454,,[],['resp_0e9bf9b8bff516520069a8160d6078819593dc5a3f1db8c174'],True
6f6a5ec2_batch1,"[""{\n  \""optimistic about technological progress\"": 75,\n  \""institutionalist\"": 90\n}""]",,5.45162296295166,7797,320,370,,[],['resp_01329abfb84dd5480069a816106cc48195a695ab3229399a42'],True
580a0acf_batch1,"[""{\n  \""institutionalist\"": 90,\n  \""optimistic about technological progress\"": 75\n}""]",,7.158237934112549,7137,384,454,,[],['resp_05bb4d398170d7280069a8160f197c819bbd84009ad19bcf7c'],True
8ebe67aa_batch1,"[""{\n\t\""optimistic about technological progress\"": 30,\n\t\""institutionalist\"": 90\n}""]",,9.524343013763428,4999,448,518,,[],['resp_04f346f98e5c61ba0069a816104cb8819a97d4c6002a20761b'],True
cba4ffd2_batch1,"[""{\n  \""optimistic about technological progress\"": 58,\n  \""institutionalist\"": 95\n}""]",,9.52754807472229,14637,448,497,,[],['resp_0ddffb8aac431d970069a81612557c819489d95f57530049c2'],True
9f879aad_batch1,"[""{\n\t\""optimistic about technological progress\"": 78,\n\t\""institutionalist\"": 90\n}""]",,8.509748935699463,9837,512,597,,[],['resp_0548a377ce4aecb60069a816151bc88190ab5d14e5b8dba5cf'],True
4255acdc_batch1,"[""{\n  \""optimistic about technological progress\"": 68,\n  \""institutionalist\"": 92\n}""]",,10.679830074310303,8325,512,598,,[],['resp_07c361416ba76eb30069a8161380308197a1673f456e8ce90f'],True
7f6f5de4_batch1,"[""{\n  \""optimistic about technological progress\"": 45,\n  \""institutionalist\"": 92\n}""]",,8.303352117538452,8182,384,441,,[],['resp_071f2f7a76f4bb110069a8161645cc8197ba71ee870e8b2062'],True
a61e6800_batch1,"[""{\n\t\""optimistic about technological progress\"": 80,\n\t\""institutionalist\"": 92\n}""]",,8.641302824020386,10610,512,582,,[],['resp_093d867cce2dcf5c0069a81617dde48198b6332711a88ef514'],True
607b82f7_batch1,"[""{\n\t\""optimistic about technological progress\"": 62,\n\t\""institutionalist\"": 90\n}""]",,7.853908061981201,12219,384,462,,[],['resp_0d1a9363be76dbfe0069a81619db308195aa43699cbec6375f'],True
586c898f_batch1,"[""{\n\t\""institutionalist\"": 92,\n\t\""optimistic about technological progress\"": 78\n}""]",,6.027280807495117,12991,320,405,,[],['resp_06f0863420d8730f0069a8161ba9f48196a3bf081e9f260a77'],True
78d6e57e_batch1,"[""{\n  \""optimistic about technological progress\"": 72,\n  \""institutionalist\"": 90\n}""]",,5.3709187507629395,5670,384,415,,[],['resp_00196eab6af943500069a8161cb36c819a80ae520d7f5b941a'],True
2b67ec5b_batch1,"[""{\n\t\""institutionalist\"": 88,\n\t\""optimistic about technological progress\"": 60\n}""]",,7.08066201210022,7190,384,433,,[],['resp_02d49bbdcfa4cc610069a8161ea9ac819382e69122a0ed7ea5'],True
3948dca9_batch1,"[""{\n  \""optimistic about technological progress\"": 46,\n  \""institutionalist\"": 92\n}""]",,8.706661939620972,5979,320,384,,[],['resp_03e6a43324f8ebd90069a8161e142c8197a5903de98cb83255'],True
b9c1e515_batch1,"[""{\n\t\""optimistic about technological progress\"": 72,\n\t\""institutionalist\"": 92\n}""]",,7.1746721267700195,3077,448,491,,[],['resp_05a5eb55be71cadf0069a816208d988199987bcd44adbd24da'],True
d3af98cc_batch1,"[""{\n\t\""optimistic about technological progress\"": 78,\n\t\""institutionalist\"": 92\n}""]",,7.774799108505249,13378,384,470,,[],['resp_050c469ed5b85df70069a81621416c81949b5734acdea11c8d'],True
eb2c91d6_batch1,"[""{\n  \""institutionalist\"": 88,\n  \""optimistic about technological progress\"": 55\n}""]",,6.749523878097534,4563,384,443,,[],['resp_055350d4c3ef67c60069a81622b518819b958951a1a01c267d'],True
27d18704_batch1,"[""{\n\t\""optimistic about technological progress\"": 5,\n\t\""institutionalist\"": 88\n}""]",,5.935985088348389,4984,320,354,,[],['resp_0c68fe8de089ce610069a8162390a48199a8b982b5250b7f5c'],True
e4df6ba0_batch1,"[""{\n\t\""institutionalist\"": 88,\n\t\""optimistic about technological progress\"": 62\n}""]",,8.308072090148926,3668,320,385,,[],['resp_06c499d144abdc630069a81627af7c819999e6d7d3d9481202'],True
17640b31_batch1,"[""{\n\t\""optimistic about technological progress\"": 25,\n\t\""institutionalist\"": 88\n}""]",,9.53973388671875,4907,384,430,,[],['resp_07933d40df62e67a0069a81625c7088198abc810e7483ed8f9'],True
8e19b8c3_batch1,"[""{\n\t\""optimistic about technological progress\"": 18,\n\t\""institutionalist\"": 92\n}""]",,6.2900919914245605,4994,320,375,,[],['resp_0f52c671b29c0ae10069a81629918c819ab0c5d678a9a75cf7'],True
c6e1ffce_batch1,"[""{\n\t\""institutionalist\"": 85,\n\t\""optimistic about technological progress\"": 18\n}""]",,14.05481505393982,4220,448,480,,[],['resp_02a905578c4ec48b0069a8162200f88198a973d7f0b890f829'],True
2a691a78_batch1,"[""{\n\t\""institutionalist\"": 90,\n\t\""optimistic about technological progress\"": 60\n}""]",,9.22639274597168,15546,576,650,,[],['resp_045272139e1d2de80069a81627879c8198bc8690f41a8b6ca6'],True
532fe112_batch1,"[""{\n\t\""institutionalist\"": 86,\n\t\""optimistic about technological progress\"": 78\n}""]",,10.580393075942993,5951,448,511,,[],['resp_0759d909552154d60069a8162855fc819aa71ff3f79c42314d'],True
a1759cb4_batch1,"[""{\n\t\""optimistic about technological progress\"": 52,\n\t\""institutionalist\"": 90\n}""]",,11.171247720718384,4365,576,661,,[],['resp_0789ef19d2987f140069a81629e9488199b8a9ec5459aebb17'],True
f7fd3766_batch1,"[""{\n\t\""optimistic about technological progress\"": 12,\n\t\""institutionalist\"": 88\n}""]",,7.321058034896851,5890,256,341,,[],['resp_0ff610ea653ee0930069a8162e962081998467b7de72930c86'],True
fd703cc3_batch1,"[""{\n\t\""optimistic about technological progress\"": 72,\n\t\""institutionalist\"": 88\n}""]",,6.468443870544434,6337,384,469,,[],['resp_0eb49544472afc580069a8162f74d8819abb952f0424c91a69'],True
242ad42f_batch1,"[""{\n\t\""institutionalist\"": 90,\n\t\""optimistic about technological progress\"": 60\n}""]",,5.300894260406494,7514,320,378,,[],['resp_0bdaa4f5d77ef9c10069a81630a2488197b4d05cdf4f748338'],True
cf7f5785_batch1,"[""{\n  \""institutionalist\"": 90,\n  \""optimistic about technological progress\"": 65\n}""]",,10.756173133850098,19693,448,508,,[],['resp_071d779ebd2d7c210069a8162db6908195a81edd402455465b'],True
57004c56_batch1,"[""{\n  \""optimistic about technological progress\"": 75,\n  \""institutionalist\"": 82\n}""]",,14.261912107467651,4708,512,577,,[],['resp_02de27f209520a3d0069a8162a954c819a91da8588e0cd24c7'],True
dca189d0_batch1,"[""{\n\t\""optimistic about technological progress\"": 78,\n\t\""institutionalist\"": 92\n}""]",,6.966960191726685,6679,448,475,,[],['resp_0c6404a06e1fc1e60069a816333d40819aa3556decb61c80df'],True
669ea930_batch1,"[""{\n\t\""optimistic about technological progress\"": 80,\n\t\""institutionalist\"": 90\n}""]",,6.642373085021973,5140,320,389,,[],['resp_05bf4bf677580f9f0069a81635047c819ba4ba0d7fb4cc8c34'],True
0824ac4d_batch1,"[""{\n\t\""institutionalist\"": 88,\n\t\""optimistic about technological progress\"": 82\n}""]",,10.44031572341919,10022,576,632,,[],['resp_0da537738fa9688b0069a81632327c81978f93c2e575a84cd5'],True
6fdd3a86_batch1,"[""{\n\t\""institutionalist\"": 85,\n\t\""optimistic about technological progress\"": 92\n}""]",,5.69278621673584,6314,320,402,,[],['resp_0884b94d16ab842b0069a81637a7508193903123f8c3fce128'],True
971c5d41_batch1,"[""{\n  \""institutionalist\"": 92,\n  \""optimistic about technological progress\"": 80\n}""]",,8.821027040481567,11892,320,399,,[],['resp_0f6ef318cc151aed0069a81635ea388199942560f8dac9e40e'],True
2f926b27_batch1,"[""{\n  \""optimistic about technological progress\"": 58,\n  \""institutionalist\"": 88\n}""]",,8.230303049087524,8585,448,527,,[],['resp_04fafeaa67c6c3510069a81639449081949f06fc17b0b2f365'],True
91fb5fd1_batch1,"[""{\n  \""optimistic about technological progress\"": 78,\n  \""institutionalist\"": 90\n}""]",,5.882918834686279,8984,320,386,,[],['resp_064329092bd16ecf0069a8163b8f4c81998057dc44f290a412'],True
8bc73971_batch1,"[""{\n  \""optimistic about technological progress\"": 68,\n  \""institutionalist\"": 95\n}""]",,9.165144205093384,7511,448,531,,[],['resp_07181fa0fd147fcd0069a8163a3a248199989622ca27924351'],True
3d8cd15c_batch1,"[""{\n\t\""institutionalist\"": 88,\n\t\""optimistic about technological progress\"": 34\n}""]",,8.748876094818115,2903,448,529,,[],['resp_07dfa72af3854c6c0069a8163c15c0819b8a6abc8e254f446f'],True
666d4a97_batch1,"[""{\n  \""institutionalist\"": 90,\n  \""optimistic about technological progress\"": 62\n}""]",,14.915117025375366,4469,640,675,,[],['resp_09a05d4b0facc3690069a81636a2dc8190b3ee18cf17d47d38'],True
4f77c8f4_batch1,"[""{\n\t\""institutionalist\"": 90,\n\t\""optimistic about technological progress\"": 62\n}""]",,8.58427095413208,5704,384,445,,[],['resp_03973e749626e9120069a8163d04a4819ba2dee2ef7ecb8000'],True
f67dc27a_batch1,"[""{\n\t\""optimistic about technological progress\"": 85,\n\t\""institutionalist\"": 92\n}""]",,7.897734880447388,6330,384,468,,[],['resp_0abb0b76a75638dc0069a8163e07b4819380a00cf9f2b706bb'],True
1995f65d_batch1,"[""{\n\t\""institutionalist\"": 90,\n\t\""optimistic about technological progress\"": 75\n}""]",,7.358529090881348,6933,384,464,,[],['resp_01d04188f394b29a0069a8163f22cc8195a4ba16b9ea485976'],True
c7eaed71_batch1,"[""{\n  \""institutionalist\"": 88,\n  \""optimistic about technological progress\"": 92\n}""]",,6.513038158416748,6287,384,429,,[],['resp_0ee455382ab428f60069a816422360819697ca84c1629d18aa'],True
5cbcb750_batch1,"[""{\n\t\""optimistic about technological progress\"": 88,\n\t\""institutionalist\"": 94\n}""]",,6.998265266418457,8018,384,437,,[],['resp_03752520f3ec9d4e0069a8164368fc819ab3a713f7bf258cce'],True
43987383_batch1,"[""{\n\t\""institutionalist\"": 92,\n\t\""optimistic about technological progress\"": 60\n}""]",,5.061772108078003,5342,256,329,,[],['resp_08397b0fc1dd671d0069a816459780819bbc5c4f10a89d2b68'],True
7a95e424_batch1,"[""{\n\t\""institutionalist\"": 90,\n\t\""optimistic about technological progress\"": 92\n}""]",,6.687777042388916,8420,384,442,,[],['resp_04d8a5720e5507cf0069a81644dc10819bbd0bdc225e7be225'],True
56d5c539_batch1,"[""{\n\t\""institutionalist\"": 88,\n\t\""optimistic about technological progress\"": 75\n}""]",,10.17900013923645,5319,320,376,,[],['resp_07f8f98fec7f28870069a8164148908195b581beebcf6f8a6f'],True
7093a206_batch1,"[""{\n  \""optimistic about technological progress\"": 88,\n  \""institutionalist\"": 94\n}""]",,12.958296060562134,7110,320,355,,[],['resp_0ac9585742d75dee0069a816406264819a9a63da6509a835a4'],True
03b8d835_batch1,"[""{\n\t\""optimistic about technological progress\"": 78,\n\t\""institutionalist\"": 90\n}""]",,5.110538959503174,6419,256,310,,[],['resp_01403bbbdafa72bb0069a8164932dc8198a680295e811f62bb'],True
bf6d8d1e_batch1,"[""{\n  \""institutionalist\"": 92,\n  \""optimistic about technological progress\"": 80\n}""]",,10.021030187606812,4330,576,633,,[],['resp_0bab56586cc505990069a81646524c8199a143094c24321dfb'],True
f11b7b4d_batch1,"[""{\n\t\""optimistic about technological progress\"": 92,\n\t\""institutionalist\"": 88\n}""]",,8.348030805587769,6666,384,445,,[],['resp_0e7e9b03c936d7910069a816482960819b858cf58a55686686'],True
dccf037e_batch1,"[""{\n\t\""institutionalist\"": 88,\n\t\""optimistic about technological progress\"": 62\n}""]",,11.120070219039917,8904,384,455,,[],['resp_021bbeeaa5f6a0580069a8164ae3648199af02e63a26351606'],True
f5557a07_batch1,"[""{\n  \""optimistic about technological progress\"": 58,\n  \""institutionalist\"": 86\n}""]",,14.606346845626831,4533,512,546,,[],['resp_07e5a46162c5dfce0069a8164718d8819b9d1e1fe2befb2315'],True
97ce865d_batch1,"[""{\n  \""institutionalist\"": 88,\n  \""optimistic about technological progress\"": 30\n}""]",,9.430784702301025,5819,256,345,,[],['resp_09722ce82271115a0069a8164c46c8819986ce0a891298a5b4'],True
ee33962b_batch1,"[""{\n\t\""institutionalist\"": 88,\n\t\""optimistic about technological progress\"": 93\n}""]",,8.404209852218628,6404,384,465,,[],['resp_04ba4bf32422c67f0069a8164d4b848199bdd1b051c27049ac'],True
101cb9f8_batch1,"[""{\n\t\""institutionalist\"": 88,\n\t\""optimistic about technological progress\"": 58\n}""]",,10.375837087631226,4409,512,558,,[],['resp_0579765b245dcf720069a8164b530881938d25d2c580449f01'],True
ca5f5acc_batch1,"[""{\n  \""optimistic about technological progress\"": 88,\n  \""institutionalist\"": 92\n}""]",,6.304731845855713,7024,320,387,,[],['resp_0da2aa57a8dc73d80069a8164f7f8481909d0b9423755d3621'],True
5a355d49_batch1,"[""{\n  \""optimistic about technological progress\"": 30,\n  \""institutionalist\"": 88\n}""]",,7.61403489112854,6647,384,442,,[],['resp_0ba8f01844f1b17e0069a8164e5b3481958f9d8d876062ddf8'],True
e0c703ec_batch1,"[""{\n\t\""institutionalist\"": 92,\n\t\""optimistic about technological progress\"": 84\n}""]",,8.238041162490845,5040,448,488,,[],['resp_01142117a6038ecc0069a81650611c819bbe23ea08364e0f6b'],True
4ddf9602_batch1,"[""{\n\t\""institutionalist\"": 92,\n\t\""optimistic about technological progress\"": 90\n}""]",,6.700930118560791,10040,320,407,,[],['resp_0155ddf8c41efebd0069a81655c3c0819a854b9a654bf1a547'],True
5f61fd2e_batch1,"[""{\n  \""institutionalist\"": 88,\n  \""optimistic about technological progress\"": 82\n}""]",,7.383418798446655,14919,448,505,,[],['resp_0cf1a788aba0e45d0069a81655c5f081948ea18714794b8270'],True
50492a6c_batch1,"[""{\n  \""institutionalist\"": 85,\n  \""optimistic about technological progress\"": 78\n}""]",,7.900049209594727,6280,384,411,,[],['resp_0d90f5235e03eb030069a81655b094819bbd8152239075e7a1'],True
84200bdf_batch1,"[""{\n  \""institutionalist\"": 78,\n  \""optimistic about technological progress\"": 92\n}""]",,7.968055009841919,4682,384,435,,[],['resp_073310651054f1b50069a81655d8708199b62a3ec1c397f684'],True
f6f9290e_batch1,"[""{\n  \""optimistic about technological progress\"": 95,\n  \""institutionalist\"": 88\n}""]",,6.4409332275390625,5508,384,415,,[],['resp_0841c6d3f6f24aa50069a81658727c8195bfbb0ecac9c2ab78'],True
5f843aaf_batch1,"[""{\n  \""optimistic about technological progress\"": 86,\n  \""institutionalist\"": 90\n}""]",,9.001925230026245,5053,576,634,,[],['resp_0c61b4711f0fd1cf0069a81656b9d08190a5b6dc56163740f6'],True
ae78cacc_batch1,"[""{\n  \""optimistic about technological progress\"": 80,\n  \""institutionalist\"": 75\n}""]",,7.433960199356079,6577,448,519,,[],['resp_0fb2f83a0564f8000069a816597c248193a88343f955ef1cc3'],True
18eb1e73_batch1,"[""{\n\t\""optimistic about technological progress\"": 78,\n\t\""institutionalist\"": 86\n}""]",,9.663043022155762,5215,512,563,,[],['resp_03d125efc45bdc150069a816578948819b845112adb22d8b95'],True
40c260c4_batch1,"[""{\n  \""optimistic about technological progress\"": 75,\n  \""institutionalist\"": 90\n}""]",,8.797441720962524,7831,512,552,,[],['resp_05ed31d8794675980069a8165b0b5081969c0c38857bf7743d'],True
8cc73079_batch1,"[""{\n\t\""optimistic about technological progress\"": 85,\n\t\""institutionalist\"": 92\n}""]",,8.306936264038086,9105,448,520,,[],['resp_0d967129815ad5130069a8165c44dc8196a3edc292c7df90b5'],True
4f0e892f_batch1,"[""{\n  \""optimistic about technological progress\"": 88,\n  \""institutionalist\"": 78\n}""]",,8.746824979782104,6856,512,555,,[],['resp_0105f8d620fdc8860069a8165ea27c8198ab083cb7268b8f83'],True
fac8ada0_batch1,"[""{\n\t\""optimistic about technological progress\"": 92,\n\t\""institutionalist\"": 88\n}""]",,8.044126033782959,8451,448,496,,[],['resp_006c73480ffbd3330069a81660c58c8197bb0101aa3bb8748f'],True
47b43029_batch1,"[""{\n  \""optimistic about technological progress\"": 70,\n  \""institutionalist\"": 78\n}""]",,7.263445138931274,6553,448,503,,[],['resp_07641b37776501e30069a81661d2f48197a392929690cdf50a'],True
6b9e6a16_batch1,"[""{\n  \""institutionalist\"": 78,\n  \""optimistic about technological progress\"": 67\n}""]",,9.766088008880615,5040,512,573,,[],['resp_035f132940cf3a8c0069a8165fb42081988df9120d2c55c0f5'],True
a3645b78_batch1,"[""{\n  \""optimistic about technological progress\"": 80,\n  \""institutionalist\"": 88\n}""]",,13.011029958724976,9364,384,443,,[],['resp_07d6e227bb3b9dda0069a8165ea224819791590ec7023671a6'],True
df08d549_batch1,"[""{\n\t\""institutionalist\"": 88,\n\t\""optimistic about technological progress\"": 92\n}""]",,10.533769845962524,7150,320,402,,[],['resp_040a2281e9618cc30069a81662f528819795ae1b19a87b5447'],True
f9baae8d_batch1,"[""{\n  \""institutionalist\"": 82,\n  \""optimistic about technological progress\"": 88\n}""]",,9.43839693069458,6979,576,661,,[],['resp_0a7dedf0e21e1bd30069a81664169081978f4417cfb75497ee'],True
f2949a34_batch1,"[""{\n  \""optimistic about technological progress\"": 92,\n  \""institutionalist\"": 88\n}""]",,8.401831150054932,6689,448,504,,[],['resp_0bc4d7a9b99ab21a0069a8166524408193aaf323588847da0d'],True
e9469f3e_batch1,"[""{\n\t\""optimistic about technological progress\"": 74,\n\t\""institutionalist\"": 82\n}""]",,6.053849935531616,6368,256,341,,[],['resp_0101f35995e8dadb0069a816678d44819b8e977ac8ef54a86b'],True
0e735e8c_batch1,"[""{\n  \""optimistic about technological progress\"": 92,\n  \""institutionalist\"": 88\n}""]",,7.144259214401245,9073,320,372,,[],['resp_0b9a4deb0469886c0069a81666ace08190a1fde0562e026abd'],True
29e1f0bf_batch1,"[""{\n  \""institutionalist\"": 88,\n  \""optimistic about technological progress\"": 95\n}""]",,5.9265570640563965,8529,320,347,,[],['resp_043bade05e0e03030069a8166a9af0819a9e4df80461f8ab2a'],True
3f302efc_batch1,"[""{\n  \""institutionalist\"": 88,\n  \""optimistic about technological progress\"": 92\n}""]",,9.958631992340088,8599,576,648,,[],['resp_01b9243d4f3bba7f0069a816691f18819ab915ea8aa449bf14'],True
e5e52f41_batch1,"[""{\n  \""institutionalist\"": 90,\n  \""optimistic about technological progress\"": 92\n}""]",,6.770591974258423,8939,320,388,,[],['resp_0fcc2da693bccb6e0069a8166cd1a881939d4a3346ba6efb24'],True
661394b4_batch1,"[""{\n  \""optimistic about technological progress\"": 92,\n  \""institutionalist\"": 91\n}""]",,11.461647033691406,7585,448,493,,[],['resp_0ec8dece22b5cedb0069a8166b6c908190b7469ac902d64b6b'],True
06b84194_batch1,"[""{\n  \""optimistic about technological progress\"": 75,\n  \""institutionalist\"": 68\n}""]",,10.183402061462402,7343,576,627,,[],['resp_0cf16abff7cf2f340069a8166dfe9881979a8af5437ab04eab'],True
1169da90_batch1,"[""{\n  \""institutionalist\"": 90,\n  \""optimistic about technological progress\"": 95\n}""]",,5.338362693786621,8423,320,404,,[],['resp_05b4ceb8dd3d53bd0069a816731ed88193b7d2c9a85bd29cd9'],True
ebe5176c_batch1,"[""{\n\t\""institutionalist\"": 65,\n\t\""optimistic about technological progress\"": 60\n}""]",,9.256997108459473,7591,576,604,,[],['resp_0ffc3a6e55549b170069a81670798c819786a0280cb2361200'],True
728b7b1b_batch1,"[""{\n  \""institutionalist\"": 82,\n  \""optimistic about technological progress\"": 88\n}""]",,7.954810857772827,8427,448,483,,[],['resp_0da7f86e2a00335a0069a81671cc00819bb1a2b8c97e6bf528'],True
bf538732_batch1,"[""{\n  \""optimistic about technological progress\"": 86,\n  \""institutionalist\"": 72\n}""]",,12.829587936401367,8200,704,734,,[],['resp_0da3395a71481fd10069a8166f560c819099fb1bcf7eaca8ec'],True
ab04fa58_batch1,"[""{\n  \""institutionalist\"": 88,\n  \""optimistic about technological progress\"": 92\n}""]",,6.759271144866943,9885,320,395,,[],['resp_06db892a189e1c110069a81677a7988190bf60b370b878f56c'],True
af4761eb_batch1,"[""{\n  \""optimistic about technological progress\"": 92,\n  \""institutionalist\"": 86\n}""]",,10.20176100730896,8718,576,663,,[],['resp_0d6b0621dbed471d0069a8167479688193b6745a25861afcaf'],True
8487d8fe_batch1,"[""{\n  \""optimistic about technological progress\"": 65,\n  \""institutionalist\"": 88\n}""]",,6.961510181427002,11068,384,448,,[],['resp_0837d085b25d73420069a8167955548199b6f07869a4d8a05b'],True
e607b899_batch1,"[""{\n  \""optimistic about technological progress\"": 94,\n  \""institutionalist\"": 88\n}""]",,7.521119832992554,11221,320,349,,[],['resp_0b9a1fc9512ef04d0069a8167c673c8198ae354c0c9c141595'],True
55a4061a_batch1,"[""{\n  \""institutionalist\"": 90,\n  \""optimistic about technological progress\"": 82\n}""]",,8.78784990310669,11701,384,434,,[],['resp_0b5c2e1cf2954f0a0069a8167cc9f48197bee56683048ce7bf'],True
581bf642_batch1,"[""{\n  \""institutionalist\"": 90,\n  \""optimistic about technological progress\"": 66\n}""]",,7.103153944015503,14637,320,383,,[],['resp_0d108b19e18583ed0069a81682a33c819bb33f889af5f2e8e0'],True
d1072a4e_batch1,"[""{\n  \""optimistic about technological progress\"": 90,\n  \""institutionalist\"": 88\n}""]",,11.919252395629883,11945,384,469,,[],['resp_0b0f9e9264fb18d80069a8167e9bb0819bab8fcb15b8f2326a'],True
e317b9d4_batch1,"[""{\n  \""optimistic about technological progress\"": 40,\n  \""institutionalist\"": 90\n}""]",,6.1240129470825195,21705,320,404,,[],['resp_023a18529021d3ba0069a81688753881939bbf61ece7885366'],True
21d728f2_batch1,"[""{\n  \""institutionalist\"": 90,\n  \""optimistic about technological progress\"": 70\n}""]",,10.171101808547974,17541,512,569,,[],['resp_0e3ae1d345e643470069a816856538819bae1324665d4de4db'],True
ff2ae587_batch1,"[""{\n  \""optimistic about technological progress\"": 78,\n  \""institutionalist\"": 92\n}""]",,16.59474205970764,12196,448,509,,[],['resp_0f5e5caea974b4130069a816807228819b89c08c518c64a1a3'],True
920d6c54_batch1,"[""{\n  \""optimistic about technological progress\"": 86,\n  \""institutionalist\"": 93\n}""]",,7.268287897109985,22777,384,411,,[],['resp_0ffc9037d91e458c0069a8168bd80c8197ab903fe3646931d6'],True
094a9305_batch1,"[""{\n  \""optimistic about technological progress\"": 78,\n  \""institutionalist\"": 92\n}""]",,8.65083909034729,22727,320,383,,[],['resp_069e6804e068dc190069a8168f24c8819a8d81d36026405c99'],True
ac657cc2_batch1,"[""{\n\t\""optimistic about technological progress\"": 85,\n\t\""institutionalist\"": 92\n}""]",,33.96486496925354,10642,640,679,,[],['resp_0dc879754dc9ecd10069a816763eb08198a469edcb7df590d5'],True
79ea6f48_batch1,"[""{\n  \""institutionalist\"": 92,\n  \""optimistic about technological progress\"": 83\n}""]",,6.7008140087127686,23453,256,342,,[],['resp_01a391d55ce1f8ea0069a816929a708199ab0ce1f3114cf31c'],True
96be3758_batch1,"[""{\n  \""institutionalist\"": 92,\n  \""optimistic about technological progress\"": 82\n}""]",,7.788673162460327,23529,448,517,,[],['resp_08335f70b9a998fa0069a816963218819aacf83eac88b3f931'],True
73f82248_batch1,"[""{\n  \""institutionalist\"": 92,\n  \""optimistic about technological progress\"": 86\n}""]",,10.159446001052856,24717,384,415,,[],['resp_0fb194c148fcb7080069a81699b8708196875a87ede2f49287'],True
2e2e3041_batch1,"[""{\n  \""institutionalist\"": 92,\n  \""optimistic about technological progress\"": 93\n}""]",,8.608659982681274,25341,320,393,,[],['resp_0867dc83acf71d440069a816a1269081989d96f0652f61b79c'],True
3b77f34c_batch1,"[""{\n  \""institutionalist\"": 94,\n  \""optimistic about technological progress\"": 70\n}""]",,13.946343898773193,25265,640,692,,[],['resp_020ff5ed6daa65100069a8169d93808194aec22d4554075b75'],True
110a465d_batch1,"[""{\n  \""institutionalist\"": 90,\n  \""optimistic about technological progress\"": 82\n}""]",,9.465482234954834,27154,512,572,,[],['resp_0e48b2f1947dede20069a816a51c188193a25782cc93032449'],True
c3cfa36a_batch1,"[""{\n  \""institutionalist\"": 85,\n  \""optimistic about technological progress\"": 90\n}""]",,10.109431982040405,26533,448,522,,[],['resp_037a7e6c327d42540069a816a9651481939bcf8745aeae1f1d'],True
2f3e5188_batch1,"[""{\n  \""optimistic about technological progress\"": 62,\n  \""institutionalist\"": 92\n}""]",,11.145358085632324,27400,576,623,,[],['resp_0f991f0ccebe9e6d0069a816ad12ec81959a9882e29ee29f0c'],True
f1386e6e_batch1,"[""{\n  \""institutionalist\"": 92,\n  \""optimistic about technological progress\"": 78\n}""]",,6.890413045883179,27442,448,508,,[],['resp_0a864670530d45a10069a816b51b408198916cb87873fca65a'],True
2f3e5188_batch0,"[""{\n  \""supportive of rugged individualism\"": 70,\n  \""religious rhetoric\"": 5,\n  \""foreign policy focus\"": 85,\n  \""patriotic rhetoric\"": 80,\n  \""pro welfare state\"": 15,\n  \""anger towards other party\"": 5,\n  \""isolationist\"": 5,\n  \""populist\"": 72\n}""]",,16.620409727096558,27789,768,906,,[],['resp_08309013872ffc2e0069a816b108d48199b6533552d921c944'],True
1549e4b8_batch1,"[""{\n  \""institutionalist\"": 90,\n  \""optimistic about technological progress\"": 82\n}""]",,7.126537084579468,28735,320,381,,[],['resp_0eb53883f173d5730069a816bd8a34819b8dd743cb7f0746e2'],True
1549e4b8_batch0,"[""{\n  \""patriotic rhetoric\"": 86,\n  \""pro welfare state\"": 64,\n  \""isolationist\"": 4,\n  \""anger towards other party\"": 3,\n  \""supportive of rugged individualism\"": 22,\n  \""religious rhetoric\"": 10,\n  \""foreign policy focus\"": 92,\n  \""populist\"": 18\n}""]",,12.075529336929321,29124,576,698,,[],['resp_020b92e64bd8ee1a0069a816b946308198a2a51937867b28c4'],True
6eed37f6_batch1,"[""{\n  \""optimistic about technological progress\"": 82,\n  \""institutionalist\"": 92\n}""]",,8.116739749908447,28915,384,464,,[],['resp_0d0bb5b65572534a0069a816c1d650819b9883d69f4c95c554'],True
6eed37f6_batch0,"[""{\n  \""religious rhetoric\"": 30,\n  \""anger towards other party\"": 5,\n  \""isolationist\"": 10,\n  \""pro welfare state\"": 30,\n  \""patriotic rhetoric\"": 82,\n  \""supportive of rugged individualism\"": 62,\n  \""populist\"": 56,\n  \""foreign policy focus\"": 78\n}""]",,16.931784868240356,29304,640,788,,[],['resp_06e941ba22ddf39d0069a816c5dbf4819aa0a13905a30e4889'],True
47e2f193_batch0,"[""{\n  \""populist\"": 25,\n  \""anger towards other party\"": 5,\n  \""supportive of rugged individualism\"": 20,\n  \""isolationist\"": 5,\n  \""foreign policy focus\"": 85,\n  \""patriotic rhetoric\"": 65,\n  \""pro welfare state\"": 40,\n  \""religious rhetoric\"": 3\n}""]",,13.023828268051147,31497,640,759,,[],['resp_00a4d2bc52b8b0940069a816ca6b84819394e6ff323893fb08'],True
dd2a0120_batch1,"[""{\n  \""optimistic about technological progress\"": 90,\n  \""institutionalist\"": 92\n}""]",,7.971149206161499,31717,384,420,,[],['resp_0fa4d64cc576e1c00069a816d3b290819b99f0300f0983b74c'],True
47e2f193_batch1,"[""{\n  \""optimistic about technological progress\"": 74,\n  \""institutionalist\"": 90\n}""]",,15.0361328125,31108,640,690,,[],['resp_058cbea5281855e10069a816d013288193ad5e87454cc67afe'],True
30ae040c_batch1,"[""{\n  \""optimistic about technological progress\"": 88,\n  \""institutionalist\"": 92\n}""]",,9.091922998428345,39728,512,542,,[],['resp_0451943a9fe5860e0069a816d95d5881988d3e59c098a7dc2e'],True
a7456b2b_batch1,"[""{\n  \""institutionalist\"": 88,\n  \""optimistic about technological progress\"": 86\n}""]",,7.3563690185546875,40107,320,368,,[],['resp_05e1cc6b65d560be0069a816df3b44819a890fbd81de91fbd4'],True
